Symbol,Name,Last Sale,Net Change,% Change,Market Cap,Country,IPO Year,Volume,Sector,Industry
A,Agilent Technologies Inc. Common Stock,$121.87,3.62,3.061%,34440744373.00,United States,1999,4012115,Industrials,Biotechnology: Laboratory Analytical Instruments
AA,Alcoa Corporation Common Stock ,$65.62,-4.79,-6.803%,17314656725.00,United States,2016,10622317,Industrials,Aluminum
AACB,Artius II Acquisition Inc. Class A Ordinary Shares,$10.37,-0.02,-0.192%,0.00,United States,2025,176,,
AACBR,Artius II Acquisition Inc. Rights,$0.28,0.00,0.00%,0.00,United States,2025,152,,
AACBU,Artius II Acquisition Inc. Units,$10.53,0.00,0.00%,0.00,United States,2025,40,Finance,Blank Checks
AACG,ATA Creativity Global American Depositary Shares,$1.01,-0.02,-1.942%,43460297.00,China,2008,9610,Real Estate,Other Consumer Services
AACI,Armada Acquisition Corp. III Class A Ordinary Share,$9.89,0.01,0.101%,0.00,United States,2026,30071,,
AACIU,Armada Acquisition Corp. III Units,$10.01,0.02,0.20%,0.00,United States,2026,30414,Finance,Blank Checks
AACIW,Armada Acquisition Corp. III Warrant,$0.27,0.00,0.00%,0.00,United States,2026,8994,,
AACO,Abony Acquisition Corp. I Class A Ordinary Share,$9.86,-0.01,-0.101%,0.00,United States,2026,1565,,
AACOU,Abony Acquisition Corp. I Units,$9.97,0.02,0.201%,0.00,United States,2026,326,,
AACOW,Abony Acquisition Corp. I Warrants,$0.2999,0.0599,24.958%,0.00,United States,2026,126566,,
AACPU,Apogee Acquisition Corp Units,$10.055,-0.005,-0.05%,0.00,United States,2026,13614,Finance,Blank Checks
AAL,American Airlines Group Inc. Common Stock,$12.78,0.51,4.156%,8438692443.00,United States,,80423679,Consumer Discretionary,Air Freight/Delivery Services
AAME,Atlantic American Corporation Common Stock,$2.605,-0.005,-0.192%,53134779.00,United States,,19754,Finance,Life Insurance
AAMI,Acadian Asset Management Inc. Common Stock,$66.71,0.30,0.452%,2383052511.00,United Kingdom,2014,395112,Finance,Investment Managers
AAOI,Applied Optoelectronics Inc. Common Stock,$159.42,2.10,1.335%,12761198435.00,United States,2013,8695875,Technology,Semiconductors
AAON,AAON Inc. Common Stock,$93.98,2.50,2.733%,7691672054.00,United States,,2149372,Industrials,Industrial Machinery/Components
AAP,Advance Auto Parts Inc.,$57.49,0.83,1.465%,3468326168.00,United States,,1440143,Consumer Discretionary,Auto & Home Supply Stores
AAPG,Ascentage Pharma Group International American Depository Shares,$27.40,0.24,0.884%,2385626073.00,China,2025,1818,Health Care,Biotechnology: Pharmaceutical Preparations
AAPL,Apple Inc. Common Stock,$270.23,6.83,2.593%,3967284462200.00,United States,1980,61313966,Technology,Computer Manufacturing
AARD,Aardvark Therapeutics Inc. Common Stock,$5.23,0.24,4.81%,114097894.00,United States,2025,213948,Health Care,Biotechnology: Pharmaceutical Preparations
AAT,American Assets Trust Inc. Common Stock,$20.81,0.48,2.361%,1277545378.00,United States,2011,274432,Real Estate,Real Estate Investment Trusts
AAUC,Allied Gold Corporation Common Shares,$31.87,-0.04,-0.125%,4012433000.00,,2025,338394,,
AB,AllianceBernstein Holding L.P.  Units,$38.89,0.18,0.465%,3588939033.00,United States,,191987,Finance,Investment Managers
ABAT,American Battery Technology Company Common Stock,$3.40,0.19,5.919%,447811433.00,United States,,5287309,Basic Materials,Metal Mining
ABBV,AbbVie Inc. Common Stock,$208.38,-0.61,-0.292%,368574704119.00,United States,2012,8981407,Health Care,Biotechnology: Pharmaceutical Preparations
ABCB,Ameris Bancorp Common Stock,$85.28,2.65,3.207%,5821981940.00,United States,1994,1190546,Finance,Major Banks
ABCL,AbCellera Biologics Inc. Common Shares,$4.01,0.18,4.70%,1181608783.00,Canada,2020,4793364,Health Care,Biotechnology: Pharmaceutical Preparations
ABEO,Abeona Therapeutics Inc. Common Stock,$5.50,0.12,2.23%,313769627.00,United States,,917547,Health Care,Biotechnology: Pharmaceutical Preparations
ABEV,Ambev S.A. American Depositary Shares (Each representing 1 Common Share),$3.05,0.00,0.00%,48072998206.00,Brazil,2013,33408959,Consumer Staples,Beverages (Production/Distribution)
ABG,Asbury Automotive Group Inc Common Stock,$211.44,7.35,3.601%,4079887248.00,United States,2002,256884,Consumer Discretionary,Retail-Auto Dealers and Gas Stations
ABLV,Able View Global Inc. Class B Ordinary Shares,$0.74,0.16,27.586%,36548542.00,China,,14612219,Consumer Discretionary,Other Consumer Services
ABLVW,Able View Global Inc. Warrant,$0.0205,0.0042,25.767%,1012493.00,China,,487,Consumer Discretionary,Other Consumer Services
ABM,ABM Industries Incorporated Common Stock,$40.35,0.86,2.178%,2361799287.00,United States,,578330,Consumer Discretionary,Diversified Commercial Services
ABNB,Airbnb Inc. Class A Common Stock,$141.55,3.74,2.714%,86163460755.00,United States,2020,4056334,Consumer Discretionary,Diversified Commercial Services
ABOS,Acumen Pharmaceuticals Inc. Common Stock,$2.82,0.13,4.833%,203639978.00,United States,2021,441261,Health Care,Biotechnology: Biological Products (No Diagnostic Substances)
ABR,Arbor Realty Trust Common Stock,$8.01,0.12,1.521%,1546853681.00,United States,2004,2207182,Real Estate,Real Estate Investment Trusts
ABR^D,Arbor Realty Trust 6.375% Series D Cumulative Redeemable Preferred Stock Liquidation Preference $25.00 per Share,$16.89,-0.0089,-0.053%,,United States,,21136,,
ABR^E,Arbor Realty Trust 6.25% Series E Cumulative Redeemable Preferred Stock,$16.81,0.04,0.239%,,United States,,11360,,
ABR^F,Arbor Realty Trust 6.25% Series F Fixed-to-Floating Rate Cumulative Redeemable Preferred Stock Liquidation Preference $25.00 per share,$22.55,0.165,0.737%,,United States,,6885,,
ABSI,Absci Corporation Common Stock,$3.58,0.35,10.836%,547816122.00,United States,2021,6445714,Health Care,Biotechnology: Commercial Physical & Biological Resarch
ABT,Abbott Laboratories Common Stock,$96.81,1.34,1.404%,168609845536.00,United States,,17557622,Health Care,Biotechnology: Pharmaceutical Preparations
ABTC,American Bitcoin Corp. Class A Common Stock,$1.30,0.17,15.044%,1377004825.00,United States,2018,38873999,Technology,EDP Services
ABTS,Abits Group Inc Ordinary Shares,$1.53,0.34,28.571%,3626092.00,China,,388234,Technology,Computer Software: Programming Data Processing
ABUS,Arbutus Biopharma Corporation Common Stock,$4.72,0.04,0.855%,929555285.00,Canada,,1052599,Health Care,Biotechnology: Pharmaceutical Preparations
ABVC,ABVC BioPharma Inc. Common Stock,$1.32,0.09,7.317%,33581337.00,United States,,106523,Health Care,Biotechnology: Pharmaceutical Preparations
ABVE,Above Food Ingredients Inc. Common Stock,$1.00,0.0877,9.613%,51191848.00,Canada,,3154336,Consumer Staples,Packaged Foods
ABVEW,Above Food Ingredients Inc. Warrants,$0.305,0.0545,21.756%,15613514.00,Canada,,26061,Consumer Staples,Packaged Foods
ABVX,Abivax SA American Depositary Shares,$120.16,-2.31,-1.886%,9514888826.00,France,2023,1178908,Health Care,Biotechnology: Pharmaceutical Preparations
ABX,Abacus Global Management Inc. Class A Common Stock,$9.26,0.40,4.515%,893980355.00,United States,,638817,Finance,Investment Managers
ABXL,Abacus Global Management Inc. 9.875% Fixed Rate Senior Notes due 2028,$25.72,-0.01,-0.039%,0.00,United States,,1270,,
ACA,Arcosa Inc. Common Stock ,$114.48,3.69,3.331%,5620805324.00,United States,2018,480456,Industrials,Metal Fabrications
ACAA,Averin Capital Acquisition Corp. Class A Ordinary Shares,$9.891,-0.049,-0.493%,0.00,United States,2026,327,Finance,Blank Checks
ACAAU,Averin Capital Acquisition Corp. Units,$10.02,0.00,0.00%,0.00,United States,2026,11128,Finance,Blank Checks
ACAAW,Averin Capital Acquisition Corp. Warrants,$0.4499,-0.0001,-0.022%,0.00,United States,2026,156600,Finance,Blank Checks
ACAD,ACADIA Pharmaceuticals Inc. Common Stock,$22.17,0.92,4.329%,3779865570.00,United States,1985,8552599,Health Care,Biotechnology: Pharmaceutical Preparations
ACB,Aurora Cannabis Inc. Common Shares,$3.66,0.05,1.385%,207556492.00,Canada,,777279,Health Care, Medicinal Chemicals and Botanical Products 
ACCL,Acco Group Holdings Limited Class A Ordinary Shares,$1.42,-0.11,-7.19%,19738000.00,Hong Kong,2025,49080,Consumer Discretionary,Professional Services
ACCO,Acco Brands Corporation Common Stock,$3.35,0.11,3.395%,309063610.00,United States,,749365,Consumer Discretionary,Publishing
ACCS,ACCESS Newswire Inc. Common Stock,$8.4039,0.0539,0.646%,32432423.00,United States,,3979,Consumer Discretionary,Publishing
ACDC,ProFrac Holding Corp. Class A Common Stock,$5.93,-0.28,-4.509%,1072860065.00,United States,2022,1675488,Energy,Oilfield Services/Equipment
ACEL,Accel Entertainment Inc. ,$12.00,0.26,2.215%,978879000.00,United States,2017,197043,Consumer Discretionary,Services-Misc. Amusement & Recreation
ACET,Adicet Bio Inc. Common Stock,$8.22,0.17,2.112%,78882466.00,United States,2018,185959,Health Care,Biotechnology: Pharmaceutical Preparations
ACFN,Acorn Energy Inc. Common Stock,$18.17,-0.44,-2.364%,45543123.00,United States,,4760,Consumer Discretionary,Military/Government/Technical
ACGCU,ACP Holdings Acquisition Corp. Units,$9.98,0.02,0.201%,0.00,United States,2026,1027324,Finance,Blank Checks
ACGL,Arch Capital Group Ltd. Common Stock,$97.59,0.49,0.505%,34768666553.00,Bermuda,,5186093,Finance,Property-Casualty Insurers
ACGLN,Arch Capital Group Ltd. Depositary Shares each Representing a 1/1000th Interest in a 4.550% Non-Cumulative Preferred Share Series G,$17.24,-0.03,-0.174%,6142143779.00,Bermuda,,33575,Finance,Property-Casualty Insurers
ACGLO,Arch Capital Group Ltd. Depositary Shares Each Representing 1/1000th Interest in a Share of 5.45% Non-Cumulative Preferred Shares Series F,$20.55,0.04,0.195%,7321406883.00,Bermuda,,23686,Finance,Property-Casualty Insurers
ACH,Accendra Health Inc. Common Stock,$3.36,0.03,0.901%,256831401.00,United States,,684333,Health Care,Medical Specialities
ACHC,Acadia Healthcare Company Inc. Common Stock,$27.00,0.11,0.409%,2484923886.00,United States,,3549696,Health Care,Medical Specialities
ACHR,Archer Aviation Inc. Class A Common Stock,$6.11,0.03,0.493%,4549132264.00,United States,2020,28225848,Industrials,Aerospace
ACHV,Achieve Life Sciences Inc. Common Shares,$5.10,0.29,6.029%,271523939.00,United States,,4211085,Health Care,Biotechnology: In Vitro & In Vivo Diagnostic Substances
ACI,Albertsons Companies Inc. Class A Common Stock,$16.70,0.33,2.016%,8582349121.00,United States,2020,14329214,Consumer Staples,Food Chains
ACIC,American Coastal Insurance Corporation Common Stock,$11.91,0.11,0.932%,575762879.00,United States,,167486,Finance,Property-Casualty Insurers
ACIU,AC Immune SA Common Stock,$3.01,-0.06,-1.954%,306338455.00,Switzerland,2016,265073,Health Care,Biotechnology: Pharmaceutical Preparations
ACIW,ACI Worldwide Inc. Common Stock,$44.47,1.67,3.902%,4523487555.00,United States,,1182927,Technology,Computer Software: Prepackaged Software
ACLS,Axcelis Technologies Inc. Common Stock,$118.73,-0.03,-0.025%,3648569338.00,United States,2000,450046,Technology,Industrial Machinery/Components
ACLX,Arcellx Inc. Common Stock,$115.05,-0.05,-0.043%,6728102371.00,United States,2022,479564,Health Care,Biotechnology: Biological Products (No Diagnostic Substances)
ACM,AECOM Common Stock,$86.61,0.98,1.144%,11197687725.00,United States,2007,875107,Consumer Discretionary,Military/Government/Technical
ACMR,ACM Research Inc. Class A Common Stock,$50.61,2.72,5.68%,3326473532.00,United States,2017,2154196,Technology,Industrial Machinery/Components
ACN,Accenture plc Class A Ordinary Shares (Ireland),$197.65,3.65,1.881%,131465324206.00,Ireland,2001,4501418,Real Estate,Real Estate
ACNB,ACNB Corporation Common Stock,$51.70,1.23,2.437%,535276053.00,United States,,96889,Finance,Major Banks
ACNT,Ascent Industries Co. Common Stock,$14.27,0.35,2.514%,131911138.00,United States,,86426,Industrials,Steel/Iron Ore
ACOG,Alpha Cognition Inc. Common Stock,$6.94,0.29,4.361%,150890202.00,Canada,,62308,,
ACON,Aclarion Inc. Common Stock,$3.39,0.07,2.108%,7737238.00,United States,2022,68974,Health Care,Medical Specialities
ACONW,Aclarion Inc. Warrant,$0.0422,0.00,0.00%,96316.00,United States,2022,4045,Health Care,Medical Specialities
ACP,abrdn Income Credit Strategies Fund Common Shares,$5.40,-0.01,-0.185%,0.00,United States,2011,774137,Finance,Investment Managers
ACP^A,abrdn Income Credit Strategies Fund 5.250% Series A Perpetual Preferred Stock,$20.13,-0.06,-0.297%,,United States,,4188,,
ACR,ACRES Commercial Realty Corp. Common Stock,$20.40,0.55,2.771%,145474460.00,United States,,20893,Real Estate,Real Estate Investment Trusts
ACR^C,ACRES Commercial Realty Corp. 8.625% Fixed-to-Floating Series C Cumulative Redeemable Preferred Stock ,$24.86,-0.025,-0.10%,,United States,,2677,,
ACR^D,ACRES Commercial Realty Corp. 7.875% Series D Cumulative Redeemable Preferred Stock,$21.7272,0.2472,1.151%,,United States,,2666,,
ACRE,Ares Commercial Real Estate Corporation Common Stock,$5.30,0.15,2.913%,293448662.00,United States,2012,430851,Real Estate,Real Estate Investment Trusts
ACRS,Aclaris Therapeutics Inc. Common Stock,$4.25,0.27,6.784%,512529553.00,United States,2015,1091297,Health Care,Biotechnology: Pharmaceutical Preparations
ACRV,Acrivon Therapeutics Inc. Common Stock,$1.78,0.11,6.587%,68965114.00,United States,2022,587153,Health Care,Biotechnology: Pharmaceutical Preparations
ACT,Enact Holdings Inc. Common Stock,$42.89,1.06,2.534%,6055497863.00,United States,2021,289850,Finance,Specialty Insurers
ACTG,Acacia Research Corporation (Acacia Tech) Common Stock,$5.02,0.03,0.601%,484306854.00,United States,,269702,Miscellaneous,Multi-Sector Companies
ACTU,Actuate Therapeutics Inc. Common stock,$2.31,0.16,7.442%,54757836.00,United States,2024,66343,Health Care,Biotechnology: Pharmaceutical Preparations
ACU,Acme United Corporation. Common Stock,$46.03,1.07,2.38%,175292597.00,United States,1988,23375,Consumer Discretionary,Industrial Machinery/Components
ACV,Virtus Diversified Income & Convertible Fund Common Shares of Beneficial Interest,$25.51,-0.09,-0.352%,264358957.00,United States,2015,42066,Finance,Finance/Investors Services
ACVA,ACV Auctions Inc. Class A Common Stock,$5.02,0.16,3.292%,873839332.00,United States,2025,2731465,Real Estate,Real Estate
ACXP,Acurx Pharmaceuticals Inc. Common Stock,$2.38,-0.11,-4.418%,6794960.00,United States,2021,195799,Health Care,Biotechnology: Pharmaceutical Preparations
AD,Array Digital Infrastructure Inc. Common Shares,$50.11,0.65,1.314%,4330843390.00,United States,1988,111769,Telecommunications,Telecommunications Equipment
ADAC,American Drive Acquisition Company Class A Ordinary Shares,$9.91,0.01,0.101%,0.00,United States,2026,99208,,
ADACU,American Drive Acquisition Company Units,$10.00,0.01,0.10%,0.00,United States,2025,878,Finance,Blank Checks
ADACW,American Drive Acquisition Company Warrant,$0.30,0.00,0.00%,0.00,United States,2026,1247,,
ADAG,Adagene Inc. American Depositary Shares,$3.97,0.12,3.117%,188204178.00,China,2021,279058,Health Care,Biotechnology: Pharmaceutical Preparations
ADAM,Adamas Trust Inc. Common Stock,$7.88,0.26,3.412%,712937807.00,United States,,530619,Technology,Computer Software: Prepackaged Software
ADAMG,Adamas Trust Inc. 9.125% Senior Notes Due 2030,$24.955,0.0474,0.19%,0.00,United States,,15566,Real Estate,Real Estate Investment Trusts
ADAMH,Adamas Trust Inc. 9.875% Senior Notes Due 2030,$25.315,0.055,0.218%,0.00,United States,,20404,Real Estate,Real Estate Investment Trusts
ADAMI,Adamas Trust Inc. 9.125% Senior Notes Due 2029,$25.2436,0.0936,0.372%,2286551379.00,United States,,2368,Real Estate,Real Estate Investment Trusts
ADAML,Adamas Trust Inc. 6.875% Series F Fixed-to-Floating Rate Cumulative Redeemable Preferred Stock $0.01 par value per share,$23.835,0.035,0.147%,2156455918.00,United States,,19193,Real Estate,Real Estate Investment Trusts
ADAMM,Adamas Trust Inc. 7.875% Series E Fixed-to-Floating Rate Cumulative Redeemable Preferred Stock,$25.24,-0.055,-0.217%,2283572367.00,United States,,16863,Real Estate,Real Estate Investment Trusts
ADAMN,Adamas Trust Inc. 8.00% Series D Fixed-to-Floating Rate Cumulative Redeemable Preferred Stock,$22.80,-0.12,-0.524%,2062814975.00,United States,,3349,Real Estate,Real Estate Investment Trusts
ADAMO,Adamas Trust Inc. 9.250% Senior Notes Due 2031,$24.61,-0.0701,-0.284%,0.00,United States,,34068,Real Estate,Real Estate Investment Trusts
ADAMZ,Adamas Trust Inc. 7.000% Series G Cumulative Redeemable Preferred Stock $0.01 par value per share,$18.85,0.235,1.262%,1705441328.00,United States,,9262,Real Estate,Real Estate Investment Trusts
ADBE,Adobe Inc. Common Stock,$244.45,-3.705,-1.493%,98806690000.00,United States,1986,6171451,Technology,Computer Software: Prepackaged Software
ADC,Agree Realty Corporation Common Stock,$79.46,0.53,0.671%,9537448639.00,United States,,1529707,Real Estate,Real Estate Investment Trusts
ADC^A,Agree Realty Corporation Depositary Shares each representing 1/1000th of a 4.250% Series A Cumulative Redeemable Preferred Stock,$17.13,-0.03,-0.175%,,United States,,53152,,
ADCT,ADC Therapeutics SA Common Shares,$4.28,-0.10,-2.283%,544266696.00,Switzerland,2020,544610,Health Care,Biotechnology: Pharmaceutical Preparations
ADEA,Adeia Inc. Common Stock,$28.93,1.04,3.729%,3202658967.00,United States,2003,1145592,Technology,Computer Software: Prepackaged Software
ADGM,Adagio Medical Holdings Inc Common Stock,$1.55,0.07,4.73%,34426211.00,United States,,52501,Health Care,Medical/Dental Instruments
ADI,Analog Devices Inc. Common Stock,$371.45,17.65,4.989%,181343434118.00,United States,,5246324,Technology,Semiconductors
ADIL,Adial Pharmaceuticals Inc Common Stock,$1.63,0.01,0.617%,2327591.00,United States,2018,75970,Health Care,Biotechnology: Pharmaceutical Preparations
ADM,Archer-Daniels-Midland Company Common Stock,$67.04,-1.64,-2.388%,32306247504.00,United States,,4255987,Consumer Staples,Packaged Foods
ADMA,ADMA Biologics Inc Common Stock,$11.01,0.27,2.514%,2622132528.00,United States,,20228982,Health Care,Biotechnology: Biological Products (No Diagnostic Substances)
ADNT,Adient plc Ordinary Shares ,$21.79,1.08,5.215%,1706806407.00,United States,2016,1307562,Consumer Discretionary,Auto Parts:O.E.M.
ADP,Automatic Data Processing Inc. Common Stock,$200.47,0.08,0.04%,80718115651.00,United States,,2894712,Industrials,Diversified Commercial Services
ADPT,Adaptive Biotechnologies Corporation Common Stock,$14.47,0.39,2.77%,2228113188.00,United States,2019,1592933,Health Care,Biotechnology: Biological Products (No Diagnostic Substances)
ADSE,ADS-TEC ENERGY PLC Ordinary Shares,$11.6051,0.0451,0.39%,697728043.00,Ireland,,1114,Consumer Discretionary,Industrial Specialties
ADSEW,ADS-TEC ENERGY PLC Warrant,$0.5299,0.0049,0.933%,31858932.00,Ireland,,929,Consumer Discretionary,Industrial Specialties
ADSK,Autodesk Inc. Common Stock,$242.02,-1.14,-0.469%,51066220000.00,United States,,2550933,Technology,Computer Software: Prepackaged Software
ADT,ADT Inc. Common Stock,$7.27,0.18,2.539%,5823493320.00,United States,2018,6314119,Consumer Discretionary,Diversified Commercial Services
ADTN,ADTRAN Holdings Inc. Common Stock,$16.96,0.29,1.74%,1368641574.00,United States,1994,3685697,Utilities,Telecommunications Equipment
ADTX,Aditxt Inc. Common Stock,$0.4343,0.001,0.231%,374142.00,United States,2020,298578,Health Care,Biotechnology: Pharmaceutical Preparations
ADUR,Aduro Clean Technologies Inc. Common Stock,$11.23,-0.24,-2.092%,373722856.00,Canada,,256119,Industrials,Major Chemicals
ADUS,Addus HomeCare Corporation Common Stock,$94.32,0.99,1.061%,1746643321.00,United States,2009,241690,Health Care,Medical/Nursing Services
ADV,Advantage Solutions Inc. Class A Common Stock,$30.69,2.83,10.158%,402048453.00,United States,2019,73741,Real Estate,Real Estate
ADVB,Advanced Biomed Inc. Common Stock,$4.80,0.03,0.629%,6549773.00,Taiwan,2025,13958,Health Care,Medical Specialities
ADX,Adams Diversified Equity Fund Inc.,$23.98,0.19,0.799%,0.00,United States,,440188,Finance,Investment Managers
ADXN,Addex Therapeutics Ltd American Depositary Shares,$6.72,-0.09,-1.322%,10878786.00,Switzerland,,7871,Health Care,Biotechnology: Pharmaceutical Preparations
AEAQ,Activate Energy Acquisition Corp. Class A Ordinary Share,$9.94,0.03,0.303%,0.00,Cayman Islands,2026,15831,,
AEAQU,Activate Energy Acquisition Corp. Unit,$10.08,0.00,0.00%,0.00,Cayman Islands,2025,37,,
AEAQW,Activate Energy Acquisition Corp. Warrant,$0.30,0.00,0.00%,0.00,Cayman Islands,2026,5,,
AEBI,Aebi Schmidt Holding AG Common Stock ,$11.85,0.37,3.223%,919552700.00,Switzerland,,259590,Industrials,Auto Manufacturing
AEC,Anfield Energy Inc. Common Shares,$5.81,-0.18,-3.005%,105654711.00,Canada,,24286,Basic Materials,Metal Mining
AEE,Ameren Corporation Common Stock,$112.71,0.43,0.383%,31181584313.00,United States,,1739603,Utilities,Power Generation
AEF,abrdn Emerging Markets ex-China Fund Inc. Common Stock,$9.04,0.49,5.731%,970557000.00,United States,,728909,Finance,Finance/Investors Services
AEFC,Aegon Funding Company LLC 5.10% Subordinated Notes due 2049,$19.93,0.11,0.555%,0.00,United States,2019,16646,,
AEG,Aegon Ltd. New York Registry Shares,$8.11,0.08,0.996%,15481588636.00,Netherlands,,5919332,Finance,Life Insurance
AEHL,Antelope Enterprise Holdings Limited Class A Ordinary Shares,$0.7448,0.0048,0.649%,3521028.00,China,,503656,Industrials,Building Materials
AEHR,Aehr Test Systems Common Stock,$83.86,3.01,3.723%,2692246304.00,United States,1997,3899239,Industrials,Electrical Products
AEI,Alset Inc. Common Stock (TX),$1.76,-0.055,-3.03%,68456661.00,United States,2020,10582,Finance,Real Estate
AEIS,Advanced Energy Industries Inc. Common Stock,$375.60,3.37,0.905%,14215823358.00,United States,1995,663042,Technology,Industrial Machinery/Components
AEM,Agnico Eagle Mines Limited Common Stock,$220.10,5.17,2.405%,110267780806.00,Canada,,2099176,Basic Materials,Precious Metals
AEMD,Aethlon Medical Inc. Common Stock,$2.34,0.02,0.862%,3077357.00,United States,,12006,Health Care,Medical/Dental Instruments
AENT,Alliance Entertainment Holding Corporation Class A Common Stock,$7.12,0.19,2.742%,362816474.00,United States,,10443,Consumer Discretionary,Durable Goods
AENTW,Alliance Entertainment Holding Corporation Warrant,$0.5944,0.0344,6.143%,30289061.00,United States,,10675,Consumer Discretionary,Durable Goods
AEO,American Eagle Outfitters Inc. Common Stock,$19.42,0.25,1.304%,3236821975.00,United States,,4021502,Consumer Discretionary,Clothing/Shoe/Accessory Stores
AEON,AEON Biopharma Inc. Class A Common Stock,$1.02,0.032,3.239%,25809119.00,United States,,190276,Health Care,Biotechnology: Pharmaceutical Preparations
AEP,American Electric Power Company Inc. Common Stock,$133.66,-0.90,-0.669%,72652694737.00,United States,,2869798,Utilities,Electric Utilities: Central
AER,AerCap Holdings N.V. Ordinary Shares,$147.45,4.99,3.503%,26399999316.00,Netherlands,2006,1710147,Consumer Discretionary,Diversified Commercial Services
AERO,Grupo Aeromexico S.A.B. de C.V. American Depositary Shares (each representing ten (10) Common Shares),$16.29,0.86,5.574%,2376766533.00,,2025,952797,Consumer Discretionary,Air Freight/Delivery Services
AERT,Aeries Technology Inc. Class A Ordinary Share,$0.5736,-0.0065,-1.12%,28800294.00,United States,2021,261124,Consumer Discretionary,Professional Services
AERTW,Aeries Technology Inc. Warrant,$0.02,-0.0014,-6.542%,1004194.00,United States,2021,11489,Consumer Discretionary,Professional Services
AES,The AES Corporation Common Stock,$14.47,-0.03,-0.207%,10318146385.00,United States,,9377221,Utilities,Electric Utilities: Central
AESI,Atlas Energy Solutions Inc. Common Stock,$13.29,-0.15,-1.116%,1659484463.00,United States,2023,5963412,Industrials,Mining & Quarrying of Nonmetallic Minerals (No Fuels)
AEVA,Aeva Technologies Inc. Common Stock,$15.73,0.97,6.572%,990167148.00,United States,,1511265,Consumer Discretionary,Auto Parts:O.E.M.
AEXA,American Exceptionalism Acquisition Corp. A Class A Ordinary Shares,$11.14,-0.06,-0.536%,0.00,,2025,76133,,
AEYE,AudioEye Inc. Common Stock,$7.11,0.07,0.994%,88846418.00,United States,,146668,Technology,Computer Software: Prepackaged Software
AFB,AllianceBernstein National Municipal Income Fund Inc,$10.94,0.05,0.459%,0.00,United States,2002,114592,Finance,Trusts Except Educational Religious and Charitable
AFBI,Affinity Bancshares Inc. Common Stock (MD),$22.39,0.03,0.134%,136464475.00,United States,2017,19457,Finance,Banks
AFCG,Advanced Flower Capital Inc. Common Stock,$2.78,0.08,2.963%,65410186.00,United States,2021,148404,Finance,Real Estate
AFG,American Financial Group Inc. Common Stock,$131.46,0.93,0.712%,10922524341.00,United States,,489314,Finance,Property-Casualty Insurers
AFGB,American Financial Group Inc. 5.875% Subordinated Debentures due 2059,$21.08,0.04,0.19%,1751459099.00,United States,2019,2590,Finance,Property-Casualty Insurers
AFGC,American Financial Group Inc. 5.125% Subordinated Debentures due 2059,$18.88,0.13,0.693%,1568669250.00,United States,2019,3716,Finance,Property-Casualty Insurers
AFGD,American Financial Group Inc. 5.625% Subordinated Debentures due 2060,$20.4847,0.1547,0.761%,1701997827.00,United States,2020,3769,Finance,Property-Casualty Insurers
AFGE,American Financial Group Inc. 4.500% Subordinated Debentures due 2060,$16.77,0.11,0.66%,1393357167.00,United States,2020,4792,Finance,Property-Casualty Insurers
AFJK,Aimei Health Technology Co. Ltd Ordinary Share,$45.31,-2.69,-5.604%,0.00,United States,2024,5636,,
AFJKR,Aimei Health Technology Co. Ltd Right,$0.26,-0.02,-7.143%,0.00,United States,2024,8610,,
AFJKU,Aimei Health Technology Co. Ltd Unit,$65.16,0.00,0.00%,0.00,United States,2023,2,,
AFL,AFLAC Incorporated Common Stock,$114.52,0.81,0.712%,59134629643.00,United States,,4906316,Finance,Accident &Health Insurance
AFRI,Forafric Global PLC Ordinary Shares,$9.68,-0.01,-0.103%,260407411.00,Gibraltar,,2829,Consumer Staples,Packaged Foods
AFRIW,Forafric Global PLC Warrants,$0.70,0.0614,9.615%,18831114.00,Gibraltar,,2142,Consumer Staples,Packaged Foods
AFRM,Affirm Holdings Inc. Class A Common Stock,$64.50,4.22,7.001%,21485636990.00,United States,2021,8900863,Finance,Finance: Consumer Services
AFYA,Afya Limited Class A Common Shares,$15.86,0.11,0.698%,1425301421.00,Brazil,2019,69616,Real Estate,Other Consumer Services
AG,First Majestic Silver Corp. Ordinary Shares (Canada),$21.49,0.44,2.09%,10597520341.00,Canada,,19962032,Basic Materials,Precious Metals
AGAE,Allied Gaming & Entertainment Inc. Common Stock,$0.69,0.1681,32.209%,26017782.00,United States,2017,47540069,Consumer Discretionary,Services-Misc. Amusement & Recreation
AGBK,AGI Inc Class A Common Shares,$7.80,0.52,7.143%,1247454546.00,,2026,489275,Finance,Commercial Banks
AGCC,Agencia Comercial Spirits Ltd Class A Ordinary Shares,$18.87,3.38,21.821%,643731180.00,Taiwan,2025,315355,Consumer Staples,Beverages (Production/Distribution)
AGCO,AGCO Corporation Common Stock,$118.60,3.31,2.871%,8587092340.00,United States,,625650,Industrials,Industrial Machinery/Components
AGD,abrdn Global Dynamic Dividend Fund Common Shares of Beneficial Interest,$12.25,0.27,2.254%,0.00,United States,2006,111437,Finance,Trusts Except Educational Religious and Charitable
AGEN,Agenus Inc. Common Stock,$4.79,0.15,3.233%,183928116.00,United States,2000,826533,Health Care,Biotechnology: Biological Products (No Diagnostic Substances)
AGH,Aureus Greenway Holdings Inc. Common Stock,$3.28,0.04,1.235%,66435357.00,United States,2025,447409,Consumer Discretionary,Hotels/Resorts
AGI,Alamos Gold Inc. Class A Common Shares,$49.35,0.98,2.026%,20721117332.00,Canada,2015,3208586,Basic Materials,Precious Metals
AGIG,Abundia Global Impact Group Inc. Common stock,$1.04,-0.04,-3.704%,45469839.00,United States,,411787,Energy,Oil & Gas Production
AGIO,Agios Pharmaceuticals Inc. Common Stock,$35.14,0.22,0.63%,2058928924.00,United States,2013,673185,Health Care,Biotechnology: Pharmaceutical Preparations
AGL,agilon health inc. Common Stock,$30.05,-0.89,-2.877%,499010090.00,United States,2021,429907,Health Care,Misc Health and Biotechnology Services
AGM,Federal Agricultural Mortgage Corporation Common Stock,$172.26,8.32,5.075%,1870223547.00,United States,,176504,Finance,Finance Companies
AGM^D,Federal Agricultural Mortgage Corporation 5.700% Non-Cumulative Preferred Stock Series D,$20.835,0.085,0.41%,,United States,,2131,,
AGM^E,Federal Agricultural Mortgage Corporation 5.750% Non-Cumulative Preferred Stock Series E,$21.20,0.0468,0.221%,,United States,,3391,,
AGM^F,Federal Agricultural Mortgage Corporation 5.250% Non-Cumulative Preferred Stock Series F,$19.32,0.10,0.52%,,United States,,19089,,
AGM^G,Federal Agricultural Mortgage Corporation 4.875% Non-Cumulative Preferred Stock Series G,$17.87,0.11,0.619%,,United States,,7891,,
AGM^H,Federal Agricultural Mortgage Corporation 6.500% Non-Cumulative Preferred Stock Series H,$24.32,0.12,0.496%,,United States,,29328,,
AGMB,AgomAb Therapeutics NV American Depositary Shares,$11.33,0.13,1.161%,552187706.00,Belgium,2026,295549,Health Care,Biotechnology: Biological Products (No Diagnostic Substances)
AGMH,AGM Group Holdings Inc. Class A Ordinary Shares,$0.87,-0.0799,-8.411%,3044070.00,Hong Kong,2018,210022,Technology,EDP Services
AGNC,AGNC Investment Corp. Common Stock,$10.90,0.34,3.22%,12085600303.00,United States,2008,20762425,Real Estate,Real Estate Investment Trusts
AGNCL,AGNC Investment Corp. Depositary Shares Each Representing a 1/1000th Interest in a Share of 7.75% Series G Fixed-Rate Reset Cumulative Redeemable Preferred Stock,$24.4972,0.1572,0.646%,27161776857.00,United States,,3997,Real Estate,Real Estate Investment Trusts
AGNCM,AGNC Investment Corp. Depositary Shares rep 6.875% Series D Fixed-to-Floating Cumulative Redeemable Preferred Stock,$24.61,0.03,0.122%,27286846189.00,United States,,3889,Real Estate,Real Estate Investment Trusts
AGNCN,AGNC Investment Corp. Depositary Shares Each Representing a 1/1000th Interest in a Share of 7.00% Series C Fixed-To-Floating Rate Cumulative Redeemable Preferred Stock,$25.45,0.01,0.039%,28218213552.00,United States,,33036,Real Estate,Real Estate Investment Trusts
AGNCO,AGNC Investment Corp. Depositary Shares each representing a 1/1000th interest in a share of 6.50% Series E Fixed-to-Floating Cumulative Redeemable Preferred Stock,$25.18,0.02,0.079%,27918845471.00,United States,,43037,Real Estate,Real Estate Investment Trusts
AGNCP,AGNC Investment Corp. Depositary Shares Each Representing a 1/1000th Interest in a Share of 6.125% Series F Fixed-to-Floating Rate Cumulative Redeemable Preferred Stock,$24.51,0.03,0.123%,27175969122.00,United States,,87568,Real Estate,Real Estate Investment Trusts
AGNCZ,AGNC Investment Corp. Depositary Shares Each Representing a 1/1000th Interest in a Share of 8.75% Series H Fixed-Rate Cumulative Redeemable Preferred Stock,$25.24,0.02,0.079%,27985371711.00,United States,,43685,,
AGO,Assured Guaranty Ltd. Common Stock,$84.80,1.80,2.169%,3804268090.00,Bermuda,2004,435718,Finance,Property-Casualty Insurers
AGPU,Axe Compute Inc. Common Stock,$3.52,-0.09,-2.493%,19498220.00,United States,,73520,Health Care,Industrial Specialties
AGRO,Adecoagro S.A. Common Shares,$12.47,-0.85,-6.381%,1764077915.00,Luxembourg,2011,2389603,Consumer Staples,Farming/Seeds/Milling
AGRZ,Agroz Inc. Ordinary Shares,$0.37,0.002,0.543%,7556689.00,Malaysia,2025,403895,Consumer Staples,Farming/Seeds/Milling
AGX,Argan Inc. Common Stock,$597.88,-3.95,-0.656%,8338011761.00,United States,,808591,Consumer Discretionary,Engineering & Construction
AGYS,Agilysys Inc. Common Stock (DE),$68.23,0.62,0.917%,1917825693.00,United States,,191475,Technology,EDP Services
AHCO,AdaptHealth Corp. Common Stock,$12.66,0.08,0.636%,1720681571.00,United States,2018,1348447,Health Care,Medical/Nursing Services
AHG,Akso Health Group ADS,$2.00,-0.13,-6.103%,1103722354.00,China,2017,193858,Real Estate,Real Estate
AHL^D,Aspen Insurance Holdings Limited 5.625% Perpetual Non-Cumulative Preference Shares,$21.20,0.53,2.564%,,Bermuda,,110823,,
AHL^E,Aspen Insurance Holdings Limited Depositary Shares each representing a 1/1000th interest in a share of 5.625% Perpetual Non-Cumulative Preference Shares,$21.14,0.62,3.021%,,Bermuda,,106613,,
AHL^F,Aspen Insurance Holdings Limited Depositary Shares each representing a 1/1000th Interest in a 7.00% Perpetual Non-Cumulative Preference Share,$24.59,0.38,1.57%,,Bermuda,,111893,,
AHMA,Ambitions Enterprise Management Co. L.L.C Class A Ordinary Shares,$1.27,0.01,0.794%,37465000.00,United Arab Emirates,2025,507797,Consumer Discretionary,Services-Misc. Amusement & Recreation
AHR,American Healthcare REIT Inc. Common Stock,$49.59,-0.99,-1.957%,9514842127.00,United States,2024,2648757,Real Estate,Real Estate Investment Trusts
AHRT,AH Realty Trust Inc. Common Stock,$6.05,0.10,1.681%,485068968.00,United States,2013,782753,Finance,Real Estate
AHRT^A,AH Realty Trust Inc. 6.75% Series A Cumulative Redeemable Perpetual Preferred Stock,$22.07,-0.22,-0.987%,,United States,,4312,,
AHT,Ashford Hospitality Trust Inc Common Stock,$3.06,0.09,3.03%,19818062.00,United States,2003,47883,Real Estate,Real Estate Investment Trusts
AHT^D,Ashford Hospitality Trust Inc 8.45% Series D Cumulative Preferred Stock,$8.2499,-0.1501,-1.787%,,United States,,2283,,
AHT^F,Ashford Hospitality Trust Inc 7.375% Series F Cumulative Preferred Stock,$7.2236,0.0536,0.748%,,United States,,9848,,
AHT^G,Ashford Hospitality Trust Inc 7.375% Series G Cumulative Preferred Stock,$7.00,0.21,3.093%,,United States,,14055,,
AHT^H,Ashford Hospitality Trust Inc 7.50% Series H Cumulative Preferred Stock,$6.97,0.00,0.00%,,United States,,13699,,
AHT^I,Ashford Hospitality Trust Inc 7.50% Series I Cumulative Preferred Stock,$6.89,-0.1701,-2.409%,,United States,,10243,,
AI,C3.ai Inc. Class A Common Stock,$9.24,-0.08,-0.858%,1342490891.00,United States,2020,5563211,Technology,Computer Software: Prepackaged Software
AIB,BlockchAIn Digital Infrastructure Inc Common Shares,$1.68,0.03,1.818%,63216834.00,,2026,634878,Finance,Investment Bankers/Brokers/Service
AIDX,20/20 Biolabs Inc. Common Stock,$1.78,0.06,3.488%,18654558.00,United States,,96517,Health Care,Precision Instruments
AIFF,Firefly Neuroscience Inc. Common Stock,$1.76,0.11,6.667%,26035812.00,United States,,820071,Technology,Computer Software: Prepackaged Software
AIFU,AIFU Inc. Class A Ordinary Share,$1.34,-0.12,-8.219%,165421807.00,China,2007,15995,Finance,Specialty Insurers
AIG,American International Group Inc. New Common Stock,$78.68,0.46,0.588%,42083317464.00,United States,,2667494,Finance,Life Insurance
AIHS,Senmiao Technology Limited Common Stock,$1.43,0.08,5.926%,6517209.00,China,2018,74783,Finance,Finance: Consumer Services
AII,American Integrity Insurance Group Inc. Common Stock,$19.62,0.70,3.70%,384140157.00,United States,2025,102326,Finance,Property-Casualty Insurers
AIIA,AI Infrastructure Acquisition Corp. Class A Ordinary Shares,$10.0445,0.00,0.00%,0.00,,2025,97,Finance,Blank Checks
AIIO,Robo.ai Inc. Class B Ordinary Shares,$0.6847,-0.0243,-3.427%,13423561.00,United Arab Emirates,,376118,Industrials,Auto Manufacturing
AIIOW,Robo.ai Inc. Warrant,$0.0146,0.0001,0.69%,286233.00,United Arab Emirates,,3024,Industrials,Auto Manufacturing
AIM,AIM ImmunoTech Inc. Common Stock,$0.5452,-0.0168,-2.989%,4460836.00,,,239986,Health Care,Biotechnology: Biological Products (No Diagnostic Substances)
AIMD,Ainos Inc. Common Stock,$1.97,0.31,18.675%,14314042.00,United States,,113250,Health Care,Biotechnology: Pharmaceutical Preparations
AIMDW,Ainos Inc. Warrants,$0.0849,-0.002,-2.301%,616884.00,United States,,4457,Health Care,Biotechnology: Pharmaceutical Preparations
AIN,Albany International Corporation Common Stock,$58.24,2.43,4.354%,1648385590.00,United States,,261435,Consumer Discretionary,Textiles
AIO,Virtus Artificial Intelligence & Technology Opportunities Fund Common Shares of Beneficial Interest,$24.00,0.24,1.01%,824183328.00,,2019,56197,Finance,Finance/Investors Services
AIOS,AIOS Tech Inc. Class A Common Shares,$0.5901,0.0235,4.148%,2831511.00,China,2016,18666,Industrials,Metal Fabrications
AIOT,PowerFleet Inc. Common Stock,$3.43,0.11,3.313%,460125160.00,United States,,1145100,Telecommunications,Telecommunications Equipment
AIP,Arteris Inc. Common Stock,$22.13,0.61,2.835%,1006190486.00,United States,2021,644890,Technology,Semiconductors
AIR,AAR Corp. Common Stock,$123.04,4.53,3.822%,4892595535.00,United States,,483895,Industrials,Aerospace
AIRE,reAlpha Tech Corp. Common Stock,$0.2954,0.01,3.504%,38949242.00,United States,,1260558,Finance,Real Estate
AIRG,Airgain Inc. Common Stock,$6.53,0.29,4.647%,79822015.00,United States,2016,98674,Technology,Radio And Television Broadcasting And Communications Equipment
AIRI,Air Industries Group Common Stock,$3.18,-0.04,-1.242%,15203752.00,United States,,63923,Industrials,Military/Government/Technical
AIRJ,AirJoule Technologies Corporation Class A Common Stock,$3.30,0.18,5.769%,225960042.00,United States,2022,437078,Industrials,Industrial Machinery/Components
AIRJW,AirJoule Technologies Corporation Warrant,$0.64,0.0156,2.498%,43822554.00,United States,2022,1140,Industrials,Industrial Machinery/Components
AIRO,AIRO Group Holdings Inc. Common Stock,$8.07,-0.58,-6.705%,253680184.00,United States,2025,806839,Industrials,Aerospace
AIRS,AirSculpt Technologies Inc. Common Stock,$2.56,-0.04,-1.538%,180596943.00,United States,2021,1284383,Health Care,Medical/Nursing Services
AIRT,Air T Inc. Common Stock,$22.25,0.00,0.00%,60133718.00,United States,,149,Consumer Discretionary,Air Freight/Delivery Services
AIRTP,Air T Inc. Air T Funding Alpha Income Trust Preferred Securities,$18.75,-0.07,-0.372%,50674481.00,United States,,2972,Consumer Discretionary,Air Freight/Delivery Services
AISP,Airship AI Holdings Inc. Class A Common Stock,$2.47,-0.06,-2.372%,84899240.00,United States,2021,558413,Technology,Computer Software: Prepackaged Software
AISPW,Airship AI Holdings Inc. Warrants,$0.7801,-0.0299,-3.691%,26813724.00,United States,2021,26319,Technology,Computer Software: Prepackaged Software
AIT,Applied Industrial Technologies Inc. Common Stock,$291.03,6.64,2.335%,10856129113.00,United States,,336098,Consumer Discretionary,Industrial Specialties
AIV,Apartment Investment and Management Company Common Stock,$4.24,0.06,1.435%,610010182.00,United States,1994,2000135,Real Estate,Real Estate Investment Trusts
AIXC,AIxCrypto Holdings Inc. Common Stock,$1.38,0.10,7.813%,27924290.00,United States,2015,75626,Health Care,Biotechnology: Pharmaceutical Preparations
AIXI,XIAO-I Corporation American Depositary Shares,$0.8705,-0.0797,-8.388%,10846722.00,China,2023,19158145,Technology,Computer Software: Prepackaged Software
AIZ,Assurant Inc. Common Stock,$227.76,3.11,1.384%,11320791668.00,United States,2004,226822,Finance,Property-Casualty Insurers
AIZN,Assurant Inc. 5.25% Subordinated Notes due 2061,$20.27,0.14,0.695%,1022808207.00,United States,2020,6749,Finance,Property-Casualty Insurers
AJG,Arthur J. Gallagher & Co. Common Stock,$221.61,-2.47,-1.102%,56928963420.00,United States,,1851383,Finance,Specialty Insurers
AKA,a.k.a. Brands Holding Corp. Common Stock,$10.76,0.42,4.062%,116409373.00,,2021,9368,Consumer Discretionary,Catalog/Specialty Distribution
AKAM,Akamai Technologies Inc. Common Stock,$95.89,-0.92,-0.95%,14117218073.00,United States,1999,5063545,Real Estate,Real Estate
AKAN,Akanda Corp. Common Shares,$3.54,0.25,7.599%,1891840.00,United Kingdom,2022,182742,Health Care, Medicinal Chemicals and Botanical Products 
AKBA,Akebia Therapeutics Inc. Common Stock,$1.405,0.055,4.074%,376397273.00,United States,2014,4034107,Health Care,Biotechnology: Pharmaceutical Preparations
AKO/A,Embotelladora Andina S.A.,$22.90,0.00,0.00%,,Chile,,274,,
AKO/B,Embotelladora Andina S.A.,$30.55,0.33,1.092%,,Chile,,3780,,
AKR,Acadia Realty Trust Common Stock,$21.73,0.46,2.163%,2848104620.00,United States,,873739,Real Estate,Real Estate Investment Trusts
AKTS,Aktis Oncology Inc. Common stock,$20.25,1.65,8.871%,1119339041.00,United States,2026,205266,Health Care,Biotechnology: Pharmaceutical Preparations
AKTX,Akari Therapeutics plc ADS,$5.80,0.68,13.281%,6638610.00,United Kingdom,,20281,Health Care,Biotechnology: Pharmaceutical Preparations
ALAB,Astera Labs Inc. Common Stock,$174.05,3.24,1.897%,29805457328.00,United States,2024,5161185,Technology,Semiconductors
ALAR,Alarum Technologies Ltd. American Depositary Share,$7.04,0.14,2.029%,51043316.00,Israel,2018,17215,Technology,Computer Software: Prepackaged Software
ALB,Albemarle Corporation Common Stock,$197.75,-17.87,-8.288%,23312131904.00,United States,,4157113,Industrials,Major Chemicals
ALB^A,Albemarle Corporation Depositary Shares each representing a 1/20th of 7.25% Series A Mandatory Convertible Preferred Stock,$78.86,-6.12,-7.202%,,United States,,479552,,
ALBT,Avalon GloboCare Corp. Common Stock,$0.449,0.034,8.193%,3737300.00,United States,,658694,Health Care,Biotechnology: Biological Products (No Diagnostic Substances)
ALC,Alcon Inc. Ordinary Shares,$81.32,1.77,2.225%,40635604000.00,Switzerland,2019,1316891,Health Care,Ophthalmic Goods
ALCO,Alico Inc. Common Stock,$43.18,0.24,0.559%,330613974.00,United States,,23536,,
ALCY,Alchemy Investments Acquisition Corp 1 Class A Ordinary Shares,$11.88,0.00,0.00%,0.00,United States,2023,243,Finance,Blank Checks
ALCYU,Alchemy Investments Acquisition Corp 1 Units,$13.50,0.00,0.00%,0.00,United States,2023,2,Finance,Blank Checks
ALCYW,Alchemy Investments Acquisition Corp 1 Warrants,$0.17,0.0397,30.468%,0.00,United States,2023,3505,Finance,Blank Checks
ALDF,Aldel Financial II Inc. Class A Ordinary Shares,$10.58,0.00,0.00%,0.00,United States,2024,1,,
ALDFW,Aldel Financial II Inc. Warrants,$0.32,0.00,0.00%,0.00,United States,2024,343,Finance,Blank Checks
ALDX,Aldeyra Therapeutics Inc. Common Stock,$1.80,0.00,0.00%,108329008.00,United States,2014,1292817,Health Care,Biotechnology: Pharmaceutical Preparations
ALEC,Alector Inc. Common Stock,$2.57,0.02,0.784%,283631833.00,United States,2019,343071,Health Care,Biotechnology: Biological Products (No Diagnostic Substances)
ALF,Centurion Acquisition Corp. Class A Ordinary Shares,$10.81,0.00,0.00%,0.00,United States,2024,22,,
ALFUW,Centurion Acquisition Corp. Warrant,$0.0997,0.00,0.00%,0.00,United States,2024,5,Finance,Blank Checks
ALG,Alamo Group Inc. Common Stock,$172.11,4.14,2.465%,2086195910.00,United States,,213275,Industrials,Industrial Machinery/Components
ALGM,Allegro MicroSystems Inc. Common Stock,$40.00,1.78,4.657%,7411634800.00,United States,2020,1568772,Technology,Semiconductors
ALGN,Align Technology Inc. Common Stock,$190.07,5.05,2.729%,13612295459.00,United States,2001,1025023,Health Care,Industrial Specialties
ALGS,Aligos Therapeutics Inc. Common Stock,$6.68,-0.98,-12.794%,41334551.00,United States,2020,825191,Health Care,Biotechnology: Biological Products (No Diagnostic Substances)
ALGT,Allegiant Travel Company Common Stock,$91.79,7.55,8.962%,1693373496.00,United States,2006,666353,Consumer Discretionary,Air Freight/Delivery Services
ALH,Alliance Laundry Holdings Inc. Common Stock,$25.19,0.72,2.942%,4986227875.00,United States,2025,1960866,Industrials,Industrial Machinery/Components
ALHC,Alignment Healthcare Inc. Common Stock,$21.22,0.40,1.921%,4335171581.00,United States,2021,2514942,Health Care,Medical Specialities
ALIS,Calisa Acquisition Corp Ordinary shares,$10.04,0.04,0.40%,0.00,United States,2025,8812,,
ALISR,Calisa Acquisition Corp Right,$0.52,-0.0055,-1.047%,0.00,United States,2025,2500,Finance,Blank Checks
ALISU,Calisa Acquisition Corp Units,$10.51,0.00,0.00%,0.00,United States,2025,2,,
ALIT,Alight Inc. Class A Common Stock,$0.6148,-0.0308,-4.771%,328612310.00,United States,2021,16842989,Real Estate,Real Estate
ALK,Alaska Air Group Inc. Common Stock,$45.40,4.25,10.328%,5144281173.00,United States,,8525005,Consumer Discretionary,Air Freight/Delivery Services
ALKS,Alkermes plc Ordinary Shares,$34.53,0.765,2.266%,5740706353.00,Ireland,1991,2228891,Health Care,Biotechnology: Pharmaceutical Preparations
ALKT,Alkami Technology Inc. Common Stock,$17.83,0.43,2.471%,1908112646.00,United States,2021,1876047,Technology,Computer Software: Prepackaged Software
ALL,Allstate Corporation (The) Common Stock,$216.16,2.29,1.071%,55818415762.00,United States,,1233607,Finance,Property-Casualty Insurers
ALL^B,Allstate Corporation (The) 5.100% Fixed-to-Floating Rate Subordinated Debentures due 2053,$25.84,-0.11,-0.424%,,United States,,14014,,
ALL^H,Allstate Corporation (The) Depositary Shares each representing a 1/1000th interest in a share of Fixed Rate Noncumulative Perpetual Preferred Stock Series H,$21.03,0.13,0.622%,,United States,,51962,,
ALL^I,Allstate Corporation (The) Depositary Shares each representing a 1/1000th interest in a share of Fixed Rate Noncumulative Perpetual Preferred Stock Series I,$19.42,-0.01,-0.051%,,United States,,42299,,
ALL^J,Allstate Corporation (The) Depositary Shares each representing a 1/1000th interest in a share of Fixed Rate Noncumulative Perpetual Preferred Stock Series J,$25.98,0.09,0.348%,,United States,,48384,,
ALLE,Allegion plc Ordinary Shares,$144.32,2.80,1.979%,12432516251.00,United States,2013,904389,Consumer Discretionary,Diversified Commercial Services
ALLO,Allogene Therapeutics Inc. Common Stock,$2.39,0.02,0.844%,582629229.00,United States,2018,11534322,Health Care,Biotechnology: Biological Products (No Diagnostic Substances)
ALLR,Allarity Therapeutics Inc. Common Stock,$1.23,-0.01,-0.806%,19457345.00,United States,,58998,Health Care,Biotechnology: Pharmaceutical Preparations
ALLT,Allot Ltd. Ordinary Shares,$7.25,0.13,1.826%,354692468.00,Israel,2006,346902,Telecommunications,Computer Communications Equipment
ALLY,Ally Financial Inc. Common Stock,$45.36,3.40,8.103%,13967171548.00,United States,2014,7595252,Finance,Major Banks
ALM,Almonty Industries Inc. Common Shares,$23.42,0.65,2.855%,6602993370.00,Canada,,6918219,Basic Materials,Other Metals and Minerals
ALMR,Alamar Biosciences Inc. Common Stock,$22.00,5.00,29.412%,0.00,United States,,4891959,,
ALMS,Alumis Inc. Common Stock,$24.99,-0.01,-0.04%,3178711332.00,United States,2024,1179216,Health Care,Biotechnology: Pharmaceutical Preparations
ALMU,Aeluma Inc. Common Stock,$16.12,-1.23,-7.089%,290207538.00,United States,,1949057,Technology,Semiconductors
ALNT,Allient Inc. Common Stock,$74.40,4.01,5.697%,1266146417.00,United States,,197427,Industrials,Electrical Products
ALNY,Alnylam Pharmaceuticals Inc. Common Stock,$309.66,-10.47,-3.271%,41317286611.00,United States,2004,1495136,Health Care,Biotechnology: Pharmaceutical Preparations
ALOT,AstroNova Inc. Common Stock,$13.35,0.47,3.649%,102699414.00,United States,1983,86141,Technology,Computer peripheral equipment
ALOV,Aldabra 4 Liquidity Opportunity Vehicle Inc. Class A Ordinary Shares,$9.88,-0.019,-0.192%,0.00,United States,2026,5211,,
ALOVU,Aldabra 4 Liquidity Opportunity Vehicle Inc. Units,$9.98,0.00,0.00%,0.00,United States,2026,54,Finance,Blank Checks
ALOVW,Aldabra 4 Liquidity Opportunity Vehicle Inc. Warrants,$0.34,-0.035,-9.333%,0.00,United States,2026,30702,,
ALOY,REalloys Inc. Common Stock,$11.37,-0.32,-2.737%,649545371.00,United States,,1556440,Technology,EDP Services
ALPS,ALPS Group Inc Ordinary Share,$0.998,-0.0019,-0.19%,166067525.00,Malaysia,,3390,,
ALRM,Alarm.com Holdings Inc. Common Stock,$46.51,0.91,1.996%,2309973009.00,United States,2015,397810,Technology,Computer Software: Prepackaged Software
ALRS,Alerus Financial Corporation Common Stock,$25.62,0.56,2.235%,654853118.00,United States,2019,171525,Finance,Major Banks
ALSN,Allison Transmission Holdings Inc. Common Stock,$128.50,2.80,2.228%,10682130342.00,United States,2012,589608,Consumer Discretionary,Auto Parts:O.E.M.
ALT,Altimmune Inc. Common Stock,$3.50,-0.01,-0.285%,455368120.00,United States,,2867692,Health Care,Biotechnology: Pharmaceutical Preparations
ALTG,Alta Equipment Group Inc. Class A Common Stock,$7.00,0.63,9.89%,227725190.00,United States,2019,187008,Industrials,Industrial Machinery/Components
ALTG^A,Alta Equipment Group Inc. Depositary Shares (each representing 1/1000th in a share of 10% Series A Cumulative Perpetual Preferred Stock),$24.92,0.00,0.00%,,United States,,5778,,
ALTI,AlTi Global Inc. Class A Common Stock,$3.76,0.07,1.897%,566531044.00,United States,2021,111345,Finance,Investment Managers
ALTO,Alto Ingredients Inc. Common Stock,$4.94,0.00,0.00%,381825187.00,United States,,1503340,Industrials,Major Chemicals
ALTS,ALT5 Sigma Corporation Common Stock,$0.9799,0.0232,2.425%,124610212.00,United States,,4927806,Finance,Finance: Consumer Services
ALUB,Alussa Energy Acquisition Corp. II Class A Ordinary Shares,$10.00,0.01,0.10%,0.00,,2026,25493,,
ALV,Autoliv Inc. Common Stock,$118.92,7.59,6.818%,8902613181.00,Sweden,,2657529,Consumer Discretionary,Auto Parts:O.E.M.
ALVO,Alvotech Ordinary Shares,$3.61,-0.01,-0.276%,1126494334.00,Luxembourg,,211837,Health Care,Biotechnology: Biological Products (No Diagnostic Substances)
ALX,Alexander's Inc. Common Stock,$252.15,8.41,3.45%,1287803174.00,United States,,41883,Real Estate,Real Estate Investment Trusts
ALXO,ALX Oncology Holdings Inc. Common Stock,$1.67,-0.01,-0.595%,219785824.00,United States,2020,1834781,Health Care,Biotechnology: Pharmaceutical Preparations
ALZN,Alzamend Neuro Inc. Common Stock,$1.12,0.12,12.00%,4261310.00,United States,2021,167090,Health Care,Biotechnology: Pharmaceutical Preparations
AM,Antero Midstream Corporation Common Stock,$21.29,0.05,0.235%,10071894490.00,United States,2017,2810690,Utilities,Natural Gas Distribution
AMAL,Amalgamated Financial Corp. Common Stock (DE),$43.50,1.50,3.571%,1298486354.00,United States,2018,160889,Finance,Major Banks
AMAT,Applied Materials Inc. Common Stock,$396.94,7.04,1.806%,315015500607.00,United States,1972,6013680,Technology,Semiconductors
AMBA,Ambarella Inc. Ordinary Shares,$58.23,0.91,1.588%,2549826424.00,United States,2012,951053,Technology,Semiconductors
AMBO,Ambow Education Holding Ltd. American Depository Shares (each representing twenty (20) Class A Ordinary Shares),$2.3005,0.0105,0.459%,6580171.00,China,,2644,Real Estate,Other Consumer Services
AMBP,Ardagh Metal Packaging S.A. Ordinary Shares,$4.20,0.08,1.942%,2510338261.00,,,1004594,Industrials,Containers/Packaging
AMBQ,Ambiq Micro Inc. Common Stock,$34.76,2.48,7.683%,739091139.00,United States,2025,764805,Technology,Semiconductors
AMBR,Amber International Holding Limited American Depositary Shares,$2.39,0.03,1.271%,223902191.00,Hong Kong,2017,57686,Finance,Finance: Consumer Services
AMC,AMC Entertainment Holdings Inc. Class A Common Stock,$1.86,0.25,15.528%,1084002885.00,United States,2013,87891927,Consumer Discretionary,Movies/Entertainment
AMCI,AMC Robotics Corporation Common Stock,$6.57,-0.16,-2.377%,148451673.00,United States,2023,36614,Consumer Discretionary,Home Furnishings
AMCR,Amcor plc Ordinary Shares,$41.94,1.76,4.38%,19378196239.00,United Kingdom,2019,5527359,Consumer Discretionary,Miscellaneous manufacturing industries
AMCX,AMC Global Media Inc. Class A Common Stock,$8.77,0.54,6.561%,374602490.00,United States,,385127,Telecommunications,Cable & Other Pay Television Services
AMD,Advanced Micro Devices Inc. Common Stock,$278.39,0.13,0.047%,453870012686.00,United States,,35440402,Technology,Semiconductors
AME,AMETEK Inc.,$236.26,6.02,2.615%,54118998256.00,United States,,1181891,Industrials,Industrial Machinery/Components
AMG,Affiliated Managers Group Inc. Common Stock,$294.98,-4.43,-1.48%,7871461655.00,United States,,588455,Finance,Investment Managers
AMGN,Amgen Inc. Common Stock,$355.30,5.91,1.692%,191750259216.00,United States,1983,3685861,Health Care,Biotechnology: Biological Products (No Diagnostic Substances)
AMH,American Homes 4 Rent Common Shares of Beneficial Interest,$30.69,0.73,2.437%,11164892672.00,United States,2013,1561246,Real Estate,Real Estate Investment Trusts
AMH^G,American Homes 4 Rent Series G cumulative redeemable perpetual preferred shares of beneficial interest,$22.96,0.00,0.00%,,United States,,1869,,
AMH^H,American Homes 4 Rent Series H cumulative redeemable perpetual Preferred Shares of Beneficial Interest,$23.80,0.08,0.337%,,United States,,5163,,
AMIX,Autonomix Medical Inc. Common Stock,$0.4058,-0.0031,-0.758%,4629912.00,United States,2024,151492,Health Care,Medical/Dental Instruments
AMKR,Amkor Technology Inc. Common Stock,$67.37,4.47,7.107%,16695043104.00,United States,1998,6151623,Technology,Semiconductors
AMLX,Amylyx Pharmaceuticals Inc. Common Stock,$18.36,0.63,3.553%,2029458292.00,United States,2022,1592310,Health Care,Biotechnology: Pharmaceutical Preparations
AMN,AMN Healthcare Services Inc,$20.19,-0.26,-1.271%,780469566.00,United States,,1145036,Consumer Discretionary,Professional Services
AMOD,Alpha Modus Holdings Inc. Class A Common Stock,$0.3796,-0.0034,-0.888%,19319859.00,United States,,280938,Miscellaneous,Multi-Sector Companies
AMODW,Alpha Modus Holdings Inc. Warrant,$0.0424,0.00,0.00%,2157961.00,United States,,6015,Miscellaneous,Multi-Sector Companies
AMP,Ameriprise Financial Inc. Common Stock,$456.20,-2.78,-0.606%,41372626998.00,United States,,1082419,Finance,Investment Managers
AMPG,Amplitech Group Inc. Common Stock,$2.04,0.03,1.493%,51675850.00,United States,,492091,Telecommunications,Telecommunications Equipment
AMPGR,Amplitech Group Inc. Series A Right,$0.0287,-0.0076,-20.937%,727008.00,United States,,30748,Telecommunications,Telecommunications Equipment
AMPGZ,Amplitech Group Inc. Series B Right,$0.098,-0.0019,-1.902%,2482467.00,United States,,3783,Telecommunications,Telecommunications Equipment
AMPH,Amphastar Pharmaceuticals Inc. Common Stock,$22.88,1.07,4.906%,1018960205.00,United States,2014,537854,Health Care,Biotechnology: Pharmaceutical Preparations
AMPL,Amplitude Inc. Class A Common Stock,$6.98,0.19,2.798%,933412296.00,United States,,1913098,Technology,Computer Software: Prepackaged Software
AMPX,Amprius Technologies Inc. Common Stock,$18.67,-0.46,-2.405%,2558144805.00,United States,2022,5229513,Miscellaneous,Industrial Machinery/Components
AMPY,Amplify Energy Corp. Common Stock,$5.29,-0.20,-3.643%,218292141.00,United States,2016,1044126,Energy,Oil & Gas Production
AMR,Alpha Metallurgical Resources Inc. Common Stock,$191.70,2.14,1.129%,2449707270.00,United States,2018,214118,Energy,Coal Mining
AMRC,Ameresco Inc. Class A Common Stock,$25.87,0.86,3.439%,1368007489.00,United States,2010,436868,Consumer Discretionary,Engineering & Construction
AMRN,Amarin Corporation plc,$14.98,0.26,1.766%,314175795.00,Ireland,,62852,Health Care,Biotechnology: Pharmaceutical Preparations
AMRX,Amneal Pharmaceuticals Inc. Class A Common Stock,$13.91,0.82,6.264%,4437276313.00,United States,,1854600,Health Care,Biotechnology: Pharmaceutical Preparations
AMRZ,Amrize Ltd Ordinary Shares,$57.70,0.52,0.909%,31934071982.00,Switzerland,2025,5231756,Industrials,Building Materials
AMS,American Shared Hospital Services Common Stock,$1.58,0.08,5.333%,10431160.00,United States,1988,977647,Health Care,Medical Specialities
AMSC,American Superconductor Corporation Common Stock,$39.72,1.75,4.609%,1891159960.00,United States,1991,1056337,Consumer Discretionary,Metal Fabrications
AMSF,AMERISAFE Inc. Common Stock,$34.00,0.48,1.432%,635928214.00,United States,2005,199473,Finance,Property-Casualty Insurers
AMST,Amesite Inc. Common Stock,$1.76,0.00,0.00%,8047975.00,United States,2020,17086,Technology,Computer Software: Prepackaged Software
AMT,American Tower Corporation (REIT) Common Stock,$182.36,3.76,2.105%,85047245600.00,United States,,4708584,Real Estate,Real Estate Investment Trusts
AMTB,Amerant Bancorp Inc. Class A Common Stock,$23.81,0.11,0.464%,957898824.00,United States,,683852,Finance,Major Banks
AMTD,AMTD IDEA Group American Depositary Shares each representing six (6) Class A Ordinary Shares,$1.04,0.03,2.97%,96556415.00,,,13569,Finance,Finance: Consumer Services
AMTM,Amentum Holdings Inc. Common Stock,$27.58,0.08,0.291%,6727732154.00,United States,2024,1836975,Real Estate,Real Estate
AMTX,Aemetis Inc. (DE) Common Stock,$2.27,-0.15,-6.198%,154690485.00,United States,,2193682,Industrials,Major Chemicals
AMWD,American Woodmark Corporation Common Stock,$43.25,2.02,4.899%,630134984.00,United States,1986,145840,Basic Materials,Forest Products
AMWL,American Well Corporation Class A Common Stock,$6.12,-0.07,-1.131%,101297065.00,United States,2020,58496,Real Estate,Real Estate
AMX,America Movil S.A.B. de C.V. American Depositary Shares (each representing the right to receive twenty (20) Series B Shares,$26.37,0.27,1.034%,80085690000.00,Mexico,2023,1117792,Telecommunications,Telecommunications Equipment
AMZE,Amaze Holdings Inc. Common Stock,$0.184,0.004,2.222%,7447069.00,,2021,2560472,Consumer Staples,Beverages (Production/Distribution)
AMZN,Amazon.com Inc. Common Stock,$250.56,0.86,0.344%,2694585330757.00,United States,1997,51895856,Consumer Discretionary,Catalog/Specialty Distribution
AN,AutoNation Inc. Common Stock,$207.99,9.70,4.892%,7139358041.00,United States,,332170,Consumer Discretionary,Retail-Auto Dealers and Gas Stations
ANAB,AnaptysBio Inc. Common Stock,$67.51,0.61,0.912%,1940794695.00,United States,2017,624016,Health Care,Biotechnology: Pharmaceutical Preparations
ANABV,AnaptysBio Inc. Common Stock When Issued,$43.80,0.80,1.86%,0.00,United States,,2077,Health Care,Biotechnology: Pharmaceutical Preparations
ANDE,Andersons Inc. (The) Common Stock,$72.11,1.10,1.549%,2455594640.00,United States,,569312,Industrials,Farming/Seeds/Milling
ANDG,Andersen Group Inc. Class A Common Stock,$33.52,0.28,0.842%,3736694392.00,,2025,338283,Real Estate,Real Estate
ANET,Arista Networks Inc. Common Stock,$164.23,3.22,2.00%,206361220302.00,United States,,8209606,Telecommunications,Computer Communications Equipment
ANF,Abercrombie & Fitch Company Common Stock,$94.36,1.47,1.583%,4239073272.00,United States,,1355409,Consumer Discretionary,Clothing/Shoe/Accessory Stores
ANG^D,American National Group Inc. Depositary Shares each representing a 1/1000th interest in a share of 7.375% Fixed-Rate Non-Cumulative Preferred Stock Series D,$24.86,0.06,0.242%,,United States,,9391,,
ANGH,Anghami Inc. Ordinary Shares,$3.93,-0.0013,-0.033%,35624994.00,United Arab Emirates,,1207,Consumer Discretionary,Telecommunications Equipment
ANGHW,Anghami Inc. Warrants,$0.0125,0.0035,38.889%,113311.00,United Arab Emirates,,12436,Consumer Discretionary,Telecommunications Equipment
ANGI,Angi Inc. Class A Common Stock,$7.40,0.13,1.788%,296775135.00,United States,,699443,Consumer Discretionary,Advertising
ANGO,AngioDynamics Inc. Common Stock,$10.86,0.40,3.824%,448723417.00,United States,2004,928340,Health Care,Medical/Dental Instruments
ANGX,Angel Studios Inc. Class A Common Stock,$2.62,0.12,4.80%,444973912.00,United States,2025,2412851,Consumer Discretionary,Movies/Entertainment
ANIK,Anika Therapeutics Inc. Common Stock,$16.00,0.61,3.964%,214412016.00,United States,,73415,Health Care,Medical/Dental Instruments
ANIP,ANI Pharmaceuticals Inc.,$80.92,2.85,3.651%,1817314955.00,United States,,552807,Health Care,Biotechnology: Pharmaceutical Preparations
ANIX,Anixa Biosciences Inc. Common Stock,$2.91,0.08,2.827%,97566067.00,United States,,91295,Health Care,Biotechnology: Pharmaceutical Preparations
ANL,Adlai Nortye Ltd. American Depositary Shares,$16.01,2.32,16.947%,849765828.00,Cayman Islands,2023,1386005,Health Care,Biotechnology: Pharmaceutical Preparations
ANNA,AleAnna Inc. Class A Common Stock,$3.64,-0.56,-13.333%,242621583.00,United States,,1296719,Energy,Oil & Gas Production
ANNAW,AleAnna Inc. Warrant,$0.38,-0.0614,-13.91%,25328627.00,United States,,275267,Energy,Oil & Gas Production
ANNX,Annexon Inc. Common Stock,$6.54,0.21,3.318%,1049502138.00,United States,2020,3001042,Health Care,Biotechnology: Pharmaceutical Preparations
ANPA,Rich Sparkle Holdings Limited Ordinary Shares,$8.39,-0.18,-2.10%,126703724.00,Hong Kong,2025,25393,Consumer Discretionary,Other Consumer Services
ANRO,Alto Neuroscience Inc. Common Stock,$27.72,1.66,6.37%,971661703.00,United States,2024,336946,Health Care,Biotechnology: Pharmaceutical Preparations
ANSC,Agriculture & Natural Solutions Acquisition Corporation Class A Ordinary Shares,$11.29,-0.04,-0.353%,0.00,United States,2024,6491,,
ANSCU,Agriculture & Natural Solutions Acquisition Corporation Unit,$11.50,0.00,0.00%,0.00,United States,2023,4,,
ANTA,Antalpha Platform Holding Company Class A Ordinary Shares,$9.30,-1.1499,-11.004%,223130399.00,Singapore,2025,4993,Finance,Investment Bankers/Brokers/Service
ANTX,AN2 Therapeutics Inc. Common Stock,$3.61,0.47,14.968%,129747714.00,United States,2022,506216,Health Care,Biotechnology: Pharmaceutical Preparations
ANVS,Annovis Bio Inc. Common Stock,$1.87,0.09,5.056%,54733473.00,United States,2020,1077987,Health Care,Biotechnology: Pharmaceutical Preparations
ANY,Sphere 3D Corp. Common Shares,$1.51,-0.01,-0.658%,5688300.00,Canada,,271640,Finance,Finance: Consumer Services
AOD,abrdn Total Dynamic Dividend Fund Common Shares of Beneficial Interest,$10.21,0.16,1.592%,0.00,United States,2007,615000,Finance,Investment Managers
AOMD,Angel Oak Mortgage REIT Inc. 9.750% Senior Notes due 2030,$25.605,0.225,0.887%,0.00,United States,2025,6641,Finance,Real Estate
AOMN,Angel Oak Mortgage REIT Inc. 9.500% Senior Notes due 2029,$25.10,0.03,0.12%,0.00,United States,2024,11969,Finance,Real Estate
AOMR,Angel Oak Mortgage REIT Inc. Common Stock,$9.16,0.26,2.921%,228218167.00,United States,2021,118231,Finance,Real Estate
AON,Aon plc Class A Ordinary Shares (Ireland),$331.80,-3.54,-1.056%,71089641773.00,United States,,1161363,Finance,Specialty Insurers
AORT,Artivion Inc. Common Stock,$37.72,0.98,2.667%,1829268856.00,United States,,417388,Health Care,Medical/Dental Instruments
AOS,A.O. Smith Corporation Common Stock,$64.82,1.54,2.434%,8963952420.00,United States,,2422692,Consumer Discretionary,Consumer Electronics/Appliances
AOSL,Alpha and Omega Semiconductor Limited Common Shares,$33.88,2.67,8.555%,1008296751.00,Bermuda,2010,1055925,Technology,Semiconductors
AOUT,American Outdoor Brands Inc. Common Stock ,$9.63,0.29,3.105%,121297169.00,United States,,37538,Consumer Discretionary,Recreational Games/Products/Toys
AP,Ampco-Pittsburgh Corporation Common Stock,$9.47,0.28,3.047%,192490904.00,United States,,140510,Industrials,Fluid Controls
APA,APA Corporation Common Stock,$35.74,-2.16,-5.699%,12630530796.00,United States,,12527869,Energy,Oil & Gas Production
APAC,StoneBridge Acquisition II Corporation Class A Ordinary Shares,$10.0554,0.0054,0.054%,0.00,United States,2025,2425,,
APAD,A Paradise Acquisition Corp. Class A Ordinary Shares,$10.28,0.01,0.097%,0.00,Singapore,2025,45237,,
APADR,A Paradise Acquisition Corp. Rights,$0.70,0.02,2.941%,0.00,Singapore,2025,1983729,,
APAM,Artisan Partners Asset Management Inc. Class A Common Stock,$37.68,0.72,1.948%,3036486509.00,United States,2013,691264,Finance,Investment Managers
APC,ARKO Petroleum Corp. Class A Common Stock,$18.14,-0.40,-2.157%,862923845.00,United States,2026,84945,Energy,Oil Refining/Marketing
APD,Air Products and Chemicals Inc. Common Stock,$291.81,-5.43,-1.827%,64973249694.00,United States,,1203713,Basic Materials,Major Chemicals
APEI,American Public Education Inc. Common Stock,$60.60,1.06,1.78%,1115715932.00,United States,2007,191875,Real Estate,Other Consumer Services
APG,APi Group Corporation Common Stock,$46.75,2.36,5.317%,20221473888.00,United States,2020,8413846,Consumer Discretionary,Engineering & Construction
APGE,Apogee Therapeutics Inc. Common Stock,$92.20,1.65,1.822%,6406539773.00,United States,2023,1229343,Health Care,Biotechnology: Biological Products (No Diagnostic Substances)
APH,Amphenol Corporation Common Stock,$151.06,2.10,1.41%,185717802902.00,United States,,6784584,Technology,Electrical Products
API,Agora Inc. American Depositary Shares,$4.00,0.06,1.523%,338199140.00,China,2020,643695,Technology,Computer Software: Prepackaged Software
APLD,Applied Digital Corporation Common Stock,$31.53,1.44,4.786%,9010313565.00,United States,2022,19680042,Finance,Finance: Consumer Services
APLE,Apple Hospitality REIT Inc. Common Shares,$13.00,0.39,3.093%,3068594009.00,United States,2015,5988423,Real Estate,Real Estate Investment Trusts
APLM,Apollomics Inc. Class A Ordinary Shares,$13.90,-0.37,-2.593%,29844760.00,United States,,8674,Health Care,Biotechnology: Pharmaceutical Preparations
APLMW,Apollomics Inc. Warrant,$0.0138,0.00,0.00%,29630.00,United States,,6,Health Care,Biotechnology: Pharmaceutical Preparations
APLS,Apellis Pharmaceuticals Inc. Common Stock,$40.90,0.03,0.073%,5228243278.00,United States,2017,5216789,Health Care,Biotechnology: Pharmaceutical Preparations
APM,Aptorum Group Limited Class A Ordinary Shares,$0.8855,-0.0145,-1.611%,7211297.00,Hong Kong,2018,11069,Health Care,Biotechnology: Pharmaceutical Preparations
APO,Apollo Global Management Inc. (New) Common Stock,$124.62,3.81,3.154%,72061183262.00,United States,,6401794,Finance,Investment Managers
APO^A,Apollo Global Management Inc. 6.75% Series A Mandatory Convertible Preferred Stock,$64.43,2.24,3.602%,,United States,,122584,,
APOG,Apogee Enterprises Inc. Common Stock,$36.12,2.00,5.862%,776945390.00,United States,,197334,Consumer Discretionary,Auto Parts:O.E.M.
APOS,Apollo Global Management Inc. 7.625% Fixed-Rate Resettable Junior Subordinated Notes due 2053,$25.85,0.10,0.388%,14722460905.00,United States,1987,57153,Finance,Investment Managers
APP,Applovin Corporation Class A Common Stock,$477.20,11.11,2.384%,160479705336.00,United States,2021,4010713,Technology,Computer Software: Programming Data Processing
APPF,AppFolio Inc. Class A Common Stock,$156.47,1.26,0.812%,5631344034.00,United States,2015,281195,Technology,Computer Software: Prepackaged Software
APPN,Appian Corporation Class A Common Stock,$21.56,0.45,2.132%,1594572081.00,United States,2017,688687,Technology,Computer Software: Prepackaged Software
APPS,Digital Turbine Inc. Common Stock,$3.75,-0.12,-3.101%,449624749.00,United States,,4131521,Miscellaneous,Multi-Sector Companies
APRE,Aprea Therapeutics Inc. Common stock,$1.00,0.0923,10.169%,11452452.00,United States,2019,1163750,Health Care,Biotechnology: Pharmaceutical Preparations
APT,Alpha Pro Tech Ltd. Common Stock,$4.62,0.00,0.00%,47056673.00,Canada,2000,21480,Health Care,Industrial Specialties
APTV,Aptiv PLC Ordinary Shares,$59.62,2.10,3.651%,12707485797.00,United Kingdom,,3501020,Consumer Discretionary,Auto Parts:O.E.M.
APVO,Aptevo Therapeutics Inc. Common Stock,$5.28,-0.33,-5.882%,6239508.00,United States,,22647,Health Care,Biotechnology: Pharmaceutical Preparations
APWC,Asia Pacific Wire & Cable Corporation Ltd. Ordinary Shares (Bermuda),$1.36,0.03,2.256%,28038069.00,Taiwan,,10003,Industrials,Telecommunications Equipment
APXT,Apex Treasury Corporation Class A Ordinary Share,$9.99,0.01,0.10%,0.00,United States,2025,53099,Technology,Computer Software: Prepackaged Software
APXTU,Apex Treasury Corporation Units,$10.10,0.00,0.00%,0.00,United States,2025,101,Finance,Blank Checks
APXTW,Apex Treasury Corporation Warrants,$0.2399,-0.0001,-0.042%,0.00,United States,2025,469,Finance,Blank Checks
APYX,Apyx Medical Corporation Common Stock,$3.98,0.04,1.015%,166480319.00,United States,,148751,Health Care,Medical/Dental Instruments
AQB,AquaBounty Technologies Inc. Common Stock,$0.9802,-0.0191,-1.911%,5045289.00,United States,,18531,Consumer Staples,Meat/Poultry/Fish
AQMS,Aqua Metals Inc. Common Stock,$4.40,0.02,0.457%,14742658.00,United States,2015,92921,Industrials,Metal Fabrications
AQN,Algonquin Power & Utilities Corp. Common Shares,$6.38,-0.03,-0.468%,4904253824.00,United States,2016,2563109,Utilities,Electric Utilities: Central
AQNB,Algonquin Power & Utilities Corp. 6.20% Fixed-to-Floating Subordinated Notes Series 2019-A due July 1 2079,$25.97,0.02,0.077%,19945609276.00,United States,2019,13909,Utilities,Electric Utilities: Central
AQST,Aquestive Therapeutics Inc. Common Stock,$4.32,0.06,1.408%,527234612.00,United States,2018,1066652,Health Care,Biotechnology: Pharmaceutical Preparations
AR,Antero Resources Corporation Common Stock,$36.68,-0.81,-2.161%,11316697000.00,United States,2013,7936728,Energy,Oil & Gas Production
ARAI,Arrive AI Inc. Common Stock,$0.9341,-0.1059,-10.183%,44585892.00,United States,,4931394,Consumer Discretionary,Diversified Commercial Services
ARAY,Accuray Incorporated Common Stock,$0.4417,-0.0035,-0.786%,52466288.00,United States,2007,1238419,Health Care,Medical/Dental Instruments
ARBB,ARB IOT Group Limited Ordinary Shares,$4.12,0.01,0.243%,7272855.00,Malaysia,2023,1778,Technology,EDP Services
ARBE,Arbe Robotics Ltd. Ordinary Shares,$0.8353,0.0225,2.768%,91204830.00,Israel,,2241078,Technology,EDP Services
ARBEW,Arbe Robotics Ltd. Warrant,$0.0746,0.0154,26.014%,8145433.00,Israel,,100,Technology,EDP Services
ARBK,Argo Blockchain plc American Depositary Shares,$2.95,0.02,0.683%,39411032.00,United Kingdom,2021,101289,Finance,Finance: Consumer Services
ARCB,ArcBest Corporation Common Stock,$118.64,4.47,3.915%,2645174068.00,United States,,346504,Industrials,Trucking Freight/Courier Services
ARCC,Ares Capital Corporation Common Stock,$19.09,0.31,1.651%,13707056111.00,United States,2004,5824797,Finance,Finance: Consumer Services
ARCI,Archimedes Tech SPAC Partners III Co. Ordinary Share,$9.885,0.005,0.051%,0.00,United States,2026,2600,,
ARCIU,Archimedes Tech SPAC Partners III Co. Units,$10.01,0.00,0.00%,0.00,United States,2026,1,Finance,Blank Checks
ARCIW,Archimedes Tech SPAC Partners III Co. Warrant,$0.45,-0.065,-12.621%,0.00,United States,2026,110805,,
ARCO,Arcos Dorados Holdings Inc. Class A Shares,$8.96,0.29,3.345%,1887540991.00,Argentina,2011,1010746,Consumer Discretionary,Restaurants
ARCT,Arcturus Therapeutics Holdings Inc. Common Stock,$8.85,0.01,0.113%,251544161.00,Israel,2013,499444,Health Care,Biotechnology: Pharmaceutical Preparations
ARDC,Ares Dynamic Credit Allocation Fund Inc. Common Shares,$12.59,0.13,1.043%,288499082.00,United States,2012,133166,Finance,Investment Managers
ARDT,Ardent Health Inc. Common Stock,$9.91,0.47,4.979%,1418078010.00,United States,2024,585022,Health Care,Hospital/Nursing Management
ARDX,Ardelyx Inc. Common Stock,$6.45,0.17,2.707%,1581845904.00,United States,2014,3360457,Health Care,Biotechnology: Pharmaceutical Preparations
ARE,Alexandria Real Estate Equities Inc. Common Stock,$48.63,0.68,1.418%,8419169998.00,United States,,1918009,Real Estate,Real Estate Investment Trusts
AREC,American Resources Corporation Class A Common Stock,$2.255,0.055,2.50%,241117722.00,United States,,3108968,Energy,Coal Mining
AREN,The Arena Group Holdings Inc. Common Stock,$1.89,0.05,2.717%,89969273.00,United States,2022,70411,Technology,EDP Services
ARES,Ares Management Corporation Class A Common Stock,$117.78,1.56,1.342%,38805288128.00,United States,2014,4010426,Finance,Investment Managers
ARES^B,Ares Management Corporation 6.75% Series B Mandatory Convertible Preferred Stock,$39.46,0.64,1.649%,,United States,,1471047,,
ARGX,argenx SE American Depositary Shares,$849.04,20.69,2.498%,52693874428.00,Netherlands,2017,236050,Health Care,Biotechnology: Biological Products (No Diagnostic Substances)
ARHS,Arhaus Inc. Class A Common Stock,$7.79,0.43,5.842%,1100563363.00,United States,2021,1700311,Consumer Discretionary,Other Specialty Stores
ARI,Apollo Commercial Real Estate Finance Inc,$11.16,0.09,0.813%,1557924650.00,United States,2009,1583148,Real Estate,Real Estate Investment Trusts
ARIS,Aris Mining Corporation Common Shares,$20.96,0.63,3.099%,4324048000.00,,2023,1358842,,
ARKO,ARKO Corp. Common Stock,$6.73,0.43,6.825%,746298617.00,United States,,844965,Consumer Staples,Food Chains
ARKR,Ark Restaurants Corp. Common Stock,$7.03,-0.11,-1.541%,25351284.00,United States,,3477,Consumer Discretionary,Restaurants
ARL,American Realty Investors Inc. Common Stock,$14.14,0.08,0.569%,228389888.00,United States,,986,Real Estate,Other Consumer Services
ARLO,Arlo Technologies Inc. Common Stock,$15.19,0.37,2.497%,1623133769.00,United States,2018,1486419,Consumer Staples,Consumer Electronics/Appliances
ARLP,Alliance Resource Partners L.P. Common Units representing Limited Partners Interests,$24.98,-0.57,-2.231%,3213896849.00,United States,1999,793880,Energy,Coal Mining
ARM,Arm Holdings plc American Depositary Shares,$166.73,4.40,2.711%,176611086553.00,United Kingdom,2023,5085148,Technology,Semiconductors
ARMK,Aramark Common Stock,$45.25,0.94,2.121%,11893328955.00,United States,2013,2431512,Consumer Discretionary,Restaurants
ARMP,Armata Pharmaceuticals Inc. Common Stock,$11.50,0.12,1.054%,421276913.00,United States,,35951,Health Care,Biotechnology: Biological Products (No Diagnostic Substances)
AROC,Archrock Inc. Common Stock,$36.30,0.11,0.304%,6350535517.00,United States,,1764221,Utilities,Natural Gas Distribution
AROW,Arrow Financial Corporation Common Stock,$37.37,0.98,2.693%,617040099.00,United States,,134503,Finance,Major Banks
ARQ,Arq Inc. Common Stock,$2.23,-0.04,-1.762%,95553830.00,United States,,457902,Industrials,Major Chemicals
ARQQ,Arqit Quantum Inc. Ordinary Shares,$16.03,0.26,1.649%,250899300.00,United Kingdom,,737710,Technology,Computer Software: Prepackaged Software
ARQQW,Arqit Quantum Inc. Warrants,$0.1271,-0.0029,-2.231%,1989351.00,United Kingdom,,29024,Technology,Computer Software: Prepackaged Software
ARQT,Arcutis Biotherapeutics Inc. Common Stock,$24.53,0.34,1.406%,3042538860.00,United States,2020,1158561,Health Care,Biotechnology: Pharmaceutical Preparations
ARR,ARMOUR Residential REIT Inc.,$17.64,0.67,3.948%,2165618100.00,United States,,4956536,Real Estate,Real Estate Investment Trusts
ARR^C,ARMOUR Residential REIT Inc. 7% Series C Cumulative Redeemable Preferred Stock (liquidation preference $25.00 per share),$20.86,-0.0016,-0.008%,,United States,,12376,,
ARRY,Array Technologies Inc. Common Stock,$7.83,0.21,2.756%,1198336658.00,United States,2020,16914556,Consumer Discretionary,Miscellaneous manufacturing industries
ARTC,Art Technology Acquisition Corp. Class A Ordinary Shares,$9.845,0.005,0.051%,0.00,United States,2026,60252,Finance,Blank Checks
ARTCU,Art Technology Acquisition Corp. Units,$9.95,0.00,0.00%,0.00,United States,2026,7,,
ARTCW,Art Technology Acquisition Corp. Warrants,$0.3499,0.048,15.899%,0.00,United States,2026,10000,,
ARTL,Artelo Biosciences Inc. Common Stock,$4.44,-0.42,-8.642%,3962589.00,United States,,95745,Health Care,Biotechnology: Pharmaceutical Preparations
ARTNA,Artesian Resources Corporation Class A Common Stock,$32.45,0.06,0.185%,334831496.00,United States,,57143,Utilities,Water Supply
ARTV,Artiva Biotherapeutics Inc. Common Stock,$12.55,0.44,3.633%,310194234.00,United States,2024,745689,Health Care,Biotechnology: Biological Products (No Diagnostic Substances)
ARTW,Art's-Way Manufacturing Co. Inc. Common Stock,$2.86,0.25,9.579%,14818764.00,United States,,53341,Industrials,Industrial Machinery/Components
ARVN,Arvinas Inc. Common Stock,$11.00,0.00,0.00%,703570967.00,United States,2018,759019,Health Care,Biotechnology: Pharmaceutical Preparations
ARW,Arrow Electronics Inc. Common Stock,$174.97,3.13,1.821%,8938179728.00,United States,,449184,Technology,Electronic Components
ARWR,Arrowhead Pharmaceuticals Inc. Common Stock,$69.51,1.53,2.251%,9733637527.00,United States,,4332029,Health Care,Biotechnology: Pharmaceutical Preparations
ARX,Accelerant Holdings Class A Common Shares,$14.09,0.39,2.847%,3130234456.00,Cayman Islands,2025,1117422,Finance,Specialty Insurers
ARXS,Arxis Inc. Class A Common Stock,$38.00,-0.75,-1.935%,15474625696.00,United States,2026,3820008,Industrials,Military/Government/Technical
AS,Amer Sports Inc. Ordinary Shares,$37.11,1.09,3.026%,20695036732.00,,2024,4272203,Consumer Discretionary,Apparel
ASA,ASA  Gold and Precious Metals Limited,$69.84,1.60,2.345%,1292029524.00,United States,,43791,Industrials,Precious Metals
ASAN,Asana Inc. Class A Common Stock,$5.84,-0.01,-0.171%,1390434317.00,United States,2020,5713878,Technology,Computer Software: Prepackaged Software
ASB,Associated Banc-Corp Common Stock,$28.14,0.69,2.514%,4652486660.00,United States,,3093499,Finance,Major Banks
ASB^E,Associated Banc-Corp Depositary Shares each representing a 1/40th interest in a share of 5.875% Non-Cumulative Perpetual Preferred Stock Series E,$21.05,-0.02,-0.095%,,United States,,4542,,
ASB^F,Associated Banc-Corp Depositary Shares each representing a 1/40th interest in a share of Associated Banc-Corp 5.625% Non-Cumulative Perpetual Preferred Stock Series F,$20.3451,-0.0049,-0.024%,,United States,,1506,,
ASBA,Associated Banc-Corp 6.625% Fixed-Rate Reset Subordinated Notes due 2033,$24.99,0.07,0.281%,3771011367.00,United States,2023,21307,Finance,Major Banks
ASBP,Aspire Biopharma Holdings Inc. Common Stock,$0.2697,-0.0303,-10.10%,1355006.00,United States,2022,7363990,Health Care,Biotechnology: Pharmaceutical Preparations
ASBPW,Aspire Biopharma Holdings Inc. Warrant,$0.014,0.00,0.00%,70338.00,United States,2022,25,Health Care,Biotechnology: Pharmaceutical Preparations
ASC,Ardmore Shipping Corporation Common Stock,$15.89,0.42,2.715%,648353536.00,,2013,832920,Consumer Discretionary,Marine Transportation
ASG,Liberty All-Star Growth Fund Inc.,$5.16,0.10,1.976%,0.00,United States,,521986,Finance,Investment Managers
ASGI,abrdn Global Infrastructure Income Fund Common Shares of Beneficial Interest,$24.48,0.19,0.782%,0.00,United States,2020,139991,Finance,Investment Managers
ASGN,ASGN Incorporated Common Stock,$39.44,0.22,0.561%,1628872000.00,United States,1992,653406,Consumer Discretionary,Professional Services
ASH,Ashland Inc. Common Stock,$58.52,1.05,1.827%,2678015121.00,United States,,644860,Consumer Discretionary,Specialty Chemicals
ASIC,Ategrity Specialty Insurance Company Holdings Common Stock,$21.16,0.58,2.818%,1017090822.00,,2025,49212,Finance,Property-Casualty Insurers
ASIX,AdvanSix Inc. Common Stock ,$21.57,-2.13,-8.987%,579648712.00,United States,2016,405164,Industrials,Major Chemicals
ASLE,AerSale Corporation Common Stock,$6.94,0.20,2.967%,327856808.00,United States,2019,219653,Consumer Discretionary,Industrial Specialties
ASM,Avino Silver & Gold Mines Ltd. Common Shares (Canada),$7.75,0.55,7.639%,1301563280.00,Canada,,6424056,Basic Materials,Metal Mining
ASMB,Assembly Biosciences Inc. Common Stock,$29.24,-0.08,-0.273%,463825494.00,United States,2010,230446,Health Care,Biotechnology: Pharmaceutical Preparations
ASML,ASML Holding N.V. New York Registry Shares,$1459.80,48.97,3.471%,562632707367.00,Netherlands,1995,1872384,Technology,Industrial Machinery/Components
ASND,Ascendis Pharma A/S American Depositary Shares,$244.48,1.53,0.63%,15152236708.00,Denmark,2015,374440,Health Care,Biotechnology: Pharmaceutical Preparations
ASO,Academy Sports and Outdoors Inc. Common Stock,$58.63,0.64,1.104%,3774802201.00,United States,2020,1460542,Consumer Discretionary,Other Specialty Stores
ASPC,A SPAC III Acquisition Corp. Class A Ordinary Shares,$11.01,-0.26,-2.307%,0.00,China,2025,2665,Finance,Blank Checks
ASPCR,A SPAC III Acquisition Corp. Right,$0.18,0.00,0.00%,0.00,China,2025,10,Finance,Blank Checks
ASPCU,A SPAC III Acquisition Corp. Unit,$12.32,0.00,0.00%,0.00,China,2024,65,Finance,Blank Checks
ASPI,ASP Isotopes Inc. Common Stock,$5.37,0.26,5.088%,676101510.00,United States,2022,7363630,Industrials,Major Chemicals
ASPN,Aspen Aerogels Inc. Common Stock,$3.48,-0.04,-1.136%,288233098.00,United States,2014,1676433,Consumer Discretionary,RETAIL: Building Materials
ASPS,Altisource Portfolio Solutions S.A. Common Stock,$7.00,0.00,0.00%,78952643.00,Luxembourg,,19137,Consumer Discretionary,Other Consumer Services
ASPSW,Altisource Portfolio Solutions S.A. Net Settle Stakeholder Warrants,$0.40,-0.01,-2.439%,4511580.00,Luxembourg,,12450,Consumer Discretionary,Other Consumer Services
ASPSZ,Altisource Portfolio Solutions S.A. Cash Exercise Stakeholder Warrants,$0.1907,-0.0172,-8.273%,2150896.00,Luxembourg,,14922,Consumer Discretionary,Other Consumer Services
ASR,Grupo Aeroportuario del Sureste S.A. de C.V. Common Stock,$337.61,-1.57,-0.463%,10128300000.00,Mexico,,62127,Consumer Discretionary,Aerospace
ASRT,Assertio Holdings Inc. Common Stock,$18.01,-0.01,-0.055%,116077350.00,United States,,618753,Health Care,Biotechnology: Pharmaceutical Preparations
ASRV,AmeriServ Financial Inc. Common Stock,$3.94,-0.10,-2.475%,66839212.00,United States,,24091,Finance,Major Banks
ASST,Strive Inc. Class A Common Stock,$15.61,1.63,11.66%,1079568634.00,United States,2023,7669770,Technology,Computer Software: Prepackaged Software
ASTC,Astrotech Corporation (DE) Common Stock,$2.85,-0.20,-6.557%,5013016.00,United States,,164461,Industrials,Biotechnology: Laboratory Analytical Instruments
ASTE,Astec Industries Inc. Common Stock,$59.49,1.66,2.87%,1363492715.00,United States,1986,133873,Industrials,Construction/Ag Equipment/Trucks
ASTH,Astrana Health Inc. Common Stock,$31.50,0.90,2.941%,1751513337.00,United States,,840635,Consumer Discretionary,Professional Services
ASTI,Ascent Solar Technologies Inc. Common Stock,$5.85,-0.50,-7.874%,55352039.00,United States,,1730397,Technology,Semiconductors
ASTL,Algoma Steel Group Inc. Common Shares,$4.74,-0.03,-0.629%,497386221.00,Canada,,890268,Industrials,Steel/Iron Ore
ASTLW,Algoma Steel Group Inc. Warrant,$0.0947,0.0045,4.989%,9937231.00,Canada,,8298,Industrials,Steel/Iron Ore
ASTS,AST SpaceMobile Inc. Class A Common Stock,$85.53,-5.41,-5.949%,32673762451.00,United States,2019,19960610,Consumer Discretionary,Telecommunications Equipment
ASUR,Asure Software Inc Common Stock,$9.15,0.24,2.694%,262017360.00,United States,,112215,Technology,EDP Services
ASX,ASE Technology Holding Co. Ltd. American Depositary Shares (each representing Two Common Shares) ,$28.59,0.99,3.587%,63667036435.00,Taiwan,2018,9230088,Technology,Semiconductors
ASYS,Amtech Systems Inc. Common Stock,$16.21,-0.19,-1.159%,232723679.00,United States,,142467,Technology,Industrial Machinery/Components
ATAI,AtaiBeckley Inc. Common Stock,$4.03,-0.06,-1.467%,1463754846.00,Germany,2008,5757696,Health Care,Biotechnology: Pharmaceutical Preparations
ATAT,Atour Lifestyle Holdings Limited American Depositary Shares,$37.78,-0.58,-1.512%,5220665229.00,China,2022,1286780,Consumer Discretionary,Hotels/Resorts
ATCH,AtlasClear Holdings Inc. Common Stock,$0.2725,0.0191,7.537%,40791205.00,,2024,5343237,Finance,Finance: Consumer Services
ATCX,Atlas Critical Minerals Corporation Common Stock,$5.27,0.21,4.15%,26336535.00,Brazil,,68473,Basic Materials,Precious Metals
ATEC,Alphatec Holdings Inc. Common Stock,$11.10,0.28,2.588%,1680058482.00,United States,2006,2560604,Health Care,Medical/Dental Instruments
ATEN,A10 Networks Inc. Common Stock,$27.55,1.03,3.884%,1976023309.00,United States,2014,2213480,Telecommunications,Computer Communications Equipment
ATER,Aterian Inc. Common Stock,$0.7113,0.0013,0.183%,7698970.00,United States,2019,50119,Consumer Discretionary,Home Furnishings
ATEX,Anterix Inc. Common Stock,$42.19,1.83,4.534%,790340587.00,United States,2015,508849,Telecommunications,Telecommunications Equipment
ATGL,Alpha Technology Group Limited Class A Ordinary Shares,$14.00,0.00,0.00%,230475000.00,China,2023,639,Technology,EDP Services
ATH^A,Athene Holding Ltd. Depositary Shares Each Representing a 1/1000th Interest in a 6.35% Fixed-to-Floating Rate Perpetual Non-Cumulative Preference Share Series A,$24.19,0.05,0.207%,,Bermuda,,19607,,
ATH^B,Athene Holding Ltd. Depositary Shares Each Representing a 1/1000th Interest in a 5.625% Fixed Rate Perpetual Non- Cumulative Preference Share Series B par value $1.00 per share,$19.66,0.02,0.102%,,Bermuda,,19181,,
ATH^D,Athene Holding Ltd. Depositary Shares Each Representing a 1/1000th Interest in a 4.875% Fixed-Rate Perpetual Non-Cumulative Preference Share Series D,$16.64,-0.06,-0.359%,,Bermuda,,56614,,
ATH^E,Athene Holding Ltd. Depositary Shares Each Representing a 1/1000th Interest in a 7.750% Fixed-Rate Reset Perpetual Non-Cumulative Preference Share Series E,$25.01,0.11,0.442%,,Bermuda,,47677,,
ATHE,Alterity Therapeutics Limited American Depositary Shares,$4.47,0.50,12.594%,68605185.00,Australia,,56747,Health Care,Biotechnology: Pharmaceutical Preparations
ATHM,Autohome Inc. American Depositary Shares each representing four class A ordinary shares.,$18.72,0.02,0.107%,2155999454.00,China,2013,706706,Technology,EDP Services
ATHR,Aether Holdings Inc. Common Stock,$3.1999,-0.0312,-0.966%,38775063.00,United States,2025,13698,Technology,Computer Software: Prepackaged Software
ATHS,Athene Holding Ltd. 7.250% Fixed-Rate Reset Junior Subordinated Debentures due 2064,$24.90,0.10,0.403%,5074744500.00,Bermuda,2024,17033,Finance,Life Insurance
ATI,ATI Inc. Common Stock,$164.66,8.83,5.666%,22469897137.00,United States,,1781504,Industrials,Steel/Iron Ore
ATII,Archimedes Tech SPAC Partners II Co. Ordinary Shares,$10.46,0.02,0.192%,0.00,United States,2025,1197,,
ATIIW,Archimedes Tech SPAC Partners II Co. Warrant,$0.42,-0.015,-3.448%,0.00,United States,2025,1454,Finance,Blank Checks
ATKR,Atkore Inc. Common Stock,$69.12,2.13,3.18%,2332844168.00,United States,2016,2400770,Miscellaneous,Industrial Machinery/Components
ATLC,Atlanticus Holdings Corporation Common Stock,$70.96,4.00,5.974%,1058152540.00,United States,1995,53117,Finance,Finance: Consumer Services
ATLCL,Atlanticus Holdings Corporation 6.125% Senior Notes due 2026,$24.9901,0.0001,0.00%,377986483.00,United States,,799,Finance,Finance: Consumer Services
ATLCP,Atlanticus Holdings Corporation 7.625% Series B Cumulative Perpetual Preferred Stock no par value per share,$22.98,0.19,0.834%,342676795.00,United States,,3030,Finance,Finance: Consumer Services
ATLCZ,Atlanticus Holdings Corporation 9.25% Senior Notes due 2029,$25.26,0.05,0.198%,382068842.00,United States,,13673,Finance,Finance: Consumer Services
ATLN,Atlantic International Corp. Common Stock,$2.05,0.08,4.061%,162684456.00,United States,2024,87581,Industrials,Biotechnology: Laboratory Analytical Instruments
ATLO,Ames National Corporation Common Stock,$28.66,0.31,1.093%,253847925.00,United States,,75336,Finance,Major Banks
ATLX,Atlas Lithium Corporation Common Stock,$4.90,-0.05,-1.01%,136062779.00,United States,,1546225,Industrials,Mining & Quarrying of Nonmetallic Minerals (No Fuels)
ATMU,Atmus Filtration Technologies Inc. Common Stock,$63.38,2.32,3.80%,5176398487.00,United States,2023,579065,Consumer Discretionary,Auto Parts:O.E.M.
ATNI,ATN International Inc. Common Stock,$28.23,0.00,0.00%,433827659.00,United States,,69505,Telecommunications,Telecommunications Equipment
ATNM,Actinium Pharmaceuticals Inc. (Delaware) Common Stock,$1.30,0.05,4.00%,40787492.00,United States,,199065,Health Care,Biotechnology: Pharmaceutical Preparations
ATO,Atmos Energy Corporation Common Stock,$186.54,-1.44,-0.766%,30860980987.00,United States,,841516,Utilities,Oil/Gas Transmission
ATOM,Atomera Incorporated Common Stock,$5.35,0.03,0.564%,207167884.00,United States,2016,490616,Technology,Semiconductors
ATON,AlphaTON Capital Corp. Common Stock,$0.32,-0.0011,-0.343%,7499068.00,Canada,,358605,Energy,Oil & Gas Production
ATOS,Atossa Therapeutics Inc. Common Stock,$5.83,0.06,1.04%,50204235.00,United States,2012,54717,Health Care,Biotechnology: Pharmaceutical Preparations
ATPC,Agape ATP Corporation Common Stock,$2.49,-0.17,-6.391%,2491559.00,Malaysia,,39905,Health Care,Medical/Nursing Services
ATR,AptarGroup Inc. Common Stock,$130.63,2.34,1.824%,8330623882.00,United States,,401112,Industrials,Plastic Products
ATRA,Atara Biotherapeutics Inc. Common Stock,$5.27,0.03,0.573%,43098661.00,United States,2014,76223,Health Care,Biotechnology: Biological Products (No Diagnostic Substances)
ATRC,AtriCure Inc. Common Stock,$29.72,0.84,2.909%,1504866494.00,United States,2005,924263,Health Care,Medical/Dental Instruments
ATRO,Astronics Corporation Common Stock,$76.97,2.12,2.832%,2747149740.00,United States,,452597,Industrials,Military/Government/Technical
ATS,ATS Corporation Common Shares,$32.72,1.42,4.537%,3208517572.00,Canada,2023,186574,Industrials,Industrial Machinery/Components
ATXG,Addentax Group Corp. Common Stock,$6.08,0.16,2.703%,4748620.00,China,,88704,Consumer Discretionary,Professional Services
ATYR,aTyr Pharma Inc. Common Stock,$0.8534,0.0229,2.757%,83676904.00,United States,2015,697634,Health Care,Biotechnology: Biological Products (No Diagnostic Substances)
AU,AngloGold Ashanti PLC Ordinary Shares,$109.15,4.92,4.72%,54959977726.00,South Africa,,2297573,Basic Materials,Precious Metals
AUB,Atlantic Union Bankshares Corporation Common Stock,$38.87,1.04,2.749%,5543016197.00,United States,,1296992,Finance,Major Banks
AUB^A,Atlantic Union Bankshares Corporation Depositary Shares each representing a 1/400th ownership interest in a share of 6.875% Perpetual Non-Cumulative Preferred Stock Series A,$24.74,0.11,0.447%,,United States,,1708,,
AUBN,Auburn National Bancorporation Inc. Common Stock,$23.81,0.2903,1.234%,83184973.00,United States,,2033,Finance,Major Banks
AUDC,AudioCodes Ltd. Common Stock,$9.10,0.19,2.132%,235572646.00,Israel,1999,63930,Utilities,Telecommunications Equipment
AUGO,Aura Minerals Inc. Common Shares,$109.14,3.47,3.284%,9116955985.00,United States,,605355,,
AUID,authID Inc. Common Stock,$1.16,0.02,1.754%,18713685.00,United States,,125195,Technology,Computer Software: Prepackaged Software
AUNA,Auna SA Class A Ordinary Shares,$5.62,0.10,1.812%,415952863.00,Peru,2024,195398,Health Care,Medical/Nursing Services
AUPH,Aurinia Pharmaceuticals Inc Ordinary Shares,$16.05,0.22,1.39%,2134184213.00,Canada,,754554,Health Care,Biotechnology: Pharmaceutical Preparations
AUR,Aurora Innovation Inc. Class A Common Stock,$5.27,0.10,1.934%,10330087995.00,United States,2021,29211953,Technology,EDP Services
AURA,Aura Biosciences Inc. Common Stock,$7.29,0.23,3.258%,467656912.00,United States,2021,427566,Health Care,Biotechnology: Biological Products (No Diagnostic Substances)
AURE,Aurelion Inc. Class A Ordinary Shares,$2.47,-0.03,-1.20%,85459115.00,Hong Kong,2023,104543,Finance,Finance: Consumer Services
AUROW,Aurora Innovation Inc. Warrant,$0.19,0.00,0.00%,372432015.00,United States,2021,92207,Technology,EDP Services
AUST,Austin Gold Corp. Common Shares,$1.50,0.03,2.041%,20539502.00,,2022,270516,Basic Materials,Precious Metals
AUTL,Autolus Therapeutics plc American Depositary Share,$1.60,-0.01,-0.621%,425829258.00,United Kingdom,2018,2137326,Health Care,Biotechnology: Biological Products (No Diagnostic Substances)
AUUD,Auddia Inc. Common Stock,$4.60,-0.08,-1.709%,2304030.00,United States,2021,62896,Technology,EDP Services
AVA,Avista Corporation Common Stock,$41.75,-0.13,-0.31%,3446006256.00,United States,,504398,Utilities,Power Generation
AVAH,Aveanna Healthcare Holdings Inc. Common Stock,$6.77,0.06,0.894%,1472543011.00,United States,2021,1179270,Health Care,Medical/Nursing Services
AVAL,Grupo Aval Acciones y Valores S.A. ADR (Each representing 20 preferred shares),$4.77,0.01,0.21%,5662818969.00,,2014,74715,Finance,Commercial Banks
AVAV,AeroVironment Inc. Common Stock,$191.42,-10.57,-5.233%,9558364940.00,United States,2007,1569913,Industrials,Aerospace
AVB,AvalonBay Communities Inc. Common Stock,$173.89,4.26,2.511%,24190052828.00,United States,,999434,Real Estate,Real Estate Investment Trusts
AVBC,Avidia Bancorp Inc. Common Stock,$21.10,0.55,2.676%,423608875.00,United States,2025,179465,Finance,Banks
AVBH,Avidbank Holdings Inc. Common stock,$29.89,0.61,2.083%,327449942.00,United States,,116926,Finance,Commercial Banks
AVBP,ArriVent BioPharma Inc. Common Stock,$29.64,0.03,0.101%,1310136076.00,United States,2024,397675,Health Care,Biotechnology: Pharmaceutical Preparations
AVD,American Vanguard Corporation Common Stock ($0.10 Par Value),$2.64,0.03,1.149%,75344444.00,United States,1998,293620,Industrials,Agricultural Chemicals
AVEX,AEVEX Corp.,$26.93,26.93,,0.00,,,15993544,,
AVGO,Broadcom Inc. Common Stock,$406.54,8.07,2.025%,1924832003523.00,United States,2009,20492174,Technology,Semiconductors
AVIR,Atea Pharmaceuticals Inc. Common Stock,$5.74,0.04,0.702%,457317756.00,United States,2020,427723,Health Care,Biotechnology: Pharmaceutical Preparations
AVK,Advent Convertible and Income Fund,$12.38,-0.01,-0.081%,0.00,United States,2003,173530,Finance,Trusts Except Educational Religious and Charitable
AVNS,Avanos Medical Inc. Common Stock,$24.62,-0.04,-0.162%,1145020928.00,United States,2014,1511619,Health Care,Industrial Specialties
AVNT,Avient Corporation Common Stock,$38.55,0.92,2.445%,3535426938.00,United States,,575178,Industrials,Major Chemicals
AVNW,Aviat Networks Inc. Common Stock,$22.80,0.12,0.529%,294172668.00,United States,,196381,Technology,Radio And Television Broadcasting And Communications Equipment
AVO,Mission Produce Inc. Common Stock,$14.29,0.51,3.701%,1012394542.00,United States,2020,1184266,Consumer Staples,Farming/Seeds/Milling
AVPT,AvePoint Inc. Class A Common Stock,$10.04,0.075,0.753%,2168225468.00,United States,2019,1645086,Technology,Computer Software: Prepackaged Software
AVR,Anteris Technologies Global Corp. Common Stock,$6.07,0.11,1.846%,590198568.00,United States,2024,930130,Health Care,Industrial Specialties
AVT,Avnet Inc. Common Stock,$73.85,1.55,2.144%,6045580113.00,United States,,888171,Technology,Electronic Components
AVTR,Avantor Inc. Common Stock,$8.52,0.26,3.148%,5760463266.00,United States,2019,11956911,Industrials,Biotechnology: Laboratory Analytical Instruments
AVTX,Avalo Therapeutics Inc. Common Stock,$14.43,0.01,0.069%,385487883.00,United States,2015,829732,Health Care,Biotechnology: Pharmaceutical Preparations
AVX,Avax One Technology Ltd. Common Shares,$0.6398,0.0377,6.261%,57453299.00,Canada,2021,259432,Finance,Finance: Consumer Services
AVXL,Anavex Life Sciences Corp. Common Stock,$3.64,0.24,7.059%,337325199.00,United States,,1540405,Health Care,Biotechnology: Biological Products (No Diagnostic Substances)
AVY,Avery Dennison Corporation Common Stock,$172.48,6.21,3.735%,13266649507.00,United States,,639564,Consumer Discretionary,Containers/Packaging
AWF,Alliancebernstein Global High Income Fund,$10.56,0.04,0.38%,0.00,United States,1993,382555,Finance,Trusts Except Educational Religious and Charitable
AWI,Armstrong World Industries Inc Common Stock,$179.52,5.95,3.428%,7689568476.00,United States,,278890,Industrials,Plastic Products
AWK,American Water Works Company Inc. Common Stock,$131.61,0.91,0.696%,25700815804.00,United States,2008,2097340,Utilities,Water Supply
AWP,abrdn Global Premier Properties Fund Common Shares of Beneficial Interest,$12.215,-0.055,-0.448%,0.00,United States,2007,189152,Finance,Trusts Except Educational Religious and Charitable
AWR,American States Water Company Common Stock,$75.92,0.41,0.543%,2975497940.00,United States,,1006285,Utilities,Water Supply
AWRE,Aware Inc. Common Stock,$1.38,0.13,10.40%,29810418.00,United States,1996,20492,Technology,Computer Software: Prepackaged Software
AWX,Avalon Holdings Corporation Common Stock,$2.53,0.01,0.397%,9865560.00,United States,1998,1955,Utilities,Environmental Services
AX,Axos Financial Inc. Common Stock,$97.96,3.22,3.399%,5552201272.00,United States,2018,300799,Finance,Savings Institutions
AXG,Solowin Holdings Class A Ordinary Share,$3.51,-0.01,-0.284%,663227933.00,Hong Kong,2023,243389,Finance,Investment Bankers/Brokers/Service
AXGN,Axogen Inc. Common Stock,$38.50,1.13,3.024%,1998060757.00,United States,,2750339,Health Care,Biotechnology: Electromedical & Electrotherapeutic Apparatus
AXIA,AXIA Energia American Depositary Shares (Each representing one Common Share),$12.81,-0.28,-2.139%,36282958250.00,Brazil,2016,5325493,Utilities,Electric Utilities: Central
AXIA^,AXIA Energia AXIA Energia American Depositary Shares (Each representing one Preferred Class B1 Share),$14.00,-0.13,-0.92%,,Brazil,,18519,,
AXIA^C,AXIA Energia American Depositary Shares each representing one Preferred Class C Share,$12.31,-0.20,-1.599%,,Brazil,,214988,,
AXIL,AXIL Brands Inc. Common Stock,$6.995,-0.095,-1.34%,47689930.00,,2024,1109,Consumer Discretionary,Package Goods/Cosmetics
AXIN,Axiom Intelligence Acquisition Corp 1 Class A Ordinary Shares,$10.1898,0.0398,0.392%,0.00,United Kingdom,2025,465,Finance,Blank Checks
AXINR,Axiom Intelligence Acquisition Corp 1 Right,$0.1501,0.00,0.00%,0.00,United Kingdom,2025,1,Finance,Blank Checks
AXINU,Axiom Intelligence Acquisition Corp 1 Units,$10.26,0.00,0.00%,0.00,United Kingdom,2025,1,Finance,Blank Checks
AXON,Axon Enterprise Inc. Common Stock,$402.85,9.77,2.485%,32388203374.00,United States,2001,940101,Industrials,Ordnance And Accessories
AXP,American Express Company Common Stock,$331.69,5.93,1.82%,227467517838.00,United States,,4769453,Finance,Finance: Consumer Services
AXR,AMREP Corporation Common Stock,$27.27,0.35,1.30%,144672777.00,United States,,11239,Real Estate,Homebuilding
AXS,Axis Capital Holdings Limited Common Stock,$102.04,1.51,1.502%,7561237163.00,Bermuda,2003,454819,Finance,Property-Casualty Insurers
AXS^E,Axis Capital Holdings Limited Depositary Shares each representing 1/100th interest in a share of a 5.50% Series E Preferred Shares,$19.67,0.00,0.00%,,Bermuda,,55915,,
AXSM,Axsome Therapeutics Inc. Common Stock,$188.99,4.80,2.606%,9667460088.00,United States,2015,767407,Health Care,Biotechnology: Pharmaceutical Preparations
AXTA,Axalta Coating Systems Ltd. Common Shares,$30.00,1.26,4.384%,6401218260.00,United States,2014,3749950,Consumer Discretionary,Paints/Coatings
AXTI,AXT Inc Common Stock,$82.56,0.78,0.954%,4588569133.00,United States,1998,10289227,Technology,Semiconductors
AYI,Acuity Inc. Common Stock,$292.63,9.17,3.235%,8871127612.00,United States,,544206,Consumer Discretionary,Building Products
AYTU,Aytu BioPharma Inc.  Common Stock,$2.60,0.02,0.775%,27906341.00,United States,,39768,Health Care,Biotechnology: Pharmaceutical Preparations
AZ,A2Z Cust2Mate Solutions Corp. Common Shares,$8.30,-0.09,-1.073%,369723575.00,Canada,,500182,Industrials,Industrial Machinery/Components
AZI,Autozi Internet Technology (Global) Ltd. Class A Ordinary Shares,$1.57,-0.01,-0.633%,7144178.00,China,2024,35247,Consumer Discretionary,Automotive Aftermarket
AZN,AstraZeneca PLC Ordinary Shares,$204.80,4.33,2.16%,635177315942.00,United Kingdom,2026,1241332,Health Care,Biotechnology: Pharmaceutical Preparations
AZO,AutoZone Inc. Common Stock,$3572.38,83.09,2.381%,58861462232.00,United States,,217555,Consumer Discretionary,Auto & Home Supply Stores
AZTA,Azenta Inc.,$25.04,0.72,2.961%,1153380686.00,United States,,678528,Technology,Industrial Machinery/Components
AZTR,Azitra Inc Common Stock,$0.2149,-0.0036,-1.648%,3479755.00,,2023,396652,Health Care,Biotechnology: Pharmaceutical Preparations
AZZ,AZZ Inc.,$137.24,3.48,2.602%,4097391602.00,United States,,163494,Industrials,Industrial Specialties
B,Barrick Mining Corporation Common Shares,$43.30,0.90,2.123%,72549511988.00,Canada,,9618448,Basic Materials,Precious Metals
BA,Boeing Company (The) Common Stock,$223.38,4.50,2.056%,175541863993.00,United States,,8860079,Industrials,Aerospace
BA^A,Boeing Company (The) Depositary Shares each representing a 1/20th interest in a share of 6.00% Series A Mandatory Convertible Preferred Stock par value $1.00,$71.25,1.35,1.931%,,United States,,1151445,,
BABA,Alibaba Group Holding Limited American Depositary Shares each representing eight Ordinary share,$141.01,2.42,1.746%,325631497219.00,China,2014,12858490,Real Estate,Real Estate
BAC,Bank of America Corporation Common Stock,$53.91,0.40,0.748%,385225181948.00,United States,,43467994,Finance,Major Banks
BAC^B,Bank of America Corporation Depositary Shares each representing a 1/1000th interest in a share of 6.000% Non-Cumulative Preferred Stock Series GG,$25.39,0.12,0.475%,,United States,,44339,,
BAC^E,Bank of America Corporation Depositary Sh repstg 1/1000th Perp Pfd Ser E,$19.35,0.1101,0.572%,,United States,,45983,,
BAC^K,Bank of America Corporation Depositary Shares each representing a 1/1000th interest in a share of 5.875% Non- Cumulative Preferred Stock Series HH,$25.01,0.13,0.523%,,United States,,33792,,
BAC^L,Bank of America Corporation Non Cumulative Perpetual Conv Pfd Ser L,$1231.50,14.09,1.157%,,United States,,3893,,
BAC^M,Bank of America Corporation Depositary Shares each representing a 1/1000th interest in a share of 5.375% Non-Cumulative Preferred Stock Series KK,$22.23,0.15,0.679%,,United States,,48877,,
BAC^N,Bank of America Corporation Depositary shares each representing 1/1000th interest in a share of 5.000% Non-Cumulative Preferred Stock Series LL,$20.75,0.05,0.242%,,United States,,73463,,
BAC^O,Bank of America Corporation Depositary shares each representing 1/1000th interest in a share of 4.375% Non-Cumulative Preferred Stock Series NN,$17.70,0.02,0.113%,,United States,,61688,,
BAC^P,Bank of America Corporation Depositary Shares each representing a 1/1000th interest in a share of 4.125% Non-Cumulative Preferred Stock Series PP,$16.86,0.04,0.238%,,United States,,34733,,
BAC^Q,Bank of America Corporation Depositary shares each representing 1/1000th interest in a share of 4.250% Non-Cumulative Preferred Stock Series QQ,$17.48,0.10,0.575%,,United States,,62923,,
BAC^S,Bank of America Corporation Depositary shares each representing 1/1000th interest in a share of 4.750% Non-Cumulative Preferred Stock Series SS,$19.61,0.05,0.256%,,United States,,27130,,
BACC,Blue Acquisition Corp. Class A Ordinary Shares,$10.25,0.01,0.098%,0.00,United States,2025,15241,Finance,Blank Checks
BACCR,Blue Acquisition Corp. Right ,$0.29,0.01,3.571%,0.00,United States,2025,26350,Finance,Blank Checks
BACCU,Blue Acquisition Corp. Unit,$10.45,0.00,0.00%,0.00,United States,2025,90,Finance,Blank Checks
BAER,Bridger Aerospace Group Holdings Inc. Common Stock,$2.21,0.15,7.282%,123590535.00,United States,,543072,Industrials,Aerospace
BAERW,Bridger Aerospace Group Holdings Inc. Warrant,$0.38,-0.01,-2.564%,21250861.00,United States,,31111,Industrials,Aerospace
BAFN,BayFirst Financial Corp. Common Stock,$7.82,0.36,4.826%,32125123.00,United States,,26598,Finance,Major Banks
BAH,Booz Allen Hamilton Holding Corporation Common Stock,$81.77,-0.92,-1.113%,9861003189.00,United States,2010,1003003,Consumer Discretionary,Professional Services
BAK,Braskem SA ADR,$3.57,-0.18,-4.80%,1612457088.00,Brazil,,2711542,Industrials,Major Chemicals
BALL,Ball Corporation Common Stock,$64.48,1.11,1.752%,17161549180.00,United States,,2469364,Industrials,Containers/Packaging
BALY,Bally's Corporation Common Stock,$11.87,0.31,2.682%,578581024.00,United States,2024,53888,Consumer Discretionary,Hotels/Resorts
BAM,Brookfield Asset Management Inc Class A Limited Voting Shares,$49.32,0.80,1.649%,80795471320.00,,2022,3789414,Consumer Discretionary,Other Consumer Services
BANC,Banc of California Inc. Common Stock,$18.90,0.42,2.273%,2906411136.00,United States,,2676641,Finance,Major Banks
BANC^F,Banc of California Inc. Depositary Shares each representing a 1/40th interest in a share of 7.75% non-cumulative perpetual preferred stock Series F,$25.46,-0.01,-0.039%,,United States,,22408,,
BAND,Bandwidth Inc. Class A Common Stock,$23.01,2.59,12.684%,736657833.00,United States,2017,827322,Technology,Computer Software: Prepackaged Software
BANF,BancFirst Corporation Common Stock,$116.72,5.05,4.522%,3918987919.00,United States,1993,311177,Finance,Major Banks
BANFP,BancFirst Corporation - BFC Capital Trust II Cumulative Trust Preferred Securities,$26.30,0.13,0.497%,883048169.00,United States,,872,Finance,Major Banks
BANL,CBL International Limited Class B Ordinary Shares,$0.438,-0.0119,-2.645%,12045000.00,Malaysia,2023,91904,Energy,Oil Refining/Marketing
BANR,Banner Corporation Common Stock,$64.58,1.49,2.362%,2187473457.00,United States,,244918,Finance,Major Banks
BANX,ArrowMark Financial Corp. Common Stock,$19.68,-0.06,-0.304%,139779680.00,United States,,32370,Finance,Trusts Except Educational Religious and Charitable
BAOS,Baosheng Media Group Holdings Limited Ordinary shares,$2.69,0.02,0.749%,4127770.00,China,2021,9028,Real Estate,Real Estate
BAP,Credicorp Ltd. Common Stock,$331.94,-8.28,-2.434%,31329266305.00,Peru,,718321,Finance,Commercial Banks
BARK,BARK Inc. Class A Common Stock,$10.17,-0.11,-1.07%,87885794.00,United States,2020,157166,Consumer Discretionary,Other Specialty Stores
BATL,Battalion Oil Corporation Common Stock,$3.06,-0.51,-14.286%,57349183.00,United States,,5723221,Energy,Oil & Gas Production
BATRA,Atlanta Braves Holdings Inc. Series A Common Stock,$52.82,2.52,5.01%,3869346319.00,United States,,147066,Consumer Discretionary,Services-Misc. Amusement & Recreation
BATRK,Atlanta Braves Holdings Inc. Series C Common Stock,$47.63,2.32,5.12%,3489151177.00,United States,,797898,Consumer Discretionary,Services-Misc. Amusement & Recreation
BAX,Baxter International Inc. Common Stock,$18.71,0.57,3.142%,9635650000.00,United States,,8971963,Health Care,Medical/Dental Instruments
BAYA,Bayview Acquisition Corp Ordinary Shares,$11.95,0.00,0.00%,0.00,United States,2023,118,,
BAYAR,Bayview Acquisition Corp Right,$0.1501,0.00,0.00%,0.00,United States,2023,66,,
BB,BlackBerry Limited Common Stock,$4.86,0.17,3.625%,2867400000.00,Canada,,22583192,Technology,Computer Software: Prepackaged Software
BBAI,BigBear.ai Inc. Common Stock,$3.85,0.10,2.667%,1843955383.00,United States,2021,46133153,Technology,Computer Software: Prepackaged Software
BBAR,Banco BBVA Argentina S.A. ADS,$16.41,-0.12,-0.726%,3351524132.00,Argentina,,419471,Finance,Commercial Banks
BBBY,Bed Bath & Beyond Inc. Common Stock,$5.74,0.53,10.173%,398024991.00,United States,,3001887,Consumer Discretionary,Catalog/Specialty Distribution
BBCP,Concrete Pumping Holdings Inc. Common Stock,$7.58,0.18,2.432%,382869635.00,United States,2017,190507,Consumer Discretionary,Engineering & Construction
BBCQ,Bleichroeder Acquisition Corp. II Class A Ordinary Shares,$10.25,0.01,0.098%,0.00,United States,2026,53147,,
BBCQU,Bleichroeder Acquisition Corp. II Units,$10.67,-0.14,-1.295%,0.00,United States,2026,4561,,
BBCQW,Bleichroeder Acquisition Corp. II Warrants,$1.27,-0.07,-5.224%,0.00,United States,2026,244831,,
BBD,Banco Bradesco Sa American Depositary Shares,$4.21,0.06,1.446%,44529220638.00,Brazil,,44246842,Finance,Major Banks
BBDC,Barings BDC Inc. Common Stock,$8.94,0.18,2.055%,936079543.00,United States,,819582,Finance,Diversified Financial Services
BBDO,Banco Bradesco Sa American Depositary Shares (each representing one Common Share),$3.745,0.025,0.672%,39610910045.00,Brazil,,69888,Finance,Major Banks
BBGI,Beasley Broadcast Group Inc. Class A Common Stock,$21.51,7.51,53.643%,38853664.00,United States,2000,1785974,Consumer Discretionary,Broadcasting
BBIO,BridgeBio Pharma Inc. Common Stock,$76.75,-0.76,-0.981%,14878975349.00,United States,2019,2044857,Health Care,Biotechnology: Pharmaceutical Preparations
BBLG,Bone Biologics Corp Common Stock,$1.39,0.07,5.303%,2495411.00,United States,,23443,Health Care,Industrial Specialties
BBLGW,Bone Biologics Corp Warrants,$20.00,0.00,0.00%,35905200.00,United States,,284,Health Care,Industrial Specialties
BBN,BlackRock Taxable Municipal Bond Trust Common Shares of Beneficial Interest,$16.36,0.13,0.801%,0.00,United States,2010,148708,Finance,Finance Companies
BBNX,Beta Bionics Inc. Common Stock,$12.98,0.80,6.568%,578410801.00,United States,2025,1583755,Health Care,Medical/Dental Instruments
BBOT,BridgeBio Oncology Therapeutics Inc. Common Stock  ,$9.35,0.13,1.41%,748306895.00,United States,2024,586340,Health Care,Biotechnology: Pharmaceutical Preparations
BBSI,Barrett Business Services Inc. Common Stock,$29.86,0.30,1.015%,752564267.00,United States,1993,133403,Consumer Discretionary,Professional Services
BBT,Beacon Financial Corporation Common stock,$32.33,0.71,2.245%,2716632514.00,United States,,724398,Finance,Banks
BBUC,Brookfield Business Corporation Class A Subordinate Voting Shares,$34.75,0.67,1.966%,7193509687.00,,,273286,Consumer Discretionary,Engineering & Construction
BBVA,Banco Bilbao Vizcaya Argentaria S.A. Common Stock,$23.85,0.88,3.831%,136158903495.00,Spain,,1023649,Finance,Commercial Banks
BBW,Build-A-Bear Workshop Inc. Common Stock,$39.05,1.62,4.328%,505534232.00,United States,2004,381176,Consumer Discretionary,Recreational Games/Products/Toys
BBWI,Bath & Body Works Inc.,$19.41,1.37,7.594%,3904016084.00,United States,,9855580,Consumer Discretionary,Clothing/Shoe/Accessory Stores
BBY,Best Buy Co. Inc. Common Stock,$65.73,1.06,1.639%,13744969686.00,United States,,4835658,Consumer Discretionary,Consumer Electronics/Video Chains
BC,Brunswick Corporation Common Stock,$81.23,3.90,5.043%,5289123060.00,United States,,928960,Industrials,Industrial Machinery/Components
BC^C,Brunswick Corporation 6.375% Notes due 2049,$24.32,0.26,1.081%,,United States,,31350,,
BCAB,BioAtla Inc. Common Stock,$4.59,-0.32,-6.517%,7605290.00,United States,2020,27988,Health Care,Biotechnology: Biological Products (No Diagnostic Substances)
BCAL,California BanCorp Common Stock,$18.80,0.49,2.676%,604463202.00,United States,,181943,Finance,Major Banks
BCAR,D. Boral ARC Acquisition I Corp. Class A Ordinary Shares,$10.32,0.07,0.683%,0.00,United States,2025,1057983,Finance,Blank Checks
BCARW,D. Boral ARC Acquisition I Corp. Warrant,$0.98,0.02,2.083%,0.00,United States,2025,366812,Finance,Blank Checks
BCAT,BlackRock Capital Allocation Term Trust Common Shares of Beneficial Interest,$14.80,0.17,1.162%,1600398000.00,United States,2020,522676,Finance,Finance/Investors Services
BCAX,Bicara Therapeutics Inc. Common Stock,$24.01,0.08,0.334%,1571867160.00,United States,2024,467167,Health Care,Biotechnology: Pharmaceutical Preparations
BCBP,BCB Bancorp Inc. (NJ) Common Stock,$9.37,0.18,1.959%,162653183.00,United States,2005,83651,Finance,Savings Institutions
BCC,Boise Cascade L.L.C. Common Stock,$83.04,4.24,5.381%,2977507484.00,United States,2013,342683,Consumer Discretionary,RETAIL: Building Materials
BCDA,BioCardia Inc. Common Stock,$1.18,-0.01,-0.84%,12909639.00,United States,,55677,Health Care,Biotechnology: Biological Products (No Diagnostic Substances)
BCE,BCE Inc. Common Stock,$24.09,-0.07,-0.29%,22464546932.00,Canada,,2461087,Telecommunications,Telecommunications Equipment
BCG,Binah Capital Group Inc. Common Stock,$1.96,-0.04,-2.00%,32763360.00,United States,,101374,Finance,Finance: Consumer Services
BCGWW,Binah Capital Group Inc. Warrants,$0.1875,0.0625,50.00%,3134250.00,United States,,100,Finance,Finance: Consumer Services
BCH,Banco De Chile ADS,$41.51,1.12,2.773%,20966095203.00,Chile,,1279295,Finance,Commercial Banks
BCHT,Birchtech Corp. Common Stock,$1.62,-0.06,-3.571%,42615665.00,,2026,76643,Industrials,Industrial Machinery/Components
BCIC,BCP Investment Corporation Common Stock,$8.12,0.10,1.247%,100578534.00,United States,2006,79237,Finance,Finance: Consumer Services
BCML,BayCom Corp Common Stock,$29.16,0.84,2.966%,318115684.00,United States,2018,47528,Finance,Major Banks
BCO,Brinks Company (The) Common Stock,$114.38,2.71,2.427%,4705161873.00,United States,,693536,Industrials,Integrated Freight & Logistics
BCPC,Balchem Corporation Common Stock,$177.66,3.21,1.84%,5689631143.00,United States,,227530,Industrials,Major Chemicals
BCRX,BioCryst Pharmaceuticals Inc. Common Stock,$9.50,-0.02,-0.21%,2382605890.00,United States,1994,3656652,Health Care,Biotechnology: Biological Products (No Diagnostic Substances)
BCS,Barclays PLC Common Stock,$24.30,0.80,3.404%,84479509775.00,United Kingdom,,9226888,Finance,Commercial Banks
BCSF,Bain Capital Specialty Finance Inc. Common Stock,$13.54,0.30,2.266%,878319585.00,United States,2018,398357,Finance,Finance/Investors Services
BCSS,Bain Capital GSS Investment Corp. Class A Ordinary Shares,$10.17,0.04,0.395%,0.00,,2025,571047,,
BCTX,BriaCell Therapeutics Corp. Common Shares,$4.43,0.11,2.546%,32119657.00,Canada,,113779,Health Care,Biotechnology: Pharmaceutical Preparations
BCTXL,BriaCell Therapeutics Corp. Warrant expiring 2031,$1.07,-0.015,-1.382%,7758021.00,Canada,,55435,,
BCTXZ,BriaCell Therapeutics Corp. Warrant expiring 2030,$0.1426,0.0126,9.692%,1033919.00,Canada,,4336,Health Care,Biotechnology: Pharmaceutical Preparations
BCV,Bancroft Fund Ltd.,$23.83,0.0265,0.111%,0.00,United States,1972,21952,Finance,Finance/Investors Services
BCV^A,Bancroft Fund Limited 5.375% Series A Cumulative Preferred Shares,$21.50,-0.14,-0.647%,,United States,,498,,
BCX,BlackRock Resources Common Shares of Beneficial Interest,$12.19,-0.27,-2.167%,1034419142.00,United States,2011,365177,Finance,Finance/Investors Services
BCYC,Bicycle Therapeutics plc American Depositary Shares,$5.33,0.19,3.696%,267934207.00,United Kingdom,2019,280785,Health Care,Biotechnology: Pharmaceutical Preparations
BDC,Belden Inc Common Stock,$130.98,4.61,3.648%,5099497518.00,United States,,285837,Industrials,Telecommunications Equipment
BDCI,BTC Development Corp. Class A Ordinary Shares,$10.00,0.00,0.00%,0.00,United States,2025,163,Finance,Blank Checks
BDCIU,BTC Development Corp. Unit,$10.13,0.01,0.099%,0.00,United States,2025,100,Finance,Blank Checks
BDCIW,BTC Development Corp. Warrant,$0.45,0.00,0.00%,0.00,United States,2025,344,Finance,Blank Checks
BDJ,Blackrock Enhanced Equity Dividend Trust,$9.20,0.06,0.656%,1628320328.00,United States,2005,577191,Finance,Finance Companies
BDL,Flanigan's Enterprises Inc. Common Stock,$31.36,0.00,0.00%,58287170.00,United States,1972,166,Consumer Discretionary,Restaurants
BDMD,Baird Medical Investment Holdings Ltd Ordinary Share,$1.76,0.02,1.149%,65147982.00,China,,133297,Health Care,Medical/Dental Instruments
BDN,Brandywine Realty Trust Common Stock,$2.96,0.13,4.594%,514187070.00,United States,,2306822,Real Estate,Real Estate Investment Trusts
BDRX,Biodexa Pharmaceuticals plc American Depositary Shs,$3.48,0.01,0.288%,2256133.00,United Kingdom,,14845,Health Care,Biotechnology: Pharmaceutical Preparations
BDSX,Biodesix Inc. Common Stock,$13.14,-0.17,-1.277%,132808858.00,United States,2020,30507,Health Care,Medical Specialities
BDTX,Black Diamond Therapeutics Inc. Common Stock,$3.06,0.14,4.795%,175303575.00,United States,2020,998258,Health Care,Biotechnology: Biological Products (No Diagnostic Substances)
BDX,Becton Dickinson and Company Common Stock,$158.54,3.72,2.403%,45142966399.00,United States,,3581998,Health Care,Medical/Dental Instruments
BE,Bloom Energy Corporation Class A Common Stock,$207.86,-2.20,-1.047%,58701760892.00,United States,2018,11297968,Energy,Industrial Machinery/Components
BEAG,Bold Eagle Acquisition Corp. Class A Ordinary Shares,$10.53,-0.02,-0.19%,0.00,United States,2024,55062,,
BEAGR,Bold Eagle Acquisition Corp. Right,$0.24,0.00,0.00%,0.00,United States,2024,5417,,
BEAGU,Bold Eagle Acquisition Corp. Units,$10.74,-0.03,-0.279%,0.00,United States,2024,185,,
BEAM,Beam Therapeutics Inc. Common Stock,$31.39,1.06,3.495%,3197267531.00,United States,2020,1937607,Health Care,Biotechnology: Biological Products (No Diagnostic Substances)
BEAT,Heartbeam Inc. Common Stock,$0.92,0.11,13.58%,37800841.00,United States,2021,7556643,Health Care,Medical/Dental Instruments
BEATW,Heartbeam Inc. Warrant,$0.1058,-0.0067,-5.956%,4347097.00,United States,2021,6266,Health Care,Medical/Dental Instruments
BEBE,TGE Value Creative Solutions Corp Class A Ordinary Shares,$9.89,0.00,0.00%,127284300.00,,2026,100000,Consumer Discretionary,Diversified Commercial Services
BEEM,Beam Global Common Stock,$1.52,0.01,0.662%,32128214.00,United States,,258743,Technology,Semiconductors
BEEP,Mobile Infrastructure Corporation Common Stock,$2.07,-0.02,-0.957%,85284000.00,United States,,58212,Finance,Blank Checks
BEKE,KE Holdings Inc American Depositary Shares (each representing three Class A Ordinary Shares),$16.24,0.08,0.495%,18899042125.00,China,2020,3960893,Finance,Real Estate
BELFA,Bel Fuse Inc. Class A Common Stock,$234.62,12.89,5.813%,2993512826.00,United States,,87757,,
BELFB,Bel Fuse Inc. Class B Common Stock,$254.25,12.76,5.284%,3243971682.00,United States,,149620,,
BEN,Franklin Resources Inc. Common Stock,$27.27,0.72,2.712%,14201219227.00,United States,,6170454,Finance,Investment Managers
BENF,Beneficient Class A Common Stock,$3.17,-0.05,-1.553%,45057524.00,United States,,59955,Finance,Finance: Consumer Services
BENFW,Beneficient Warrant,$0.0102,-0.0002,-1.923%,144980.00,United States,,41797,Finance,Finance: Consumer Services
BEP,Brookfield Renewable Partners L.P. Limited Partnership Units,$34.59,-0.09,-0.26%,23523991205.00,Canada,,483910,Utilities,Electric Utilities: Central
BEP^A,Brookfield Renewable Partners L.P. 5.25% Class A Preferred Limited Partnership Units Series 17,$18.09,0.2899,1.629%,,Canada,,4985,,
BEPC,Brookfield Renewable Corporation Brookfield Renewable Corporation Class A Subordinate Voting Shares,$42.82,-0.79,-1.812%,6231181687.00,United States,,829569,Utilities,Electric Utilities: Central
BEPH,Brookfield BRP Holdings (Canada) Inc. 4.625% Perpetual Subordinated Notes,$14.96,0.05,0.335%,4295978526.00,Canada,,9410,Utilities,Electric Utilities: Central
BEPI,Brookfield BRP Holdings (Canada) Inc. 4.875% Perpetual Subordinated Notes,$15.73,0.11,0.704%,4517095068.00,Canada,2021,1822,Utilities,Electric Utilities: Central
BEPJ,Brookfield BRP Holdings (Canada) Inc. 7.250% Perpetual Subordinated Notes,$25.04,0.37,1.50%,7190595074.00,Canada,2024,4492,Utilities,Electric Utilities: Central
BESS,Bimergen Energy Corporation Common Stock,$2.86,-0.10,-3.378%,20227559.00,,2026,22287,Utilities,Electric Utilities: Central
BETA,Beta Technologies Inc. Class A Common Stock,$18.05,0.69,3.975%,4147001128.00,United States,2025,1179669,Industrials,Aerospace
BETR,Better Home & Finance Holding Company Class A Common Stock,$41.23,3.90,10.447%,688346724.00,United Kingdom,2021,871274,Finance,Finance: Consumer Services
BETRW,Better Home & Finance Holding Company Warrant,$0.282,-0.0579,-17.034%,4708071.00,United Kingdom,2021,2940,Finance,Finance: Consumer Services
BF/A,Brown Forman Corporation,$29.73,-0.05,-0.168%,,United States,,281090,,
BF/B,Brown Forman Corporation,$29.15,-0.31,-1.052%,,United States,,5675243,,
BFAM,Bright Horizons Family Solutions Inc. Common Stock,$84.76,0.04,0.047%,4671432550.00,United States,2013,714835,Consumer Discretionary,Other Consumer Services
BFC,Bank First Corporation Common Stock,$140.87,-1.82,-1.275%,1580905264.00,United States,,166638,Finance,Major Banks
BFH,Bread Financial Holdings Inc. Common Stock,$90.58,6.06,7.17%,3752065177.00,United States,,1329760,Real Estate,Real Estate
BFH^A,Bread Financial Holdings Inc. Depositary Shares each representing a 1/40th interest in a share of 8.625% Non-Cumulative Perpetual Preferred Stock Series A,$25.0101,0.0801,0.321%,,United States,,12832,,
BFLY,Butterfly Network Inc. Class A Common Stock,$5.45,0.16,3.025%,1387749125.00,United States,2020,6240745,Health Care,Medical Electronics
BFRG,Bullfrog AI Holdings Inc. Common Stock,$0.9943,-0.0857,-7.935%,18341957.00,United States,2023,690644,Health Care,Biotechnology: Pharmaceutical Preparations
BFRGW,Bullfrog AI Holdings Inc. Warrants,$0.251,-0.0688,-21.513%,4630223.00,United States,2023,2860,Health Care,Biotechnology: Pharmaceutical Preparations
BFRI,Biofrontera Inc. Common Stock,$1.10,0.02,1.852%,12813155.00,United States,2021,229595,Health Care,Biotechnology: Pharmaceutical Preparations
BFRIW,Biofrontera Inc. Warrants,$0.0374,-0.0025,-6.266%,435647.00,United States,2021,11405,Health Care,Biotechnology: Pharmaceutical Preparations
BFS,Saul Centers Inc. Common Stock,$34.43,0.68,2.015%,843389533.00,United States,1993,61793,Real Estate,Real Estate Investment Trusts
BFS^D,Saul Centers Inc. Depositary Shares each representing 1/100th of a share of 6.125% Series D Cumulative Redeemable Preferred Stock,$20.49,0.09,0.441%,,United States,,4734,,
BFS^E,Saul Centers Inc. Depositary shares each representing a 1/100th fractional interest in a share of 6.000% Series E Cumulative Redeemable Preferred Stock,$22.57,0.60,2.731%,,United States,,731,,
BFST,Business First Bancshares Inc. Common Stock,$29.00,0.85,3.02%,948074409.00,United States,,232334,Finance,Major Banks
BG,Bunge Limited Common Shares,$119.26,-3.75,-3.049%,23065916315.00,United States,,2016063,Consumer Staples,Packaged Foods
BGB,Blackstone Strategic Credit 2027 Term Fund Common Shares of Beneficial Interest,$11.38,0.09,0.797%,0.00,United States,2012,107078,Finance,Trusts Except Educational Religious and Charitable
BGC,BGC Group Inc. Class A Common Stock,$11.81,0.14,1.20%,5601034657.00,United States,,2831559,Finance,Investment Bankers/Brokers/Service
BGH,Barings Global Short Duration High Yield Fund Common Shares of Beneficial Interests,$14.46,0.13,0.907%,0.00,United States,2012,66623,Finance,Investment Managers
BGI,Birks Group Inc. Common Stock,$0.8501,0.0391,4.821%,16657443.00,Canada,,31558,Consumer Discretionary,Consumer Specialties
BGIN,Bgin Blockchain Limited Class A Ordinary Shares,$3.125,0.1359,4.547%,353549816.00,China,2025,3371,Finance,Finance: Consumer Services
BGL,Blue Gold Limited Class A Ordinary Shares,$1.22,0.15,14.019%,42880209.00,United Kingdom,,691898,Basic Materials,Metal Mining
BGLC,BioNexus Gene Lab Corp Common stock,$2.2001,0.0224,1.029%,5318333.00,Malaysia,,1396,Health Care,Medical Specialities
BGLWW,Blue Gold Limited Warrant,$0.2328,0.0028,1.217%,8182387.00,United Kingdom,,53474,Basic Materials,Metal Mining
BGM,BGM Group Ltd. Class A Ordinary Shares,$0.323,0.007,2.215%,59419058.00,China,2021,67894,Health Care,Biotechnology: Pharmaceutical Preparations
BGMS,Bio Green Med Solution Inc. Common Stock,$1.05,0.00,0.00%,0.00,United States,,291399,,
BGR,BlackRock Energy and Resources Trust,$15.75,-0.45,-2.778%,2135482556.00,United States,2004,243959,Finance,Trusts Except Educational Religious and Charitable
BGS,B&G Foods Inc. Common Stock,$5.43,0.11,2.068%,436632159.00,United States,,1526184,Consumer Staples,Packaged Foods
BGSF,BGSF Inc. Common Stock,$6.03,0.01,0.166%,67801121.00,United States,,13174,Consumer Discretionary,Professional Services
BGSI,Boyd Group Services Inc. Common Shares,$122.75,1.37,1.129%,3416140356.00,Canada,,21102,,
BGT,BlackRock Floating Rate Income Trust,$10.95,0.01,0.091%,0.00,United States,2004,162455,Finance,Trusts Except Educational Religious and Charitable
BGX,Blackstone Long Short Credit Income Fund Common Shares,$11.08,0.09,0.819%,0.00,,2011,36930,Finance,Trusts Except Educational Religious and Charitable
BGY,Blackrock Enhanced International Dividend Trust,$5.85,0.09,1.563%,0.00,United States,2007,531762,Finance,Trusts Except Educational Religious and Charitable
BH,Biglari Holdings Inc. Class B Common Stock,$307.66,-7.23,-2.296%,705869261.00,United States,2018,93128,Consumer Discretionary,Restaurants
BHAV,BHAV Acquisition Corp Class A Ordinary Shares,$9.86,0.00,0.00%,0.00,United States,2026,993004,,
BHAVR,BHAV Acquisition Corp Rights,$0.2201,0.0001,0.045%,0.00,United States,2026,17400,Finance,Blank Checks
BHAVU,BHAV Acquisition Corp Units,$10.12,0.02,0.198%,0.00,United States,2026,5692,,
BHB,Bar Harbor Bankshares Inc. Common Stock,$34.84,0.53,1.545%,583294903.00,United States,1997,67592,Finance,Major Banks
BHC,Bausch Health Companies Inc. Common Stock,$5.90,0.08,1.375%,2203435175.00,Canada,,1602357,Health Care,Biotechnology: Pharmaceutical Preparations
BHE,Benchmark Electronics Inc. Common Stock,$65.05,1.75,2.765%,2320141277.00,United States,,289617,Technology,Electrical Products
BHF,Brighthouse Financial Inc. Common Stock,$62.22,-0.08,-0.128%,3573974416.00,United States,,435736,Finance,Life Insurance
BHFAL,Brighthouse Financial Inc. 6.25% Junior Subordinated Debentures due 2058,$17.16,0.08,0.468%,985686290.00,United States,,21392,Finance,Life Insurance
BHFAM,Brighthouse Financial Inc. Depositary shares each representing a 1/1000th Interest in a Share of 4.625% Non-Cumulative Preferred Stock Series D,$11.835,0.005,0.042%,679813359.00,United States,,5459,Finance,Life Insurance
BHFAN,Brighthouse Financial Inc. Depositary shares each representing a 1/1000th interest in a share of 5.375% Non-Cumulative Preferred Stock Series C,$13.14,-0.08,-0.605%,754773768.00,United States,,39538,Finance,Life Insurance
BHFAO,Brighthouse Financial Inc. Depositary Shares 6.75% Non-Cumulative Preferred Stock Series B,$16.74,-0.11,-0.653%,961561101.00,United States,,35148,Finance,Life Insurance
BHFAP,Brighthouse Financial Inc. Depositary Shares 6.6% Non-Cumulative Preferred Stock Series A,$16.20,0.00,0.00%,930543001.00,United States,,24033,Finance,Life Insurance
BHK,Blackrock Core Bond Trust,$9.31,0.05,0.54%,0.00,United States,2001,357316,Finance,Finance Companies
BHM,Bluerock Homes Trust Inc. Class A Common Stock,$11.214,-0.146,-1.285%,144619871.00,,2022,2923,Real Estate,Real Estate Investment Trusts
BHP,BHP Group Limited American Depositary Shares (Each representing two Ordinary Shares),$80.45,0.98,1.233%,204299282505.00,Australia,,3218535,Energy,Coal Mining
BHR,Braemar Hotels & Resorts Inc. Common Stock,$2.57,0.09,3.629%,176505847.00,United States,2013,695074,Real Estate,Real Estate Investment Trusts
BHR^B,Braemar Hotels & Resorts Inc. 5.50% Series B Cumulative Convertible Preferred Stock par value $0.01 per share,$15.11,-0.09,-0.592%,,United States,,20319,,
BHR^D,Braemar Hotels & Resorts Inc. 8.25% Series D Cumulative Preferred Stock  par value $0.01 per share,$17.48,0.305,1.776%,,United States,,4109,,
BHRB,Burke & Herbert Financial Services Corp. Common Stock,$66.25,1.13,1.735%,996324276.00,United States,,224115,Finance,Major Banks
BHST,BioHarvest Sciences Inc. Common Stock,$4.35,0.08,1.874%,98546157.00,Canada,,12151,,
BHV,BlackRock Virginia Municipal Bond Trust,$11.12,0.29,2.678%,0.00,United States,2002,579,Finance,Finance/Investors Services
BHVN,Biohaven Ltd. Common Shares ,$10.98,0.97,9.69%,1651618012.00,United States,2022,2693650,Health Care,Biotechnology: Pharmaceutical Preparations
BIAF,bioAffinity Technologies Inc. Common Stock,$2.86,0.10,3.623%,12866211.00,United States,2022,270896,Health Care,Biotechnology: Commercial Physical & Biological Resarch
BIAFW,bioAffinity Technologies Inc. Warrant,$0.33,-0.03,-8.333%,1484563.00,United States,2022,250,Health Care,Biotechnology: Commercial Physical & Biological Resarch
BIDU,Baidu Inc. ADS,$126.13,1.10,0.88%,42916067880.00,China,2005,2619370,Technology,Computer Software: Programming Data Processing
BIIB,Biogen Inc. Common Stock,$177.35,1.33,0.756%,26027624941.00,United States,,1239452,Health Care,Biotechnology: Biological Products (No Diagnostic Substances)
BIII,Black Spade Acquisition III Co Class A Ordinary Shares,$9.87,0.00,0.00%,0.00,,2026,114,Finance,Blank Checks
BILI,Bilibili Inc. American Depositary Shares,$25.15,-0.10,-0.396%,10512360500.00,China,2018,1968206,Technology,EDP Services
BILL,BILL Holdings Inc. Common Stock,$38.81,0.60,1.57%,3840654676.00,United States,2019,1763690,Technology,EDP Services
BIO,Bio-Rad Laboratories Inc. Class A Common Stock,$299.02,7.93,2.724%,8070667614.00,United States,1980,186599,Industrials,Biotechnology: Laboratory Analytical Instruments
BIO/B,Bio-Rad Laboratories Inc.,$277.00,0.00,0.00%,,United States,,4,,
BIOA,BioAge Labs Inc. Common Stock,$18.49,1.50,8.829%,820581633.00,United States,2024,508238,Health Care,Biotechnology: Pharmaceutical Preparations
BIOX,Bioceres Crop Solutions Corp. Ordinary Shares,$0.5943,-0.0438,-6.864%,37576542.00,Argentina,,368183,Industrials,Agricultural Chemicals
BIP,Brookfield Infrastructure Partners LP Limited Partnership Units,$36.56,0.31,0.855%,16835470089.00,Bermuda,,683536,Consumer Discretionary,Marine Transportation
BIP^A,Brookfield Infrastructure Partners LP 5.125% Class A Preferred Limited Partnership Units Series 13,$17.085,-0.015,-0.088%,,Bermuda,,3391,,
BIP^B,Brookfield Infrastructure Partners LP 5.000% Class A Preferred Limited Partnership Units Series 14,$16.31,0.06,0.369%,,Bermuda,,5114,,
BIPC,Brookfield Infrastructure Corporation Brookfield Infrastructure Corporation,$41.96,0.31,0.744%,5580468354.00,Canada,,615566,Utilities,Oil & Gas Production
BIPH,Brookfield Infrastructure Corporation 5.000% Subordinated Notes due 2081,$16.50,0.09,0.548%,7612175538.00,Canada,2021,22612,Utilities,Oil & Gas Production
BIPI,BIP Bermuda Holdings I Limited 5.125% Perpetual Subordinated Notes,$16.50,-0.11,-0.662%,156368850.00,Bermuda,2022,11383,Consumer Discretionary,Marine Transportation
BIPJ,Brookfield Infrastructure Corporation 7.250% Subordinated Notes due 2084,$24.22,0.34,1.424%,11173751002.00,Canada,2024,6827,Utilities,Oil & Gas Production
BIRD,Allbirds Inc. Class A Common Stock,$10.80,-0.11,-1.008%,94047836.00,United States,2021,20050455,Consumer Discretionary,Apparel
BIRK,Birkenstock Holding plc Ordinary Shares,$39.54,2.13,5.694%,7271645454.00,,2023,2679523,Consumer Discretionary,Shoe Manufacturing
BIT,BlackRock Multi-Sector Income Trust Common Shares of Beneficial Interest,$12.75,0.06,0.473%,0.00,United States,2013,262213,Finance,Trusts Except Educational Religious and Charitable
BIVI,BioVie Inc. Class A Common Stock,$1.56,0.10,6.849%,11767971.00,United States,,144740,Health Care,Biotechnology: Pharmaceutical Preparations
BIVIW,BioVie Inc. Warrant,$0.30,0.02,7.143%,2263071.00,United States,,2000,Health Care,Biotechnology: Pharmaceutical Preparations
BIXI,Bitcoin Infrastructure Acquisition Corp Ltd. Class A Ordinary Shares,$9.94,0.01,0.101%,0.00,United States,2025,1214,,
BIXIU,Bitcoin Infrastructure Acquisition Corp Ltd. Unit ,$10.05,0.02,0.199%,0.00,United States,2025,2852,Finance,Blank Checks
BIXIW,Bitcoin Infrastructure Acquisition Corp Ltd. Warrant,$0.30,0.00,0.00%,0.00,United States,2025,123,,
BIYA,Baiya International Group Inc. Ordinary Shares,$0.975,-0.055,-5.34%,1565120.00,China,2025,1144247,Consumer Discretionary,Diversified Commercial Services
BJ,BJ's Wholesale Club Holdings Inc. Common Stock,$92.07,-0.17,-0.184%,11939323457.00,United States,2018,1889105,Consumer Discretionary,Department/Specialty Retail Stores
BJDX,Bluejay Diagnostics Inc. Common Stock,$2.00,0.035,1.781%,1944430.00,United States,2021,6765,Health Care,Medical/Dental Instruments
BJRI,BJ's Restaurants Inc. Common Stock,$39.19,1.89,5.067%,830717759.00,United States,,392453,Consumer Discretionary,Restaurants
BK,The Bank of New York Mellon Corporation Common Stock,$135.10,0.26,0.193%,92979465268.00,United States,,6832153,Finance,Major Banks
BK^K,The Bank Of New York Mellon Corporation  Depositary Shares each representing a 1/4000th interest in a share of Series K Noncumulative Perpetual Preferred Stock,$25.48,0.01,0.039%,,United States,,43503,,
BKD,Brookdale Senior Living Inc. Common Stock,$13.74,-0.39,-2.76%,3267267755.00,United States,2005,3317040,Health Care,Hospital/Nursing Management
BKE,Buckle Inc. (The) Common Stock,$54.62,1.65,3.115%,2813917857.00,United States,,528257,Consumer Discretionary,Clothing/Shoe/Accessory Stores
BKH,Black Hills Corporation Common Stock,$76.07,-0.76,-0.989%,5785483083.00,United States,,986734,Utilities,Electric Utilities: Central
BKHA,Black Hawk Acquisition Corporation Class A Ordinary Shares,$11.62,0.00,0.00%,0.00,United States,2024,1,Health Care,Biotechnology: Biological Products (No Diagnostic Substances)
BKKT,Bakkt Inc. Class A Common Stock,$9.19,-0.37,-3.87%,280865662.00,United States,,1457445,Finance,Finance: Consumer Services
BKNG,Booking Holdings Inc. Common Stock,$192.01,7.45,4.037%,152039979137.00,United States,,7876273,Consumer Discretionary,Transportation Services
BKR,Baker Hughes Company Class A Common Stock,$59.78,-0.82,-1.353%,59287254204.00,United States,,12529115,Consumer Discretionary,Oil and Gas Field Machinery
BKSY,BlackSky Technology Inc. Class A Common Stock,$37.57,-1.43,-3.667%,1389895162.00,United States,2019,2677500,Technology,Radio And Television Broadcasting And Communications Equipment
BKT,BlackRock Income Trust Inc. (The),$10.75,0.05,0.467%,1599196563.00,United States,,89225,Finance,Investment Bankers/Brokers/Service
BKTI,BK Technologies Corporation Common Stock,$95.98,-0.97,-1.001%,363332578.00,United States,,68350,Technology,Radio And Television Broadcasting And Communications Equipment
BKU,BankUnited Inc. Common Stock,$47.89,1.00,2.133%,3530450848.00,United States,2011,811502,Finance,Savings Institutions
BKV,BKV Corporation Common Stock,$27.75,0.45,1.648%,2841069337.00,United States,2024,1677306,Energy,Oil & Gas Production
BKYI,BIO-key International Inc. Common Stock,$0.6302,-0.0153,-2.37%,6837429.00,United States,,219731,Technology,Computer Software: Prepackaged Software
BL,BlackLine Inc. Common Stock,$31.51,-1.20,-3.669%,1878676301.00,United States,2016,1046499,Technology,Computer Software: Prepackaged Software
BLBD,Blue Bird Corporation Common Stock,$61.76,2.63,4.448%,1951115868.00,United States,2014,366292,Consumer Discretionary,Construction/Ag Equipment/Trucks
BLCO,Bausch + Lomb Corporation Common Shares,$16.82,0.23,1.386%,5994355803.00,,2022,421092,Health Care,Ophthalmic Goods
BLD,TopBuild Corp. Common Stock,$410.31,22.20,5.72%,11548231162.00,United States,2015,382589,Consumer Discretionary,Engineering & Construction
BLDP,Ballard Power Systems Inc. Common Shares,$2.96,0.06,2.069%,890703830.00,Canada,,3536865,Energy,Industrial Machinery/Components
BLDR,Builders FirstSource Inc. Common Stock,$88.50,4.60,5.483%,9788914908.00,United States,2005,2737616,Consumer Discretionary,RETAIL: Building Materials
BLFS,BioLife Solutions Inc. Common Stock,$21.50,0.65,3.118%,1038450000.00,United States,,295892,Health Care,Biotechnology: Electromedical & Electrotherapeutic Apparatus
BLIN,Bridgeline Digital Inc. Common Stock,$0.8881,0.0046,0.521%,11189953.00,United States,2007,12231,Technology,Computer Software: Prepackaged Software
BLIV,BeLive Holdings Ordinary Share,$2.50,0.101,4.21%,27162005.00,Singapore,2025,1543,Technology,EDP Services
BLK,BlackRock Inc. Common Stock,$1052.14,27.19,2.653%,163465445970.00,United States,1999,1105191,Finance,Investment Bankers/Brokers/Service
BLKB,Blackbaud Inc. Common Stock,$38.76,0.25,0.649%,1780380677.00,United States,2004,388876,Technology,Computer Software: Prepackaged Software
BLLN,BillionToOne Inc. Class A Common Stock,$79.43,0.61,0.774%,3651064447.00,United States,2025,493921,Health Care,Medical Specialities
BLMN,Bloomin' Brands Inc. Common Stock,$6.73,0.33,5.156%,573581903.00,United States,2012,2138487,Consumer Discretionary,Restaurants
BLND,Blend Labs Inc. Class A Common Stock,$1.57,0.00,0.00%,403670131.00,United States,2021,6138352,Technology,Computer Software: Programming Data Processing
BLNE,Beeline Holdings Inc. Common Stock,$2.38,0.05,2.146%,72940738.00,United States,,812255,Finance,Finance: Consumer Services
BLNK,Blink Charging Co. Common Stock,$0.6958,0.029,4.349%,99600095.00,United States,,3422917,Consumer Discretionary,Industrial Specialties
BLRK,Bluerock Acquisition Corp. Class A Ordinary Shares,$9.91,0.00,0.00%,0.00,United States,2026,101077,,
BLRKU,Bluerock Acquisition Corp. Unit,$10.02,0.00,0.00%,0.00,United States,2025,100,,
BLRKW,Bluerock Acquisition Corp. Warrants,$0.3477,0.0867,33.218%,0.00,United States,2026,52000,,
BLRX,BioLineRx Ltd. American Depositary Shares,$2.45,0.06,2.51%,10660825.00,Israel,,7880,Health Care,Biotechnology: Pharmaceutical Preparations
BLSH,Bullish Ordinary Shares,$43.51,2.09,5.046%,6539649070.00,Cayman Islands,2025,1163873,Finance,Finance: Consumer Services
BLTE,Belite Bio Inc American Depositary Shares,$165.45,7.40,4.682%,6508796382.00,United States,2022,171766,Health Care,Biotechnology: Pharmaceutical Preparations
BLUW,Blue Water Acquisition Corp. III Class A Ordinary Shares,$10.255,0.00,0.00%,74297475.00,United States,2025,622,,
BLUWW,Blue Water Acquisition Corp. III Warrant.,$0.4499,0.0499,12.475%,3259526.00,United States,2025,764,,
BLW,Blackrock Limited Duration Income Trust,$12.82,0.07,0.549%,457818263.00,United States,2003,168482,Consumer Discretionary,Other Consumer Services
BLX,Banco Latinoamericano de Comercio Exterior S.A.,$56.55,0.68,1.217%,2080520871.00,Panama,1992,102907,Finance,Commercial Banks
BLZE,Backblaze Inc. Class A Common Stock,$4.10,0.10,2.50%,246060397.00,United States,2021,510807,Technology,Computer Software: Prepackaged Software
BLZR,Trailblazer Acquisition Corp. Class A Ordinary Shares,$10.061,0.001,0.01%,0.00,United States,2025,10295,Finance,Blank Checks
BLZRU,Trailblazer Acquisition Corp. Unit,$10.19,0.01,0.098%,0.00,United States,2025,3863,,
BLZRW,Trailblazer Acquisition Corp. Warrant,$0.35,0.00,0.00%,0.00,United States,2025,2400,Finance,Blank Checks
BMA,Banco Macro S.A.  ADR (representing Ten Class B Common Shares),$81.99,0.35,0.429%,5242550549.00,Argentina,,528714,Finance,Commercial Banks
BMBL,Bumble Inc. Class A Common Stock,$4.26,-0.05,-1.16%,553015040.00,United States,2021,3355852,Technology,Computer Software: Programming Data Processing
BME,Blackrock Health Sciences Trust,$39.92,0.24,0.605%,532254079.00,United States,2005,30778,Finance,Trusts Except Educational Religious and Charitable
BMEA,Biomea Fusion Inc. Common Stock,$2.21,0.28,14.508%,159781762.00,United States,2021,3431776,Health Care,Biotechnology: Pharmaceutical Preparations
BMEZ,BlackRock Health Sciences Term Trust Common Shares of Beneficial Interest,$14.63,0.12,0.827%,195062053.00,United States,2020,195800,Finance,Trusts Except Educational Religious and Charitable
BMGL,Basel Medical Group Ltd Ordinary Shares,$0.571,-0.0289,-4.817%,10726663.00,Singapore,2025,44240,Health Care,Medical/Nursing Services
BMHL,Bluemount Holdings Limited Class B Ordinary Shares,$3.58,0.115,3.319%,85938426.00,Hong Kong,2025,253,Finance,Finance: Consumer Services
BMI,Badger Meter Inc. Common Stock,$115.54,-36.75,-24.132%,3371641833.00,United States,1971,4163898,Industrials,Industrial Machinery/Components
BML^G,Bank of America Corporation Depositary Shares (Each representing a 1/1200th interest in a share of Floating Rate Non-Cumulative Preferred Stock  Series 1),$19.30,-0.165,-0.848%,,United States,,2086,,
BML^H,Bank of America Corporation Depositary Shares (Each representing a 1/1200th interest in a Share of Floating Rate Non-Cumulative Preferred Stock Series 2),$19.44,0.02,0.103%,,United States,,9504,,
BML^J,Bank of America Corporation Depositary Shares (Each representing a 1/1200th interest in a Share of Floating Rate Non-Cumulative Preferred Stock Series 4),$19.85,-0.08,-0.401%,,United States,,19015,,
BML^L,Bank of America Corporation Depositary Shares (Each representing a 1/1200th Interest in a Share of Floating Rate Non-Cumulative Preferred Stock Series 5),$19.68,0.00,0.00%,,United States,,9183,,
BMM,Blue Moon Metals Inc. Common Shares,$7.73,-0.36,-4.45%,684142684.00,Canada,,106211,,
BMN,BlackRock 2037 Municipal Target Term Trust Common Shares of Beneficial Interest,$26.26,-0.30,-1.13%,0.00,,2022,3592,Finance,Trusts Except Educational Religious and Charitable
BMNR,BitMine Immersion Technologies Inc. Common Stock,$22.95,0.51,2.273%,12338581396.00,United States,2025,63359960,Finance,Finance: Consumer Services
BMO,Bank Of Montreal Common Stock,$151.95,2.65,1.775%,107112580780.00,Canada,,681954,Finance,Commercial Banks
BMR,Beamr Imaging Ltd. Ordinary Share,$1.83,0.03,1.667%,28419633.00,Israel,2023,94027,Technology,Computer Software: Prepackaged Software
BMRA,Biomerica Inc. Common Stock,$2.18,-0.02,-0.909%,6736786.00,United States,,10563,Health Care,Biotechnology: In Vitro & In Vivo Diagnostic Substances
BMRC,Bank of Marin Bancorp Common Stock,$26.41,0.15,0.571%,425900495.00,United States,,304124,Finance,Major Banks
BMRN,BioMarin Pharmaceutical Inc. Common Stock,$54.64,0.54,0.998%,10508548336.00,United States,1999,2070684,Health Care,Biotechnology: Pharmaceutical Preparations
BMY,Bristol-Myers Squibb Company Common Stock,$60.17,1.21,2.052%,122851222327.00,United States,,11535160,Health Care,Biotechnology: Pharmaceutical Preparations
BN,Brookfield Corporation Class A Limited Voting Shares,$46.59,0.64,1.393%,104227833541.00,Canada,1925,5361979,Real Estate,Building operators
BNAI,Brand Engagement Network Inc. Common Stock,$38.01,-1.19,-3.036%,219641317.00,United States,2021,927254,Technology,EDP Services
BNAIW,Brand Engagement Network Inc. Warrant,$0.2487,-0.0013,-0.52%,1437116.00,United States,2021,66395,Technology,EDP Services
BNBX,BNB Plus Corp. Common Stock,$0.589,0.013,2.257%,3208559.00,United States,,158112,Consumer Discretionary,Other Consumer Services
BNC,CEA Industries Inc. Common Stock,$2.74,0.11,4.183%,117534604.00,United States,,615885,Industrials,Industrial Machinery/Components
BNCWW,CEA Industries Inc. Warrant,$0.0255,-0.0084,-24.779%,0.00,United States,,2100,,
BNCWZ,CEA Industries Inc. Warrant,$0.5195,0.0295,6.02%,22284389.00,United States,,7796,Industrials,Industrial Machinery/Components
BNED,Barnes & Noble Education Inc Common Stock,$11.09,0.73,7.046%,380343960.00,United States,2015,348150,Consumer Discretionary,Other Specialty Stores
BNGO,Bionano Genomics Inc. Common Stock,$1.29,0.03,2.381%,14308183.00,United States,2018,136170,Industrials,Biotechnology: Laboratory Analytical Instruments
BNH,Brookfield Finance Inc. 4.625% Subordinated Notes due October 16 2080,$16.03,0.10,0.628%,24169985333.00,Canada,2020,38298,Real Estate,Building operators
BNJ,Brookfield Finance Inc. 4.50% Perpetual Subordinated Notes,$15.31,0.14,0.923%,23084371519.00,Canada,2020,16913,Real Estate,Building operators
BNKK,Bonk Inc. Common Stock,$2.92,0.17,6.182%,22925840.00,United States,2020,189654,Consumer Discretionary,Package Goods/Cosmetics
BNL,Broadstone Net Lease Inc. Common Stock,$20.36,0.36,1.80%,3900739132.00,United States,2020,3008557,Real Estate,Real Estate Investment Trusts
BNR,Burning Rock Biotech Limited American Depositary Shares,$20.67,-1.83,-8.133%,222545539.00,China,2020,37216,Health Care,Medical Specialities
BNRG,Brenmiller Energy Ltd Ordinary Shares,$3.48,-0.09,-2.521%,1793818.00,Israel,,74290,Industrials,Building Products
BNS,Bank Nova Scotia Halifax Pfd 3 Ordinary Shares,$76.56,1.56,2.08%,94358939822.00,Canada,,4414973,Finance,Major Banks
BNT,Brookfield Wealth Solutions Ltd. Class A Exchangeable Limited Voting Shares,$46.89,0.71,1.537%,15598332917.00,,2021,36619,Finance,Property-Casualty Insurers
BNTC,Benitec Biopharma Inc. Common Stock,$14.08,0.62,4.606%,483709023.00,United States,2015,136764,Health Care,Biotechnology: Pharmaceutical Preparations
BNTX,BioNTech SE American Depositary Share,$102.92,0.80,0.783%,25866403993.00,Germany,2019,777533,Health Care,Biotechnology: Biological Products (No Diagnostic Substances)
BNZI,Banzai International Inc. Class A Common Stock,$0.6281,0.008,1.29%,11026739.00,United States,2021,1057342,Technology,Computer Software: Prepackaged Software
BNZIW,Banzai International Inc. Warrant,$0.018,-0.0005,-2.703%,316003.00,United States,2021,30944,Technology,Computer Software: Prepackaged Software
BOBS,Bob's Discount Furniture Inc. Common Stock,$13.02,1.12,9.412%,1697379121.00,,2026,1650918,Consumer Discretionary,Other Specialty Stores
BOC,Boston Omaha Corporation Class A Common Stock,$12.25,0.05,0.41%,375659456.00,United States,2022,141764,Finance,Real Estate
BODI,The Beachbody Company Inc. Class A Common Stock,$12.22,1.23,11.192%,87736227.00,United States,,116835,Consumer Discretionary,Other Consumer Services
BOE,Blackrock Enhanced Global Dividend Trust Common Shares of Beneficial Interest,$11.77,0.06,0.512%,0.00,United States,2005,155818,Finance,Trusts Except Educational Religious and Charitable
BOF,BranchOut Food Inc. Common Stock,$4.67,0.37,8.605%,68099883.00,United States,2023,93765,Consumer Staples,Packaged Foods
BOH,Bank of Hawaii Corporation Common Stock,$80.09,1.70,2.169%,3181616977.00,United States,,720367,Finance,Major Banks
BOH^A,Bank of Hawaii Corporation Depositary Shares Each Representing a 1/40th Interest in a Share of 4.375% Fixed Rate Non-Cumulative Perpetual Preferred Stock Series A,$16.49,0.06,0.365%,,United States,,4168,,
BOH^B,Bank of Hawaii Corporation Depositary Shares Each Representing a 1/40th Interest in a Share of 8.000% Fixed Rate Non-Cumulative Perpetual Preferred Stock Series B,$26.24,-0.08,-0.304%,,United States,,9119,,
BOKF,BOK Financial Corporation Common Stock,$138.12,2.60,1.919%,8392317607.00,United States,,433566,Finance,Major Banks
BOLD,Boundless Bio Inc. Common Stock,$1.58,-0.05,-3.067%,35403457.00,United States,2024,352190,Health Care,Biotechnology: Pharmaceutical Preparations
BOLT,Bolt Biotherapeutics Inc. Common Stock,$4.73,-0.08,-1.663%,9089012.00,United States,2021,9160,Health Care,Biotechnology: Pharmaceutical Preparations
BON,Bon Natural Life Limited Class A Ordinary Shares,$1.30,0.00,0.00%,10567453.00,China,2021,6592,Health Care, Medicinal Chemicals and Botanical Products 
BOOM,DMC Global Inc. Common Stock,$5.18,-0.17,-3.178%,106061282.00,United States,,245021,Industrials,Industrial Specialties
BOOT,Boot Barn Holdings Inc. Common Stock,$163.09,8.15,5.26%,4961268092.00,United States,2014,884144,Consumer Discretionary,Clothing/Shoe/Accessory Stores
BORR,Borr Drilling Limited Common Shares,$5.57,0.13,2.39%,1713894988.00,Bermuda,2019,10431225,Energy,Oil & Gas Production
BOSC,B.O.S. Better Online Solutions Common Stock,$4.61,0.03,0.655%,32499624.00,Israel,,84449,Telecommunications,Computer Communications Equipment
BOTJ,Bank of the James Financial Group Inc. Common Stock,$23.11,0.50,2.211%,104996541.00,United States,,12913,Finance,Major Banks
BOW,Bowhead Specialty Holdings Inc. Common Stock,$24.66,0.19,0.776%,809785943.00,United States,2024,135065,Finance,Property-Casualty Insurers
BOX,Box Inc. Class A Common Stock,$23.75,-0.14,-0.586%,3288177549.00,United States,2015,2219288,Technology,Computer Software: Prepackaged Software
BOXL,Boxlight Corporation Class A Common Stock,$1.17,-0.03,-2.50%,3979997.00,United States,2017,204178,Real Estate,Other Consumer Services
BP,BP p.l.c. Common Stock,$44.59,-3.04,-6.383%,116322844643.00,United Kingdom,,17578336,Energy,Integrated oil Companies
BPAC,Blueport Acquisition Ltd Class A Ordinary Shares,$10.08,0.01,0.099%,0.00,United States,2026,10484,,
BPOP,Popular Inc. Common Stock,$146.90,2.54,1.759%,9546848403.00,United States,,727224,Finance,Major Banks
BPOPM,Popular Inc. Popular Capital Trust II - 6.125% Cumulative Monthly Income Trust Preferred Securities,$25.49,-0.06,-0.235%,1656563416.00,United States,,1888,Finance,Major Banks
BPRE,Bluerock Private Real Estate Fund Common Shares of Beneficial Interest,$16.27,0.00,0.00%,0.00,,2025,423757,,
BPRN,Princeton Bancorp Inc. Common Stock (PA),$36.34,1.05,2.975%,246975834.00,United States,,13234,Finance,Major Banks
BPYPM,Brookfield Property Partners L.P. 6.25% Class A Cumulative Redeemable Preferred Units Series 1,$16.47,0.05,0.305%,17121890012.00,Bermuda,,4931,Finance,Real Estate
BPYPN,Brookfield Property Partners L.P. 5.750% Class A Cumulative Redeemable Perpetual Preferred Units Series 3,$13.925,0.125,0.906%,14476157766.00,Bermuda,,10267,Finance,Real Estate
BPYPO,Brookfield Property Partners L.P. 6.375% Class A Cumulative Redeemable Perpetual Preferred Units Series 2,$15.25,0.10,0.66%,15853601863.00,Bermuda,,14628,Finance,Real Estate
BPYPP,Brookfield Property Partners L.P. 6.50% Class A Cumulative Redeemable Perpetual Preferred Units,$16.28,0.18,1.118%,16924369726.00,Bermuda,,16516,Finance,Real Estate
BQ,Boqii Holding Limited Class A Ordinary Shares,$0.7701,-0.0093,-1.193%,2148345.00,,2025,46598,Consumer Discretionary,Other Specialty Stores
BR,Broadridge Financial Solutions Inc. Common Stock,$162.92,0.50,0.308%,19020700648.00,United States,,1234924,Real Estate,Real Estate
BRAG,Bragg Gaming Group Inc. Common Shares,$2.08,0.18,9.474%,53150849.00,Canada,,21253,Technology,Office Equipment/Supplies/Services
BRAI,Braiin Limited Common Stock,$20.12,0.00,0.00%,1382165049.00,Australia,,18072,Technology,EDP Services
BRBI,BRBI BR Partners S.A. ADSs,$15.57,0.13,0.842%,780626021.00,Brazil,,723,Finance,Finance: Consumer Services
BRBR,BellRing Brands Inc. Common Stock ,$16.14,-0.09,-0.555%,1892730101.00,United States,2022,2896736,Consumer Staples,Packaged Foods
BRBS,Blue Ridge Bankshares Inc. Common Stock,$3.57,0.09,2.586%,326085517.00,United States,,471011,Finance,Major Banks
BRC,Brady Corporation Common Stock,$84.20,1.80,2.184%,3976600884.00,United States,,237138,Consumer Discretionary,Miscellaneous manufacturing industries
BRCB,Black Rock Coffee Bar Inc. Class A Common Stock,$14.94,0.68,4.769%,747833757.00,United States,2025,334435,Consumer Discretionary,Restaurants
BRCC,BRC Inc. Class A Common Stock,$0.883,-0.0161,-1.791%,219977425.00,United States,2022,473621,Consumer Staples,Beverages (Production/Distribution)
BRFH,Barfresh Food Group Inc. Common Stock,$2.70,-0.04,-1.46%,43483103.00,United States,,24412,Consumer Staples,Packaged Foods
BRIA,BrilliA Inc Class A Ordinary Shares,$1.70,0.10,6.25%,52062500.00,,2024,3300,Consumer Discretionary,Apparel
BRID,Bridgford Foods Corporation Common Stock,$7.25,-0.33,-4.354%,65807032.00,United States,,2303,Consumer Staples,Specialty Foods
BRK/A,Berkshire Hathaway Inc.,$711558.819999999949,-1141.18,-0.16%,1046613367809.00,United States,,193,,
BRK/B,Berkshire Hathaway Inc.,$474.58,-0.54,-0.114%,1047071250449.00,United States,,6431954,,
BRKR,Bruker Corporation Common Stock,$40.70,1.76,4.52%,6195481676.00,United States,,3136501,Industrials,Biotechnology: Laboratory Analytical Instruments
BRKRP,Bruker Corporation 6.375% Mandatory Convertible Preferred Stock Series A,$318.56,12.50,4.084%,48492202523.00,United States,,691,Industrials,Biotechnology: Laboratory Analytical Instruments
BRLS,Borealis Foods Inc. Class A Common Shares,$0.94,0.0029,0.309%,20175508.00,Canada,2021,27729,Consumer Staples,Packaged Foods
BRLSW,Borealis Foods Inc. Warrant,$0.0374,0.0024,6.857%,802728.00,Canada,2021,300,Consumer Staples,Packaged Foods
BRLT,Brilliant Earth Group Inc. Class A Common Stock,$1.39,0.00,0.00%,140536381.00,United States,2021,82136,Consumer Discretionary,Consumer Specialties
BRN,Barnwell Industries Inc. Common Stock,$1.10,-0.02,-1.786%,15656585.00,United States,1965,271274,Energy,Oil & Gas Production
BRNS,Barinthus Biotherapeutics plc American Depositary Shares,$0.59,-0.001,-0.169%,24100847.00,United Kingdom,2021,14998,Health Care,Biotechnology: Pharmaceutical Preparations
BRO,Brown & Brown Inc. Common Stock,$67.72,-1.10,-1.598%,22994948415.00,United States,,2317781,Finance,Specialty Insurers
BROS,Dutch Bros Inc. Class A Common Stock,$53.44,2.84,5.613%,8806025644.00,United States,2021,5943106,Consumer Discretionary,Restaurants
BRR,ProCap Financial Inc. Common Stock,$2.01,0.13,6.915%,164136906.00,United States,2025,1600380,Finance,Finance: Consumer Services
BRRWW,ProCap Financial Inc. Warrant,$0.2695,0.0294,12.245%,22007411.00,United States,2025,800,Finance,Finance: Consumer Services
BRSL,Brightstar Lottery PLC Trading under the Legal Name to begin at the market open on July 21 2025. Ordinary Shares,$13.15,0.30,2.335%,2426175000.00,United States,2015,1451970,Consumer Discretionary,Services-Misc. Amusement & Recreation
BRSP,BrightSpire Capital Inc. Class A Common Stock,$5.98,0.07,1.184%,779062829.00,United States,2018,872578,Real Estate,Real Estate Investment Trusts
BRT,BRT Apartments Corp. (MD) Common Stock,$14.42,0.21,1.478%,273735047.00,United States,,37511,Real Estate,Real Estate Investment Trusts
BRTX,BioRestorative Therapies Inc. Common Stock (NV),$0.2637,0.0067,2.607%,6718593.00,United States,,1512201,Health Care,Managed Health Care
BRW,Saba Capital Income & Opportunities Fund SBI,$6.83,-0.01,-0.146%,0.00,United States,,235002,Finance,Trusts Except Educational Religious and Charitable
BRX,Brixmor Property Group Inc. Common Stock,$30.92,0.64,2.114%,9487377994.00,United States,2013,2213148,Real Estate,Real Estate Investment Trusts
BRZE,Braze Inc. Class A Common Stock,$22.66,-0.21,-0.918%,2796172213.00,United States,2021,2879443,Technology,Computer Software: Prepackaged Software
BSAA,BEST SPAC I Acquisition Corp. Class A Ordinary Shares,$10.27,0.0353,0.345%,,Hong Kong,2025,10200,Finance,Blank Checks
BSAAR,BEST SPAC I Acquisition Corp. Rights,$0.1379,0.00,0.00%,0.00,Hong Kong,2025,583,Finance,Blank Checks
BSAC,Banco Santander - Chile ADS,$36.07,0.26,0.726%,16993129484.00,Chile,,476711,Finance,Commercial Banks
BSBK,Bogota Financial Corp. Common Stock,$8.55,-0.01,-0.117%,110460579.00,United States,2020,4207,Finance,Banks
BSBR,Banco Santander Brasil SA American Depositary Shares each representing one unit,$6.36,0.02,0.315%,47516820113.00,Brazil,2009,957203,Finance,Commercial Banks
BSET,Bassett Furniture Industries Incorporated Common Stock,$14.46,-0.03,-0.207%,125039004.00,United States,,27626,Consumer Discretionary,Home Furnishings
BSL,Blackstone Senior Floating Rate 2027 Term Fund Common Shares of Beneficial Interest,$13.31,0.25,1.914%,0.00,United States,2010,65754,Finance,Trusts Except Educational Religious and Charitable
BSM,Black Stone Minerals L.P. Common units representing limited partner interests,$13.67,-0.23,-1.655%,3103705314.00,United States,2015,647242,Energy,Oil & Gas Production
BSRR,Sierra Bancorp Common Stock,$37.20,1.50,4.202%,487066445.00,United States,,87936,Finance,Major Banks
BST,BlackRock Science and Technology Trust Common Shares of Beneficial Interest,$41.34,0.39,0.952%,916004692.00,United States,2014,73044,Finance,Finance Companies
BSTZ,BlackRock Science and Technology Term Trust Common Shares of Beneficial Interest,$24.97,0.35,1.422%,553281015.00,United States,2019,198844,Finance,Trusts Except Educational Religious and Charitable
BSVN,Bank7 Corp. Common stock,$43.76,0.78,1.815%,416566100.00,United States,2018,15770,Finance,Major Banks
BSX,Boston Scientific Corporation Common Stock,$64.23,0.81,1.277%,95457030976.00,United States,,12089562,Health Care,Medical/Dental Instruments
BSY,Bentley Systems Incorporated Class B Common Stock,$35.08,0.43,1.241%,10637894026.00,United States,2020,2009326,Technology,Computer Software: Prepackaged Software
BTAI,BioXcel Therapeutics Inc. Common Stock,$1.15,0.08,7.477%,31135774.00,United States,2018,1892736,Health Care,Biotechnology: Pharmaceutical Preparations
BTBD,BT Brands Inc. Common Stock,$2.17,0.14,6.897%,13355751.00,United States,2021,524176,Consumer Discretionary,Restaurants
BTBDW,BT Brands Inc. Warrant,$0.228,-0.0209,-8.397%,1403277.00,United States,2021,11711,Consumer Discretionary,Restaurants
BTBT,Bit Digital Inc. Ordinary Shares,$1.58,0.06,3.947%,515992006.00,United States,2018,24129047,Finance,Finance: Consumer Services
BTCS,BTCS Inc. Common Stock,$2.00,0.13,6.952%,99550742.00,United States,,1566799,Finance,Finance: Consumer Services
BTCT,BTC Digital Ltd. Ordinary Shares,$1.32,0.06,4.762%,8492933.00,China,,117750,Real Estate,Other Consumer Services
BTDR,Bitdeer Technologies Group Class A Ordinary Shares,$12.89,0.47,3.784%,3106813719.00,Singapore,,10391039,Finance,Finance: Consumer Services
BTE,Baytex Energy Corp Common Shares,$4.06,-0.25,-5.80%,2977069038.00,Canada,2023,23931474,Energy,Oil & Gas Production
BTG,B2Gold Corp Common shares (Canada),$5.00,0.06,1.215%,6703109280.00,Canada,,36191590,Basic Materials,Precious Metals
BTGO,BitGo Holdings Inc. Class A Common Stock,$11.18,0.87,8.438%,1290920669.00,,2026,771965,Finance,Finance: Consumer Services
BTI,British American Tobacco  Industries p.l.c. Common Stock ADR,$56.68,0.54,0.962%,123666978794.00,United Kingdom,1998,4132974,Health Care, Medicinal Chemicals and Botanical Products 
BTM,Bitcoin Depot Inc. Class A Common Stock,$5.30,0.25,4.95%,60147357.00,United States,2022,800914,Finance,Finance: Consumer Services
BTMD,Biote Corp. Class A Common Stock,$2.22,0.12,5.714%,87237633.00,United States,,242997,Health Care, Medicinal Chemicals and Botanical Products 
BTMWW,Bitcoin Depot Inc. Warrant,$0.0304,0.0003,0.997%,344996.00,United States,2022,240217,Finance,Finance: Consumer Services
BTO,John Hancock Financial Opportunities Fund Common Stock,$37.72,0.47,1.262%,0.00,United States,1994,72788,Finance,Investment Managers
BTOC,Armlogi Holding Corp. Common Stock,$0.2743,-0.003,-1.082%,12465037.00,United States,2024,114044,Consumer Discretionary,Office Equipment/Supplies/Services
BTOG,Bit Origin Limited Class A Ordinary Shares,$2.38,-0.22,-8.462%,3514884.00,United States,2019,772144,Finance,Finance: Consumer Services
BTQ,BTQ Technologies Corp. Common Stock,$3.52,-0.11,-3.03%,492891274.00,Canada,,3045638,,
BTSG,BrightSpring Health Services Inc. Common Stock,$47.27,1.47,3.21%,9131038644.00,United States,2024,1306581,Health Care,Medical/Nursing Services
BTSGU,BrightSpring Health Services Inc. Tangible Equity Unit,$156.045,3.555,2.331%,30142858584.00,United States,2024,2821,Health Care,Medical/Nursing Services
BTT,BlackRock Municipal 2030 Target Term Trust,$23.01,0.05,0.218%,0.00,United States,2012,53855,Finance,Investment Managers
BTTC,Black Titan Corporation Ordinary Shares,$1.48,0.01,0.68%,1968746.00,Malaysia,,44376,Health Care,Biotechnology: Biological Products (No Diagnostic Substances)
BTU,Peabody Energy Corporation Common Stock ,$25.65,-1.28,-4.753%,3125042844.00,United States,2017,5030017,Energy,Coal Mining
BTX,BlackRock Technology and Private Equity Term Trust Common Shares of Beneficial Interest,$7.40,0.11,1.509%,1744891688.00,United States,2021,1973428,,
BTZ,BlackRock Credit Allocation Income Trust,$10.48,0.08,0.769%,1133254800.00,United States,2006,194570,Finance,Finance Companies
BUD,Anheuser-Busch Inbev SA Sponsored ADR (Belgium),$75.76,0.35,0.464%,136155871545.00,Belgium,,1245927,Consumer Staples,Beverages (Production/Distribution)
BUDA,Buda Juice Inc. Common Stock,$9.433,-0.567,-5.67%,118541360.00,,2026,9703,Consumer Staples,Beverages (Production/Distribution)
BUI,BlackRock Utility Infrastructure & Power Opportunities Trust,$26.90,-0.02,-0.074%,0.00,United States,2011,94075,Finance,Trusts Except Educational Religious and Charitable
BULL,Webull Corporation Class A Ordinary Shares,$6.72,0.24,3.704%,3572601997.00,United States,,19674102,Finance,Investment Bankers/Brokers/Service
BULLW,Webull Corporation Warrants,$2.2594,0.2294,11.30%,1201181094.00,United States,,11672,Finance,Investment Bankers/Brokers/Service
BUR,Burford Capital Limited Ordinary Shares,$4.96,0.29,6.21%,1085305491.00,,2020,3425297,Finance,Finance: Consumer Services
BURL,Burlington Stores Inc. Common Stock,$347.26,9.97,2.956%,21818439907.00,United States,2013,561429,Consumer Discretionary,Department/Specialty Retail Stores
BURU,Nuburu Inc. Common Stock,$0.2005,-0.001,-0.496%,30994979.00,United States,,14355274,Miscellaneous,Industrial Machinery/Components
BUSE,First Busey Corporation Class A Common Stock,$26.98,0.78,2.977%,2306910789.00,United States,,673258,Finance,Major Banks
BUSEP,First Busey Corporation Depositary Shares Each Representing a 1/40thInterest in a Share of 8.25% Fixed-Rate Series B Non-Cumulative Perpetual Preferred Stock $0.001 par value,$25.81,0.02,0.078%,2206870551.00,United States,,12754,Finance,Major Banks
BUUU,BUUU Group Limited Class A Ordinary Share,$15.3418,-0.3732,-2.375%,255824515.00,Hong Kong,2025,2518,Consumer Discretionary,Services-Misc. Amusement & Recreation
BV,BrightView Holdings Inc. Common Stock,$12.47,0.34,2.803%,1174674000.00,United States,2018,323689,Real Estate,Real Estate
BVC,BitVentures Limited Ordinary Shares,$10.69,0.12,1.135%,1795920000.00,China,2021,645,,
BVFL,BV Financial Inc. Common Stock,$20.32,0.33,1.651%,178624342.00,United States,2023,29339,Finance,Savings Institutions
BVN,Buenaventura Mining Company Inc.,$35.74,-0.44,-1.216%,9077490627.00,Peru,1996,1681954,Basic Materials,Metal Mining
BVS,Bioventus Inc. Class A Common Stock,$10.52,0.11,1.057%,874788380.00,United States,2021,547211,Health Care,Medical/Dental Instruments
BW,Babcock & Wilcox Enterprises Inc. Common Stock,$18.36,-0.07,-0.38%,2492219650.00,United States,2015,2757768,Industrials,Building Products
BW^A,Babcock & Wilcox Enterprises Inc. 7.75% Series A Cumulative Perpetual Preferred Stock,$21.84,0.17,0.784%,,United States,,8788,,
BWA,BorgWarner Inc. Common Stock,$55.66,2.36,4.428%,11469382422.00,United States,,2080066,Consumer Discretionary,Auto Parts:O.E.M.
BWAY,BrainsWay Ltd. American Depositary Shares,$15.81,0.48,3.131%,1194911136.00,Israel,2019,85438,Health Care,Medical/Dental Instruments
BWB,Bridgewater Bancshares Inc. Common Stock,$19.16,0.52,2.79%,533118665.00,United States,2018,127947,Finance,Major Banks
BWBBP,Bridgewater Bancshares Inc. Depositary Shares Each Representing a 1/100th Interest in a Share of 5.875% Non-Cumulative Perpetual Preferred Stock Series A,$20.15,0.00,0.00%,560664985.00,United States,,25,Finance,Major Banks
BWEN,Broadwind Inc. Common Stock,$2.34,0.10,4.464%,54765631.00,United States,,119425,Telecommunications,Metal Fabrications
BWFG,Bankwell Financial Group Inc. Common Stock,$52.70,1.49,2.91%,420186586.00,United States,2014,49446,Finance,Major Banks
BWG,BrandywineGLOBAL Global Income Opportunities Fund Inc.,$8.31,0.11,1.341%,0.00,United States,2012,48354,Finance,Finance/Investors Services
BWIN,The Baldwin Insurance Group Inc. Class A Common Stock,$25.04,1.01,4.203%,3577149321.00,United States,2019,1730107,Finance,Specialty Insurers
BWLP,BW LPG Limited Common Shares,$18.53,0.38,2.094%,2951495460.00,,2024,463215,Consumer Discretionary,Transportation Services
BWMN,Bowman Consulting Group Ltd. Common Stock,$31.82,0.92,2.977%,544870056.00,United States,2021,93538,Consumer Discretionary,Professional Services
BWMX,Betterware de Mexico S.A.P.I. de C.V. Ordinary Shares,$18.78,0.35,1.899%,700804734.00,Mexico,,122111,Consumer Discretionary,Catalog/Specialty Distribution
BWNB,Babcock & Wilcox Enterprises Inc. 6.50% Senior Notes due 2026,$25.04,0.0349,0.14%,2531482452.00,United States,2021,6815,Industrials,Building Products
BWXT,BWX Technologies Inc. Common Stock,$235.78,4.98,2.158%,21600258498.00,United States,,1385096,Industrials,Industrial Machinery/Components
BX,Blackstone Inc. Common Stock,$129.08,0.95,0.741%,95800689532.00,United States,2007,7636948,Finance,Investment Managers
BXC,Bluelinx Holdings Inc. Common Stock,$58.28,3.10,5.618%,458500183.00,United States,2004,111348,Consumer Discretionary,Wholesale Distributors
BXMT,Blackstone Mortgage Trust Inc. Common Stock,$20.22,0.44,2.224%,3411895341.00,United States,,1549612,Real Estate,Real Estate Investment Trusts
BXP,BXP Inc. Common Stock,$58.05,1.88,3.347%,9211139594.00,United States,1997,2646215,Real Estate,Real Estate Investment Trusts
BXSL,Blackstone Secured Lending Fund Common Shares of Beneficial Interest,$24.67,0.13,0.53%,0.00,,2021,2674018,Finance,Trusts Except Educational Religious and Charitable
BY,Byline Bancorp Inc. Common Stock,$33.72,0.61,1.842%,1537318101.00,United States,2017,209606,Finance,Major Banks
BYAH,Park Ha Biological Technology Co. Ltd. Class A Ordinary Shares,$1.10,-0.03,-2.655%,3542576.00,China,2024,19190,Consumer Discretionary,Package Goods/Cosmetics
BYD,Boyd Gaming Corporation Common Stock,$87.52,2.27,2.663%,6590643101.00,United States,1993,598640,Consumer Discretionary,Hotels/Resorts
BYFC,Broadway Financial Corporation Class A Common Stock,$8.00,0.14,1.781%,74433056.00,United States,,7415,Finance,Savings Institutions
BYND,Beyond Meat Inc. Common Stock,$0.8226,0.0406,5.192%,381325757.00,United States,2019,197229529,Consumer Staples,Packaged Foods
BYRN,Byrna Technologies Inc. Common Stock,$6.66,0.38,6.051%,151086456.00,United States,,788151,Miscellaneous,Industrial Machinery/Components
BYSI,BeyondSpring Inc. Ordinary Shares,$1.73,0.05,2.976%,71137289.00,United States,2017,3165,Health Care,Biotechnology: Pharmaceutical Preparations
BZ,KANZHUN LIMITED American Depository Shares,$14.21,-0.14,-0.976%,6177594340.00,China,2021,4054066,Technology,Computer Software: Programming Data Processing
BZAI,Blaize Holdings Inc. Common Stock,$2.52,0.79,45.665%,309316163.00,United States,2025,79276546,Finance,Blank Checks
BZAIW,Blaize Holdings Inc. Warrants,$0.61,0.22,56.41%,74874150.00,United States,2025,318863,Finance,Blank Checks
BZFD,BuzzFeed Inc. Class A Common Stock,$0.7989,0.088,12.379%,30069579.00,United States,2021,528102,Consumer Discretionary,Telecommunications Equipment
BZFDW,BuzzFeed Inc. Warrant,$0.0245,-0.0007,-2.778%,922149.00,United States,2021,33098,Consumer Discretionary,Telecommunications Equipment
BZH,Beazer Homes USA Inc. Common Stock,$22.13,1.59,7.741%,652985617.00,United States,1994,518751,Consumer Discretionary,Homebuilding
BZUN,Baozun Inc. American Depositary Shares,$3.14,0.15,5.017%,181327618.00,China,2015,649498,Consumer Discretionary,Catalog/Specialty Distribution
C,Citigroup Inc. Common Stock,$132.18,2.84,2.196%,230990762592.00,United States,,15928754,Finance,Major Banks
C^N,Citigroup Capital XIII 7.875% Fixed rate Floating Rate trust Preferred Securities (TruPS),$30.14,0.05,0.166%,,United States,,104992,,
C^R,Citigroup Inc. Depositary Shares Each Representing a 1/1000th Interest in a Share of 6.250% Noncumulative Preferred Stock Series II,$25.30,-0.04,-0.158%,,United States,,139474,,
CAAP,Corporacion America Airports SA Common Shares,$26.27,0.19,0.729%,4340306965.00,,2018,526315,Consumer Discretionary,Aerospace
CAAS,China Automotive Systems Inc. Ordinary Share,$4.28,-0.01,-0.233%,129130605.00,China,,9101,Consumer Discretionary,Auto Parts:O.E.M.
CABA,Cabaletta Bio Inc. Common Stock,$3.44,-0.08,-2.273%,382949988.00,United States,2019,3358350,Health Care,Biotechnology: Biological Products (No Diagnostic Substances)
CABO,Cable One Inc. Common Stock,$107.52,0.12,0.112%,609873009.00,United States,2015,116324,Telecommunications,Cable & Other Pay Television Services
CABR,Caring Brands Inc. Common Stock,$1.21,0.05,4.31%,14933222.00,United States,,49384,Consumer Discretionary,Package Goods/Cosmetics
CAC,Camden National Corporation Common Stock,$51.20,1.54,3.101%,869179187.00,United States,,126493,Finance,Major Banks
CACC,Credit Acceptance Corporation Common Stock,$527.56,33.00,6.673%,5670047116.00,United States,1992,286828,Finance,Finance: Consumer Services
CACI,CACI International Inc. Class A Common Stock,$527.16,-2.94,-0.555%,11642736622.00,United States,,293223,Technology,EDP Services
CADL,Candel Therapeutics Inc. Common Stock,$6.37,1.21,23.45%,349686558.00,United States,2021,4145727,Health Care,Biotechnology: Biological Products (No Diagnostic Substances)
CAE,CAE Inc. Ordinary Shares,$26.88,-0.18,-0.665%,8650125469.00,Canada,,936849,Miscellaneous,Industrial Machinery/Components
CAEP,Cantor Equity Partners III Inc. Class A Ordinary Shares,$10.33,0.00,0.00%,0.00,United States,2025,2707,,
CAF,Morgan Stanley China A Share Fund Inc. Common Stock,$18.17,0.14,0.776%,0.00,United States,2006,40267,Finance,Investment Managers
CAG,ConAgra Brands Inc. Common Stock,$14.86,0.16,1.088%,7109576138.00,United States,,12673783,Consumer Staples,Packaged Foods
CAH,Cardinal Health Inc. Common Stock,$213.99,0.89,0.418%,50355274264.00,United States,,1962317,Health Care,Other Pharmaceuticals
CAI,Caris Life Sciences Inc. Common Stock,$21.15,0.75,3.676%,5976565287.00,United States,2025,1121910,Health Care,Medical Specialities
CAKE,Cheesecake Factory Incorporated (The) Common Stock,$62.68,2.44,4.05%,3121808740.00,United States,1992,1078221,Consumer Discretionary,Restaurants
CAL,Caleres Inc. Common Stock,$13.71,0.90,7.026%,463977097.00,United States,,681732,Consumer Discretionary,Shoe Manufacturing
CALC,CalciMedica Inc. Common Stock,$0.603,-0.007,-1.148%,9493581.00,United States,2023,71899,Health Care,Biotechnology: Pharmaceutical Preparations
CALM,Cal-Maine Foods Inc. Common Stock,$76.60,0.29,0.38%,3629046641.00,United States,1996,721768,Consumer Staples,Farming/Seeds/Milling
CALX,Calix Inc Common Stock,$50.15,0.37,0.743%,3240166325.00,United States,2010,865863,Consumer Discretionary,Telecommunications Equipment
CALY,Callaway Golf Company Common Stock,$15.36,1.06,7.413%,2795152451.00,United States,,5941287,Consumer Discretionary,Recreational Games/Products/Toys
CAMP,CAMP4 Therapeutics Corporation Common Stock,$4.49,-0.01,-0.222%,233117751.00,United States,2024,150731,,
CAMT,Camtek Ltd. Ordinary Shares,$179.78,-0.85,-0.471%,8368508566.00,Israel,2000,592933,Technology,Electronic Components
CAN,Canaan Inc. American Depositary Shares,$0.574,0.0474,9.001%,441962677.00,China,2019,15801167,Technology,Semiconductors
CANF,Can-Fite Biopharma Ltd American Depositary Shares each representing two (2) Ordinary Shares,$3.04,-0.04,-1.299%,6513343.00,Israel,,32190,Health Care,Biotechnology: Pharmaceutical Preparations
CANG,Cango Inc. Class A Ordinary Shares,$0.37,-0.114,-23.554%,38401602.00,China,2025,2534555,Technology,Computer Software: Prepackaged Software
CAPL,CrossAmerica Partners LP Common Units representing limited partner interests,$21.11,0.12,0.572%,805031497.00,United States,2012,36692,Energy,Oil Refining/Marketing
CAPN,Cayson Acquisition Corp Ordinary shares,$10.97,0.00,0.00%,0.00,United States,2024,1,,
CAPR,Capricor Therapeutics Inc. Common Stock,$34.70,0.11,0.318%,2007051539.00,United States,,769549,Health Care,Biotechnology: Pharmaceutical Preparations
CAPS,Capstone Holding Corp. Common Stock,$0.4038,-0.1307,-24.453%,3669683.00,United States,,5114715,Consumer Discretionary,RETAIL: Building Materials
CAQ,Cambridge Acquisition Corp. Class A Ordinary Shares,$9.85,0.00,0.00%,0.00,United States,2026,702,,
CAQUW,Cambridge Acquisition Corp. Warrants,$0.30,0.025,9.091%,0.00,United States,2026,22000,,
CAR,Avis Budget Group Inc. Common Stock,$493.86,44.88,9.996%,17445448934.00,United States,,4813073,Consumer Discretionary,Rental/Leasing Companies
CARE,Carter Bankshares Inc. Common Stock,$24.25,0.11,0.456%,537379515.00,United States,,551178,Finance,Major Banks
CARG,CarGurus Inc. Class A Common Stock ,$36.86,0.65,1.795%,3508671958.00,United States,2017,770802,Technology,EDP Services
CARL,Carlsmed Inc. Common Stock,$10.98,0.30,2.809%,293517272.00,United States,2025,138090,Health Care,Medical/Dental Instruments
CARR,Carrier Global Corporation Common Stock ,$61.32,1.61,2.696%,51253946844.00,United States,2020,6461051,Industrials,Industrial Machinery/Components
CARS,Cars.com Inc. Common Stock ,$10.59,0.35,3.418%,620963320.00,United States,2017,913704,Technology,EDP Services
CART,Maplebear Inc. Common Stock,$41.39,-0.35,-0.839%,9939333591.00,United States,2023,3126324,Real Estate,Real Estate
CASH,Pathward Financial Inc. Common Stock,$99.35,2.40,2.476%,2162222105.00,United States,1993,203524,Finance,Major Banks
CASS,Cass Information Systems Inc Common Stock,$48.10,1.51,3.241%,620541948.00,United States,,84019,Real Estate,Real Estate
CAST,FreeCast Inc. Class A Common Stock,$3.51,-0.33,-8.594%,143409685.00,United States,,35888,Technology,EDP Services
CASY,Casey's General Stores Inc. Common Stock,$754.72,17.50,2.374%,27893719122.00,United States,1983,367946,Consumer Discretionary,Retail-Auto Dealers and Gas Stations
CAT,Caterpillar Inc. Common Stock,$794.65,21.99,2.846%,369740578374.00,United States,,2800714,Industrials,Construction/Ag Equipment/Trucks
CATO,Cato Corporation (The) Class A Common Stock,$2.79,-0.19,-6.376%,54890697.00,United States,,53018,Consumer Discretionary,Clothing/Shoe/Accessory Stores
CATX,Perspective Therapeutics Inc. Common Stock,$4.20,-0.06,-1.408%,478520431.00,United States,,1149666,Health Care,Medical/Dental Instruments
CATY,Cathay General Bancorp Common Stock,$54.25,1.31,2.474%,3632453001.00,United States,,340844,Finance,Major Banks
CAVA,CAVA Group Inc. Common Stock,$94.78,3.54,3.88%,11030284567.00,United States,2023,3520202,Consumer Discretionary,Restaurants
CB,Chubb Limited  Common Stock,$330.83,2.41,0.734%,129099469664.00,Switzerland,,2225197,Finance,Property-Casualty Insurers
CBAN,Colony Bankcorp Inc. Common Stock,$21.25,0.46,2.213%,449784194.00,United States,,540542,Finance,Major Banks
CBAT,CBAK Energy Technology Inc. Common Stock,$0.8203,0.0068,0.836%,72716179.00,China,,107955,Miscellaneous,Industrial Machinery/Components
CBC,Central Bancompany Inc. Class A Common Stock,$25.60,0.42,1.668%,6151503462.00,United States,,775131,,
CBFV,CB Financial Services Inc. Common Stock,$34.78,-0.88,-2.468%,176410525.00,United States,,9435,Finance,Major Banks
CBIO,Crescent Biopharma Inc. Common Stock,$21.28,1.83,9.409%,586408002.00,United States,2014,291565,Health Care,Biotechnology: Pharmaceutical Preparations
CBK,Commercial Bancgroup Inc. Common Stock,$29.30,1.32,4.718%,401351019.00,United States,2025,114950,Finance,Major Banks
CBL,CBL & Associates Properties Inc. Common Stock,$43.86,0.86,2.00%,1358602448.00,United States,2021,106915,Real Estate,Real Estate Investment Trusts
CBLL,CeriBell Inc. Common Stock,$21.19,0.45,2.17%,797617643.00,United States,2024,244058,Health Care,Biotechnology: Electromedical & Electrotherapeutic Apparatus
CBNA,Chain Bridge Bancorp Inc. Class A Common Stock,$35.93,0.67,1.90%,235766085.00,,2024,4131,Finance,Major Banks
CBNK,Capital Bancorp Inc. Common Stock,$32.64,0.90,2.836%,534311708.00,United States,2018,61406,Finance,Major Banks
CBOE,Cboe Global Markets Inc. Common Stock,$299.94,-9.44,-3.051%,33538915875.00,,2010,1556086,Finance,Investment Bankers/Brokers/Service
CBRE,CBRE Group Inc Common Stock Class A,$151.51,3.71,2.51%,44413754729.00,United States,,1658642,Finance,Real Estate
CBRL,Cracker Barrel Old Country Store Inc Common Stock,$30.20,1.14,3.923%,675000895.00,United States,1981,1320749,Consumer Discretionary,Restaurants
CBSH,Commerce Bancshares Inc. Common Stock,$51.13,0.68,1.348%,7530629182.00,United States,,2239589,Finance,Major Banks
CBT,Cabot Corporation Common Stock,$74.43,1.01,1.376%,3886853986.00,United States,,355335,Industrials,Major Chemicals
CBU,Community Financial System Inc. Common Stock,$63.31,1.65,2.676%,3326163623.00,United States,,197838,Finance,Major Banks
CBUS,Cibus Inc. Class A Common Stock,$1.59,0.16,11.189%,110021834.00,United States,2017,595825,Industrials,Agricultural Chemicals
CBZ,CBIZ Inc. Common Stock,$30.00,-0.33,-1.088%,1644418140.00,United States,,653788,Real Estate,Real Estate
CC,Chemours Company (The) Common Stock,$23.18,-0.69,-2.891%,3479579076.00,United States,2015,1964409,Industrials,Major Chemicals
CCAP,Crescent Capital BDC Inc. Common stock,$13.58,0.22,1.647%,502042890.00,United States,,172948,Finance,Finance: Consumer Services
CCB,Coastal Financial Corporation Common Stock,$83.29,0.29,0.349%,1268800047.00,United States,2018,211664,Finance,Major Banks
CCBG,Capital City Bank Group Common Stock,$46.83,0.77,1.672%,803240383.00,United States,,123476,Finance,Major Banks
CCC,CCC Intelligent Solutions Holdings Inc. Common Stock,$5.64,0.05,0.894%,3309960635.00,United States,,10837018,Technology,Computer Software: Prepackaged Software
CCCC,C4 Therapeutics Inc. Common Stock,$2.92,0.02,0.69%,284928271.00,United States,2020,1132258,Health Care,Biotechnology: Biological Products (No Diagnostic Substances)
CCD,Calamos Dynamic Convertible & Income Fund Common Stock,$23.76,0.12,0.508%,0.00,United States,,58509,Finance,Trusts Except Educational Religious and Charitable
CCEC,Capital Clean Energy Carriers Corp. Common Share,$20.50,0.60,3.015%,1203704917.00,Greece,2007,11805,Consumer Discretionary,Marine Transportation
CCEL,Cryo-Cell International Inc. Common Stock,$3.44,-0.18,-4.972%,27709716.00,United States,2022,6710,Health Care,Misc Health and Biotechnology Services
CCEP,Coca-Cola Europacific Partners plc Ordinary Shares,$98.80,2.02,2.087%,44853464380.00,United Kingdom,,1786726,Consumer Staples,Beverages (Production/Distribution)
CCG,Cheche Group Inc. Class A Ordinary Shares,$0.72,0.0289,4.182%,58157816.00,China,,215054,Finance,Specialty Insurers
CCHH,CCH Holdings Ltd Ordinary Shares,$0.56,-0.0051,-0.902%,10780000.00,Malaysia,2025,127782,Consumer Discretionary,Restaurants
CCI,Crown Castle Inc. Common Stock,$88.71,1.84,2.118%,38710147264.00,United States,,3436533,Real Estate,Real Estate Investment Trusts
CCID,Carlyle Credit Income Fund 7.375% Series D Term Preferred Shares due 2028,$25.35,0.10,0.396%,0.00,,,1120,,
CCIF,Carlyle Credit Income Fund Shares of Beneficial Interest,$3.43,0.05,1.479%,0.00,,2019,166809,Finance,Finance/Investors Services
CCII,Cohen Circle Acquisition Corp. II Class A Ordinary Shares,$10.26,0.00,0.00%,0.00,United States,2025,141,,
CCIIU,Cohen Circle Acquisition Corp. II Unit,$10.36,0.00,0.00%,0.00,United States,2025,500,,
CCIIW,Cohen Circle Acquisition Corp. II Warrant,$0.5599,0.0099,1.80%,0.00,United States,2025,3400,,
CCIX,Churchill Capital Corp IX Ordinary Shares,$10.79,0.06,0.559%,0.00,United States,2024,5440,Technology,EDP Services
CCIXW,Churchill Capital Corp IX Warrant,$0.58,-0.03,-4.918%,0.00,United States,2024,7453,Technology,EDP Services
CCJ,Cameco Corporation Common Stock,$120.66,0.39,0.324%,52551409125.00,Canada,1996,4219732,Basic Materials,Other Metals and Minerals
CCK,Crown Holdings Inc.,$107.15,2.87,2.752%,12026726228.00,United States,,1045400,Industrials,Containers/Packaging
CCL,Carnival Corporation Common Stock,$29.22,1.91,6.994%,41726623108.00,United States,1987,37487151,Consumer Discretionary,Marine Transportation
CCLD,CareCloud Inc. Common Stock,$3.07,0.02,0.656%,130453353.00,United States,2014,432466,Technology,Computer Software: Prepackaged Software
CCLDO,CareCloud Inc. 8.75% Series B Cumulative Redeemable Perpetual Preferred Stock,$27.35,0.03,0.11%,1162182155.00,United States,,21452,Technology,Computer Software: Prepackaged Software
CCM,Concord Medical Services Holdings Limited American Depositary Shares (Each represents thirty (30) Class A ordinary shares),$3.93,0.02,0.512%,17062971.00,China,2024,1020,Health Care,Medical/Nursing Services
CCNE,CNB Financial Corporation Common Stock,$31.35,0.88,2.888%,929098005.00,United States,,281320,Finance,Major Banks
CCNEP,CNB Financial Corporation Depositary Shares each representing a 1/40th ownership interest in a share of 7.125% Series A Fixed-Rate Non-Cumulative Perpetual Preferred Stock,$24.9129,-0.0671,-0.269%,738326178.00,United States,,460,Finance,Major Banks
CCO,Clear Channel Outdoor Holdings Inc. Common Stock,$2.38,-0.01,-0.418%,1186401519.00,United States,2005,4450431,Consumer Discretionary,Advertising
CCOI,Cogent Communications Holdings Inc.,$23.63,0.38,1.634%,1183918861.00,United States,,805753,Consumer Discretionary,Telecommunications Equipment
CCRN,Cross Country Healthcare Inc. Common Stock $0.0001 Par Value,$9.86,-0.03,-0.303%,317484181.00,United States,2001,322509,Consumer Discretionary,Professional Services
CCS,Century Communities Inc. Common Stock,$62.30,3.73,6.368%,1808286283.00,United States,2014,277685,Consumer Discretionary,Homebuilding
CCSI,Consensus Cloud Solutions Inc. Common Stock,$27.57,1.20,4.551%,520216538.00,United States,,94846,Technology,Computer Software: Prepackaged Software
CCTG,CCSC Technology International Holdings Limited Class A Ordinary Shares,$0.579,0.029,5.273%,2265914.00,Hong Kong,2024,10891,Consumer Discretionary,Building Products
CCU,Compania Cervecerias Unidas S.A. Common Stock,$12.30,0.07,0.572%,908977060.00,Chile,,304653,Consumer Staples,Beverages (Production/Distribution)
CCXI,Churchill Capital Corp XI Class A Ordinary Shares,$10.19,0.005,0.049%,0.00,United States,2026,168,,
CCXIU,Churchill Capital Corp XI Units,$10.25,0.00,0.00%,0.00,United States,2025,68,Finance,Blank Checks
CCXIW,Churchill Capital Corp XI Warrants,$0.88,0.13,17.333%,0.00,United States,2026,14745,,
CCZ,Comcast Holdings ZONES,$65.00,0.00,0.00%,233859989610.00,United States,,3,Telecommunications,Cable & Other Pay Television Services
CD,Chaince Digital Holdings Inc. Ordinary Shares,$5.57,0.755,15.68%,442312586.00,China,2015,164268,Finance,Finance: Consumer Services
CDE,Coeur Mining Inc. Common Stock,$20.38,0.87,4.459%,13080738778.00,United States,,19050434,Basic Materials,Precious Metals
CDIO,Cardio Diagnostics Holdings Inc. Common stock,$2.01,0.05,2.551%,5948533.00,United States,2022,43241,Health Care,Biotechnology: In Vitro & In Vivo Diagnostic Substances
CDIOW,Cardio Diagnostics Holdings Inc. Warrant,$0.0163,0.00,0.00%,48239.00,United States,2022,2200,Health Care,Biotechnology: In Vitro & In Vivo Diagnostic Substances
CDLR,Cadeler A/S American Depositary Share (each representing four (4) Ordinary Shares),$25.09,-0.20,-0.791%,2201381446.00,,2023,63236,Consumer Discretionary,Marine Transportation
CDLX,Cardlytics Inc. Common Stock,$1.01,0.0576,6.048%,55621416.00,United States,2018,1385246,Technology,Computer Software: Programming Data Processing
CDNA,CareDx Inc. Common Stock,$21.42,-1.00,-4.46%,1097054088.00,United States,2014,1389076,Health Care,Medical Specialities
CDNL,Cardinal Infrastructure Group Inc. Class A Common Stock,$51.64,1.79,3.591%,2213644599.00,United States,2025,568248,Industrials,Military/Government/Technical
CDNS,Cadence Design Systems Inc. Common Stock,$311.03,4.07,1.326%,85872915910.00,United States,,2211327,Technology,Computer Software: Prepackaged Software
CDP,COPT Defense Properties Common Shares of Beneficial Interest,$32.49,-0.14,-0.429%,3683679096.00,United States,,940414,Real Estate,Real Estate Investment Trusts
CDR^B,Cedar Realty Trust Inc. 7.25% Series B Cumulative Redeemable Preferred Stock,$20.19,-0.0601,-0.297%,,United States,,11001,,
CDR^C,Cedar Realty Trust Inc. 6.50% Series C Cumulative Redeemable Preferred Stock,$20.00,0.21,1.061%,,United States,,11612,,
CDRE,Cadre Holdings Inc. Common Stock,$31.32,0.89,2.925%,1338195984.00,United States,2021,698075,Health Care,Industrial Specialties
CDRO,Codere Online Luxembourg S.A. Ordinary Shares,$9.02,0.1401,1.578%,411680142.00,Luxembourg,,21741,Consumer Discretionary,Services-Misc. Amusement & Recreation
CDROW,Codere Online Luxembourg S.A. Warrants,$0.75,-0.025,-3.226%,34230611.00,Luxembourg,,12154,Consumer Discretionary,Services-Misc. Amusement & Recreation
CDT,CDT Equity Inc. Common Stock,$3.46,-0.07,-1.983%,16810123.00,United States,2022,90964,Health Care,Biotechnology: Pharmaceutical Preparations
CDTG,CDT Environmental Technology Investment Holdings Limited ordinary shares,$0.3601,0.0099,2.827%,4870353.00,China,2024,11262,Industrials,Miscellaneous
CDTTW,CDT Equity Inc. Warrant,$0.0074,-0.0011,-12.941%,35952.00,United States,2022,1109,Health Care,Biotechnology: Pharmaceutical Preparations
CDW,CDW Corporation Common Stock,$133.96,0.65,0.488%,17241707739.00,United States,2013,1048924,Technology,Retail: Computer Software & Peripheral Equipment
CDXS,Codexis Inc. Common Stock,$2.59,0.05,1.969%,235351614.00,United States,2010,1419667,Industrials,Major Chemicals
CDZI,CADIZ Inc. Common Stock,$4.84,0.01,0.207%,403773931.00,United States,,1207692,Utilities,Water Supply
CDZIP,Cadiz Inc. Depositary Shares,$19.36,-0.03,-0.155%,1615095726.00,United States,,851,Utilities,Water Supply
CE,Celanese Corporation Common Stock,$62.03,-6.31,-9.233%,6942568679.00,United States,2005,3726623,Industrials,Major Chemicals
CECO,CECO Environmental Corp. Common Stock,$65.27,1.28,2.00%,2327907615.00,United States,1998,255750,Industrials,Pollution Control Equipment
CEE,The Central and Eastern Europe Fund Inc. (The) Common Stock,$20.90,-0.11,-0.524%,0.00,United States,,36029,Finance,Finance Companies
CEG,Constellation Energy Corporation Common Stock ,$296.21,-2.93,-0.979%,92805461794.00,United States,,2265245,Utilities,Electric Utilities: Central
CELC,Celcuity Inc. Common Stock,$122.46,-2.79,-2.228%,5919309221.00,United States,2017,492427,Health Care,Medical Specialities
CELH,Celsius Holdings Inc. Common Stock,$35.25,0.40,1.148%,9055586644.00,United States,,16030867,Consumer Staples,Beverages (Production/Distribution)
CELU,Celularity Inc. Class A Common Stock,$1.23,-0.01,-0.806%,35470478.00,United States,2019,30311,Health Care,Biotechnology: Pharmaceutical Preparations
CELUW,Celularity Inc. Warrant,$0.0081,0.0001,1.25%,233586.00,United States,2019,6900,Health Care,Biotechnology: Pharmaceutical Preparations
CELZ,Creative Medical Technology Holdings Inc. Common Stock,$2.47,0.14,6.009%,9130770.00,United States,,82033,Finance,Finance: Consumer Services
CENN,Cenntro Inc. Common Stock,$3.96,0.12,3.125%,5802247.00,New Zealand,,37299,Industrials,Auto Manufacturing
CENT,Central Garden & Pet Company Common Stock,$38.98,1.11,2.931%,2427184772.00,United States,1993,48721,Consumer Discretionary,Consumer Specialties
CENTA,Central Garden & Pet Company Class A Common Stock Nonvoting,$34.84,0.86,2.531%,2169397575.00,United States,,465512,Consumer Discretionary,Consumer Specialties
CENX,Century Aluminum Company Common Stock,$62.24,-3.37,-5.136%,6160144685.00,United States,1996,2730134,Industrials,Aluminum
CEPF,Cantor Equity Partners IV Inc. Class A Ordinary Shares,$10.27,0.06,0.588%,0.00,United States,2025,30245,Finance,Blank Checks
CEPO,Cantor Equity Partners I Inc. Class A Ordinary Shares,$10.61,0.015,0.142%,0.00,United States,2025,37601,Finance,Blank Checks
CEPS,Cantor Equity Partners VI Inc. Class A Ordinary Shares,$10.125,0.005,0.049%,0.00,United States,2026,6502,Finance,Blank Checks
CEPT,Cantor Equity Partners II Inc. Class A Ordinary Share,$11.17,-0.11,-0.975%,0.00,United States,2025,454820,Finance,Blank Checks
CEPU,Central Puerto S.A. American Depositary Shares (each represents ten Common Shares),$15.42,-0.19,-1.217%,2334622325.00,,2018,362194,Utilities,Electric Utilities: Central
CEPV,Cantor Equity Partners V Inc. Class A Ordinary Shares,$10.18,0.01,0.098%,0.00,United States,2025,3007,,
CERS,Cerus Corporation Common Stock,$2.08,0.08,4.00%,399717294.00,United States,1997,1396552,Technology,EDP Services
CERT,Certara Inc. Common Stock,$6.22,0.06,0.974%,953681985.00,United States,2020,2488024,Technology,Computer Software: Prepackaged Software
CET,Central Securities Corporation Common Stock,$53.14,0.59,1.123%,12861219128.00,United States,1951,39739,Finance,Finance/Investors Services
CETX,Cemtrex Inc. Common Stock,$1.22,0.00,0.00%,12295269.00,United States,,603376,Technology,Electrical Products
CETY,Clean Energy Technologies Inc. Common Stock,$0.8101,0.0021,0.26%,9855762.00,United States,,33538,Consumer Discretionary,Metal Fabrications
CEV,Eaton Vance California Municipal Income Trust Shares of Beneficial Interest,$10.28,0.01,0.097%,72305151.00,United States,1999,13244,Finance,Finance/Investors Services
CEVA,CEVA Inc. Common Stock,$23.42,1.07,4.787%,650001865.00,United States,,379851,Technology,Computer Software: Programming Data Processing
CF,CF Industries Holdings Inc. Common Stock,$112.68,-12.03,-9.646%,17309499783.00,United States,2005,6847911,Industrials,Agricultural Chemicals
CFBK,CF Bankshares Inc. Common Stock,$29.74,1.15,4.022%,191347219.00,United States,,144039,Finance,Major Banks
CFFI,C&F Financial Corporation Common Stock,$76.87,-0.72,-0.928%,250273423.00,United States,,6152,Finance,Major Banks
CFFN,Capitol Federal Financial Inc. Common Stock,$7.71,0.16,2.119%,1001098566.00,United States,,1101758,Finance,Savings Institutions
CFG,Citizens Financial Group Inc. Common Stock,$64.45,0.04,0.062%,27390196694.00,United States,2014,9595292,Finance,Major Banks
CFG^E,Citizens Financial Group Inc. Depositary Shares Each Representing 1/40th Interest in a Share of 5.000% Fixed-Rate Non-Cumulative Perpetual Preferred Stock Series E,$19.05,0.03,0.158%,,United States,,24936,,
CFG^H,Citizens Financial Group Inc. Depositary Shares Each Representing a 1/40th Interest in a Share of 7.375% Fixed-Rate Non-Cumulative Perpetual Preferred Stock Series H,$25.95,0.05,0.193%,,United States,,24776,,
CFG^I,Citizens Financial Group Inc. Depositary Shares Each Representing a 1/40th Interest in a Share of 6.500% Fixed-Rate Reset Non-Cumulative Perpetual Preferred Stock Series I,$25.15,0.05,0.199%,,United States,,50148,,
CFND,C1 Fund Inc. Common Stock,$3.80,0.04,1.064%,0.00,,2025,31836,,
CFR,Cullen/Frost Bankers Inc. Common Stock,$143.33,1.80,1.272%,9024707805.00,United States,,559232,Finance,Major Banks
CFR^B,Cullen/Frost Bankers Inc. Depositary Shares each representing a 1/40th ownership interest in a share of 4.450% non-cumulative perpetual preferred stock Series B,$17.22,0.045,0.262%,,United States,,46472,,
CFTR^A,Cantor Fitzgerald Income Trust Inc. 9.50% Series A Cumulative Redeemable Preferred Stock,$24.91,0.56,2.30%,,,,12614,,
CG,The Carlyle Group Inc. Common Stock,$52.68,1.40,2.73%,19026491810.00,United States,2012,3848457,Finance,Investment Managers
CGABL,The Carlyle Group Inc. 4.625% Subordinated Notes due 2061,$17.54,0.06,0.343%,6344304069.00,United States,,8401,Finance,Investment Managers
CGAU,Centerra Gold Inc. Common Shares,$20.03,0.86,4.486%,3997612758.00,Canada,2021,1397962,Basic Materials,Precious Metals
CGBD,Carlyle Secured Lending Inc. Common Stock,$11.82,0.25,2.161%,828888646.00,United States,2017,1143904,Finance,Finance: Consumer Services
CGC,Canopy Growth Corporation Common Shares,$1.14,-0.01,-0.87%,470182774.00,Canada,,9514842,Health Care, Medicinal Chemicals and Botanical Products 
CGCT,Cartesian Growth Corporation III Class A Ordinary Shares,$10.29,0.00,0.00%,0.00,United States,2025,137866,Finance,Blank Checks
CGCTU,Cartesian Growth Corporation III Unit,$10.68,0.03,0.282%,0.00,United States,2025,140,Finance,Blank Checks
CGCTW,Cartesian Growth Corporation III Warrant,$0.9151,-0.0049,-0.533%,0.00,United States,2025,41789,Finance,Blank Checks
CGEM,Cullinan Therapeutics Inc. Common Stock,$15.06,0.32,2.171%,911523488.00,United States,2021,841403,Health Care,Biotechnology: Biological Products (No Diagnostic Substances)
CGEN,Compugen Ltd. Ordinary Shares,$2.82,-0.07,-2.422%,266642638.00,Israel,2000,660273,Health Care,Biotechnology: Biological Products (No Diagnostic Substances)
CGNT,Cognyte Software Ltd. Ordinary Shares,$9.98,0.36,3.742%,725306031.00,Israel,,747546,Technology,Computer Software: Prepackaged Software
CGNX,Cognex Corporation Common Stock,$55.50,0.53,0.964%,9269269008.00,United States,1989,2159794,Industrials,Industrial Machinery/Components
CGO,Calamos Global Total Return Fund Common Stock,$12.75,0.16,1.271%,0.00,United States,2005,43583,Finance,Investment Managers
CGON,CG Oncology Inc. Common stock,$73.43,7.09,10.687%,6200076736.00,United States,2024,1765341,Health Care,Biotechnology: Biological Products (No Diagnostic Substances)
CGTL,Creative Global Technology Holdings Limited Class A Ordinary Shares,$1.18,-0.0102,-0.857%,30355500.00,China,2024,11035,Technology,Retail: Computer Software & Peripheral Equipment
CGTX,Cognition Therapeutics Inc. Common Stock,$1.19,0.08,7.207%,106330990.00,United States,2021,1287767,Health Care,Biotechnology: Biological Products (No Diagnostic Substances)
CHA,Chagee Holdings Limited American Depositary Shares,$10.39,0.08,0.776%,1929968371.00,China,2025,239981,Consumer Discretionary,Restaurants
CHAI,Core AI Holdings Inc. Common Shares,$1.08,0.02,1.887%,21516217.00,Canada,2020,63121,Telecommunications,Telecommunications Equipment
CHAR,Charlton Aria Acquisition Corporation Class A Ordinary Shares,$10.62,0.04,0.378%,0.00,United States,2024,9912,,
CHARR,Charlton Aria Acquisition Corporation Rights,$0.0509,-0.0336,-39.763%,0.00,United States,2024,5298,,
CHCI,Comstock Holding Companies Inc. Class A Common Stock,$18.76,0.56,3.077%,191552694.00,United States,2004,13531,Finance,Real Estate
CHCO,City Holding Company Common Stock,$127.23,1.56,1.241%,1827885928.00,United States,,100890,Finance,Major Banks
CHCT,Community Healthcare Trust Incorporated Common Stock,$17.63,0.09,0.513%,503720711.00,United States,2015,326949,Real Estate,Real Estate Investment Trusts
CHD,Church & Dwight Company Inc. Common Stock,$96.88,2.34,2.475%,22948459107.00,United States,,1718978,Consumer Discretionary,Package Goods/Cosmetics
CHDN,Churchill Downs Incorporated Common Stock,$92.21,-1.06,-1.136%,6426702831.00,United States,,765793,Consumer Discretionary,Services-Misc. Amusement & Recreation
CHE,Chemed Corp,$384.61,1.73,0.452%,5620950536.00,United States,,243065,Health Care,Medical/Nursing Services
CHEC,Chenghe Acquisition III Co. Class A Ordinary Share,$10.11,0.01,0.099%,0.00,Singapore,2025,8005,,
CHECW,Chenghe Acquisition III Co. Warrants,$0.17,0.00,0.00%,0.00,Singapore,2025,10,,
CHEF,The Chefs' Warehouse Inc. Common Stock,$65.82,2.84,4.509%,2683983541.00,United States,2011,596940,Consumer Discretionary,Food Distributors
CHGG,Chegg Inc. Common Stock,$1.05,-0.08,-7.08%,117388629.00,United States,2013,2107905,Real Estate,Other Consumer Services
CHH,Choice Hotels International Inc. Common Stock,$119.19,1.14,0.966%,5453788272.00,United States,,854617,Consumer Discretionary,Hotels/Resorts
CHI,Calamos Convertible Opportunities and Income Fund Common Stock,$11.80,0.02,0.17%,0.00,United States,2002,154752,Finance,Investment Managers
CHKP,Check Point Software Technologies Ltd. Ordinary Shares,$136.43,-1.18,-0.857%,14406467055.00,Israel,1996,1167758,Technology,Computer Software: Prepackaged Software
CHMG,Chemung Financial Corp Common Stock,$62.82,3.52,5.936%,302696097.00,United States,,11949,Finance,Major Banks
CHMI,Cherry Hill Mortgage Investment Corporation Common Stock,$2.67,0.03,1.136%,98094566.00,,2013,128525,Real Estate,Real Estate Investment Trusts
CHMI^A,Cherry Hill Mortgage Investment Corporation 8.20% Series A Cumulative Redeemable Preferred Stock,$20.91,0.06,0.288%,,,,4686,,
CHMI^B,Cherry Hill Mortgage Investment Corporation 8.250% Series B Fixed-to-Floating Rate Cumulative Redeemable Preferred Stock,$23.34,0.0015,0.006%,,,,2432,,
CHNR,China Natural Resources Inc. Common Stock,$4.05,0.00,0.00%,4994545.00,Hong Kong,,4445,Basic Materials,Precious Metals
CHOW,ChowChow Cloud International Holdings Limited Ordinary Shares,$0.425,-0.013,-2.968%,14917500.00,,2025,181722,Technology,Computer Software: Prepackaged Software
CHPG,ChampionsGate Acquisition Corporation Class A Ordinary Share,$10.33,0.00,0.00%,0.00,United States,2025,21,,
CHPGR,ChampionsGate Acquisition Corporation Rights,$0.16,0.00,0.00%,0.00,United States,2025,3224,,
CHPT,ChargePoint Holdings Inc. Common Stock,$6.22,0.03,0.485%,151868988.00,United States,2019,440192,Consumer Discretionary,Industrial Specialties
CHR,Cheer Holding Inc. Class A Ordinary Share,$1.71,0.12,7.547%,3526162.00,China,2018,59028,Technology,EDP Services
CHRD,Chord Energy Corporation Common Stock,$123.58,-10.41,-7.769%,7005268362.00,United States,,1532483,Energy,Oil & Gas Production
CHRS,Coherus Oncology Inc. Common Stock,$1.98,0.08,4.211%,305350866.00,United States,2014,1755007,Health Care,Biotechnology: Biological Products (No Diagnostic Substances)
CHRW,C.H. Robinson Worldwide Inc. Common Stock,$182.24,0.63,0.347%,21477059265.00,United States,1997,3898626,Industrials,Integrated Freight & Logistics
CHSCL,CHS Inc Class B Cumulative Redeemable Preferred Stock Series 4,$25.60,-0.09,-0.35%,314163277.00,United States,,9216,Industrials,Farming/Seeds/Milling
CHSCM,CHS Inc Class B Reset Rate Cumulative Redeemable Preferred Stock Series 3,$25.00,0.08,0.321%,306800075.00,United States,,23231,Industrials,Farming/Seeds/Milling
CHSCN,CHS Inc Preferred Class B Series 2 Reset Rate,$25.28,0.01,0.04%,310236236.00,United States,,11545,Industrials,Farming/Seeds/Milling
CHSCO,CHS Inc. Class B Cumulative Redeemable Preferred Stock,$26.24,0.01,0.038%,322017359.00,United States,,5952,Industrials,Farming/Seeds/Milling
CHSCP,CHS Inc. 8%  Cumulative Redeemable Preferred Stock,$27.71,-0.08,-0.288%,340057203.00,United States,,5779,Industrials,Farming/Seeds/Milling
CHSN,Chanson International Holding Class A Ordinary Shares,$2.42,0.00,0.00%,94328648.00,China,2023,10725,Consumer Staples,Packaged Foods
CHT,Chunghwa Telecom Co. Ltd.,$43.73,0.29,0.668%,33923313719.00,Taiwan,,115103,Telecommunications,Telecommunications Equipment
CHTR,Charter Communications Inc. Class A Common Stock New,$236.62,0.65,0.275%,33405625909.00,United States,,1774997,Telecommunications,Cable & Other Pay Television Services
CHW,Calamos Global Dynamic Income Fund Common Stock,$8.13,0.06,0.743%,0.00,United States,2007,201156,Finance,Investment Managers
CHWY,Chewy Inc. Class A Common Stock,$27.52,0.55,2.039%,11466950049.00,United States,2019,5712454,Consumer Discretionary,Catalog/Specialty Distribution
CHY,Calamos Convertible and High Income Fund Common Stock,$12.06,0.01,0.083%,0.00,United States,2003,238212,Finance,Investment Managers
CHYM,Chime Financial Inc. Class A Common Stock,$24.12,0.71,3.033%,9264487658.00,United States,2025,8409396,Finance,Finance: Consumer Services
CI,The Cigna Group Common Stock,$278.64,2.27,0.821%,73429519103.00,United States,,1899084,Health Care,Medical Specialities
CIA,Citizens Inc. Class A Common Stock ($1.00 Par),$5.59,0.17,3.137%,281175552.00,United States,1994,115420,Finance,Life Insurance
CIB,Grupo Cibest S.A. American Depositary Shares each representing four Preferred Shares,$73.87,-1.97,-2.598%,9412969405.00,Colombia,2025,324931,Finance,Commercial Banks
CICB,CION Investment Corporation 7.50% Notes due 2029,$25.10,0.01,0.04%,0.00,United States,2024,6740,Finance,Finance/Investors Services
CICC,CION Investment Corporation 7.50% Notes due 2031,$25.21,-0.04,-0.158%,0.00,United States,2026,3580,Finance,Finance/Investors Services
CIEN,Ciena Corporation Common Stock,$507.43,12.26,2.476%,71749803813.00,United States,1997,1926839,Utilities,Telecommunications Equipment
CIF,MFS Intermediate High Income Fund Common Stock,$1.645,0.005,0.305%,0.00,United States,,87370,Finance,Trusts Except Educational Religious and Charitable
CIFR,Cipher Digital Inc. Common Stock,$19.37,2.03,11.707%,7847162914.00,United States,2020,35328824,Finance,Finance: Consumer Services
CIG,Comp En De Mn Cemig ADS American Depositary Shares,$2.66,0.01,0.377%,7612339841.00,Brazil,,6971822,Utilities,Electric Utilities: Central
CIGI,Colliers International Group Inc. Subordinate Voting Shares,$116.96,1.88,1.634%,5977102904.00,Canada,,186035,Finance,Real Estate
CII,BlackRock Enhanced Large Cap Core Fund Inc. Common Stock,$23.31,0.00,0.00%,3467653199.00,United States,2004,96198,Finance,Investment Bankers/Brokers/Service
CIIT,Tianci International Inc. Common Stock,$1.74,0.16,10.127%,6296898.00,Hong Kong,,373672,Energy,Oil & Gas Production
CIK,Credit Suisse Asset Management Income Fund Inc. Common Stock,$2.59,0.01,0.388%,0.00,United States,,298371,Finance,Finance/Investors Services
CIM,Chimera Investment Corporation Common Stock,$13.70,0.34,2.545%,1142614606.00,United States,2007,786849,Real Estate,Real Estate Investment Trusts
CIM^A,Chimera Investment Corporation 8.00% Series A Cumulative Redeemable Preferred Stock,$21.89,0.0453,0.207%,,United States,,11185,,
CIM^B,Chimera Investment Corporation 8.00% Series B Fixed-to-Floating Rate Cumulative Redeemable Preferred Stock,$24.01,0.0199,0.083%,,United States,,32410,,
CIM^C,Chimera Investment Corporation 7.75% Series C Fixed-to-Floating Rate  Cumulative Redeemable  Preferred Stock,$22.30,0.17,0.768%,,United States,,9463,,
CIM^D,Chimera Investment Corporation 8.00% Series D Fixed-to-Floating Rate Cumulative Redeemable Preferred Stock,$24.00,-0.03,-0.125%,,United States,,14907,,
CIMN,Chimera Investment Corporation 9.000% Senior Notes due 2029,$25.54,0.06,0.235%,2056753976.00,United States,2024,4184,Real Estate,Real Estate Investment Trusts
CIMO,Chimera Investment Corporation 9.250% Senior Notes due 2029,$25.67,0.02,0.078%,0.00,United States,2024,2156,Real Estate,Real Estate Investment Trusts
CIMP,Chimera Investment Corporation 8.875% Senior Notes due 2030,$25.37,0.07,0.277%,0.00,United States,2025,23591,Real Estate,Real Estate Investment Trusts
CINF,Cincinnati Financial Corporation Common Stock,$166.82,3.46,2.118%,25971571884.00,United States,,2810032,Finance,Property-Casualty Insurers
CING,Cingulate Inc. Common Stock,$5.45,0.19,3.612%,66765574.00,United States,2021,271904,Health Care,Biotechnology: Pharmaceutical Preparations
CINGW,Cingulate Inc. Warrants,$0.0194,-0.0004,-2.02%,237661.00,United States,2021,1065,Health Care,Biotechnology: Pharmaceutical Preparations
CINT,CI&T Inc Class A Common Shares,$4.74,0.05,1.066%,610937429.00,,2021,44971,Technology,EDP Services
CION,CION Investment Corporation Common Stock,$7.75,0.22,2.922%,391348061.00,United States,2021,1039874,Finance,Finance/Investors Services
CISO,CISO Global Inc. Common Stock,$0.367,0.009,2.514%,16629995.00,United States,,315610,Consumer Discretionary,Professional Services
CISS,C3is Inc. Common Stock,$0.8015,-0.028,-3.376%,2157030.00,Greece,,87396,Consumer Discretionary,Marine Transportation
CITR,CitroTech Inc. Common Stock,$8.58,0.08,0.941%,164309008.00,,,62350,Industrials,Environmental Services
CIVB,Civista Bancshares Inc. Common Stock,$24.60,1.01,4.281%,509603391.00,United States,,187945,Finance,Major Banks
CIX,CompX International Inc. Common Stock,$23.20,-0.09,-0.386%,285894922.00,United States,1998,2833,Consumer Discretionary,Industrial Machinery/Components
CJMB,Callan JMB Inc. Common Stock,$1.20,0.04,3.448%,6752842.00,United States,2025,85315,Real Estate,Real Estate
CKX,CKX Lands Inc. Common Stock,$10.60,0.21,2.021%,21763167.00,United States,2003,1066,Energy,Oil & Gas Production
CL,Colgate-Palmolive Company Common Stock,$85.81,2.19,2.619%,68754363554.00,United States,,6405614,Consumer Discretionary,Package Goods/Cosmetics
CLAR,Clarus Corporation Common Stock,$2.93,0.12,4.27%,112517344.00,United States,,150016,Consumer Discretionary,Recreational Games/Products/Toys
CLB,Core Laboratories Inc. Common Stock,$16.50,-0.42,-2.482%,759796422.00,Netherlands,2023,447641,Energy,Oilfield Services/Equipment
CLBK,Columbia Financial Inc. Common Stock,$18.56,0.39,2.146%,1932437096.00,United States,2018,267675,Finance,Savings Institutions
CLBR,Colombier Acquisition Corp. III Class A Ordinary Shares,$10.06,0.01,0.10%,0.00,,2026,74534,,
CLBT,Cellebrite DI Ltd. Ordinary Shares,$13.18,0.47,3.698%,3287616788.00,Israel,,1582207,Technology,Computer Software: Prepackaged Software
CLDI,Calidi Biotherapeutics Inc. Common Stock,$0.275,-0.0022,-0.794%,2996324.00,,2021,1133933,Health Care,Biotechnology: Biological Products (No Diagnostic Substances)
CLDT,Chatham Lodging Trust (REIT) Common Shares of Beneficial Interest,$8.74,0.20,2.342%,411129312.00,United States,2010,276502,Real Estate,Real Estate Investment Trusts
CLDT^A,Chatham Lodging Trust (REIT) 6.625% Series A Cumulative Redeemable Preferred Shares of Beneficial Interest,$20.19,0.09,0.448%,,United States,,6937,,
CLDX,Celldex Therapeutics Inc.,$34.55,0.69,2.038%,2299867254.00,United States,,1481169,Health Care,Biotechnology: In Vitro & In Vivo Diagnostic Substances
CLF,Cleveland-Cliffs Inc. Common Stock,$9.94,0.22,2.263%,5669741439.00,United States,,19017945,Basic Materials,Metal Mining
CLFD,Clearfield Inc. Common Stock,$29.98,1.11,3.845%,410288622.00,United States,,92626,Utilities,Telecommunications Equipment
CLGN,CollPlant Biotechnologies Ltd Ordinary Shares,$0.357,0.0047,1.334%,5146201.00,Israel,,396837,Health Care,Industrial Specialties
CLH,Clean Harbors Inc. Common Stock,$300.70,4.07,1.372%,16031358023.00,United States,,661138,Industrials,Environmental Services
CLIK,Click Holdings Limited Class A Ordinary Share,$2.64,-0.08,-2.941%,8614407.00,Hong Kong,2024,34223,Consumer Discretionary,Diversified Commercial Services
CLIR,ClearSign Technologies Corporation Common Stock (DE),$5.45,0.12,2.251%,29477540.00,United States,2012,21258,Industrials,Industrial Machinery/Components
CLLS,Cellectis S.A. American Depositary Shares,$4.42,0.15,3.513%,320852193.00,France,2015,73353,Health Care,Biotechnology: Pharmaceutical Preparations
CLM,Cornerstone Strategic Investment Fund Inc. Common Shares,$7.53,0.07,0.938%,0.00,United States,2003,1764104,Finance,Finance/Investors Services
CLMB,Climb Global Solutions Inc. Common Stock,$22.84,-0.04,-0.175%,420776021.00,United States,,92579,Technology,Retail: Computer Software & Peripheral Equipment
CLMT,Calumet Inc. Common Stock,$32.21,-0.33,-1.014%,2795072740.00,United States,2006,1677565,Energy,Integrated oil Companies
CLNE,Clean Energy Fuels Corp. Common Stock,$2.25,-0.04,-1.747%,493719638.00,United States,2007,2321838,Utilities,Natural Gas Distribution
CLNN,Clene Inc. Common Stock,$6.31,-0.04,-0.63%,74321117.00,United States,,68611,Health Care,Biotechnology: Pharmaceutical Preparations
CLOV,Clover Health Investments Corp. Class A Common Stock,$2.19,0.03,1.389%,1149021356.00,United States,,5572415,Health Care,Medical Specialities
CLPR,Clipper Realty Inc. Common Stock,$3.37,0.09,2.744%,54413860.00,United States,2017,53042,Real Estate,Real Estate Investment Trusts
CLPS,CLPS Incorporation Common Stock,$0.95,0.02,2.151%,28256279.00,China,2018,30245,Technology,Computer Software: Prepackaged Software
CLPT,ClearPoint Neuro Inc. Common Stock,$11.79,1.29,12.286%,353535129.00,United States,,601298,Health Care,Medical/Dental Instruments
CLRB,Cellectar Biosciences Inc.  Common Stock,$2.92,-0.09,-2.99%,12381177.00,United States,,58053,Health Care,Biotechnology: Pharmaceutical Preparations
CLRO,ClearOne Inc. (DE) Common Stock,$3.20,0.13,4.235%,8561318.00,United States,,2526,Utilities,Telecommunications Equipment
CLS,Celestica Inc. Common Stock,$396.01,13.69,3.581%,45528419863.00,Canada,1998,1960168,Technology,Electrical Products
CLSK,CleanSpark Inc. Common Stock,$11.97,0.55,4.816%,3061362369.00,United States,,27885630,Finance,Finance: Consumer Services
CLSKW,CleanSpark Inc. Warrant,$0.29,0.0195,7.209%,74168345.00,United States,,85987,Finance,Finance: Consumer Services
CLST,Catalyst Bancorp Inc. Common Stock,$15.95,-0.01,-0.063%,64729837.00,United States,2021,5205,Finance,Savings Institutions
CLVT,Clarivate Plc Ordinary Shares,$2.68,-0.05,-1.832%,1721041173.00,United Kingdom,2019,4759461,Technology,EDP Services
CLW,Clearwater Paper Corporation Common Stock,$15.00,0.20,1.351%,240577275.00,United States,,176525,Basic Materials,Paper
CLWT,Euro Tech Holdings Company Limited Common Stock,$1.23,-0.0473,-3.703%,9281478.00,Hong Kong,1997,329,Consumer Discretionary,Professional and commerical equipment
CLX,Clorox Company (The) Common Stock,$104.58,2.20,2.149%,12644962633.00,United States,,2895389,Consumer Discretionary,Specialty Chemicals
CLYM,Climb Bio Inc. Common Stock,$9.16,0.34,3.855%,437559854.00,United States,2021,446667,Health Care,Biotechnology: Pharmaceutical Preparations
CM,Canadian Imperial Bank of Commerce Common Stock,$109.26,1.77,1.647%,100577575761.00,Canada,,2458656,Finance,Commercial Banks
CMBT,CMB.TECH NV Ordinary Shares,$13.09,0.17,1.316%,2880123493.00,,2015,1555810,Consumer Discretionary,Marine Transportation
CMC,Commercial Metals Company Common Stock,$66.17,2.13,3.326%,7337418199.00,United States,,960996,Industrials,Steel/Iron Ore
CMCL,Caledonia Mining Corporation Plc Common Shares,$26.19,0.72,2.827%,505808203.00,Canada,,154001,Basic Materials,Precious Metals
CMCM,Cheetah Mobile Inc. American Depositary Shares each representing fifty (50) Class A Ordinary Shares,$5.77,0.17,3.036%,4427131271.00,China,2022,9138,Technology,Computer Software: Prepackaged Software
CMCO,Columbus McKinnon Corporation Common Stock,$15.71,0.71,4.733%,451495440.00,United States,1996,380291,Industrials,Construction/Ag Equipment/Trucks
CMCSA,Comcast Corporation Class A Common Stock,$29.63,0.28,0.954%,106604176802.00,United States,,32419955,Telecommunications,Cable & Other Pay Television Services
CMCT,Creative Media & Community Trust Corporation Common stock,$0.6157,0.0557,9.946%,166220.00,United States,,1029498,Real Estate,Real Estate Investment Trusts
CMDB,Costamare Bulkers Holdings Limited Common Stock,$17.26,0.28,1.649%,417354947.00,,2025,41623,Consumer Discretionary,Marine Transportation
CME,CME Group Inc. Class A Common Stock,$287.65,-8.57,-2.893%,104361744500.00,United States,2002,3976161,Finance,Investment Bankers/Brokers/Service
CMG,Chipotle Mexican Grill Inc. Common Stock,$35.83,0.75,2.138%,46665816090.00,United States,2006,16492858,Consumer Discretionary,Restaurants
CMI,Cummins Inc. Common Stock,$627.18,18.29,3.004%,86712288676.00,United States,,1295190,Industrials,Industrial Machinery/Components
CMII,Columbus Circle Capital Corp II Class A Ordinary Shares,$9.88,0.025,0.254%,0.00,United States,2026,64151,Finance,Blank Checks
CMIIU,Columbus Circle Capital Corp II Unit,$9.99,-0.04,-0.399%,0.00,United States,2026,1087,Health Care,Biotechnology: Commercial Physical & Biological Resarch
CMIIW,Columbus Circle Capital Corp II Warrant,$0.4011,0.0011,0.275%,0.00,United States,2026,6918,Finance,Blank Checks
CMMB,Chemomab Therapeutics Ltd. American Depositary Share,$1.67,0.00,0.00%,12011086.00,Israel,2019,44648,Health Care,Biotechnology: Pharmaceutical Preparations
CMND,Clearmind Medicine Inc. Common Shares,$0.7196,-0.1149,-13.769%,1079283.00,Canada,,1687279,Health Care,Biotechnology: Pharmaceutical Preparations
CMP,Compass Minerals Intl Inc Common Stock,$25.32,-0.53,-2.05%,1059978072.00,United States,2003,492353,Industrials,Mining & Quarrying of Nonmetallic Minerals (No Fuels)
CMPR,Cimpress plc Ordinary Shares (Ireland),$81.18,2.00,2.526%,1971471887.00,Netherlands,2005,183645,Consumer Discretionary,Publishing
CMPS,COMPASS Pathways Plc American Depository Shares,$6.66,0.00,0.00%,858629145.00,United Kingdom,2020,1950447,Health Care,Biotechnology: Pharmaceutical Preparations
CMPX,Compass Therapeutics Inc. Common Stock,$6.00,-0.53,-8.116%,1080527490.00,United States,,3732154,Health Care,Biotechnology: Biological Products (No Diagnostic Substances)
CMRC,Commerce.com Inc. Series 1 Common Stock,$2.94,0.12,4.255%,242009716.00,United States,2020,1185437,Technology,Computer Software: Prepackaged Software
CMRE,Costamare Inc. Common Stock $0.0001 par value,$17.47,0.39,2.283%,2106685620.00,Greece,2010,283814,Consumer Discretionary,Marine Transportation
CMRE^B,Costamare Inc. Perpetual Preferred Stock Series B (Marshall Islands),$25.50,-0.25,-0.971%,,Greece,,1342,,
CMRE^C,Costamare Inc. Perpetual Preferred Series C (Marshall Islands),$26.50,0.05,0.189%,,Greece,,399,,
CMRE^D,Costamare Inc. 8.75% Series D Cumulative Redeemable Perpetual Preferred Stock,$27.625,0.00,0.00%,,Greece,,78,,
CMS,CMS Energy Corporation Common Stock,$77.75,-0.36,-0.461%,23946739926.00,United States,,2439586,Utilities,Power Generation
CMS^B,CMS Energy Corporation Preferred Stock,$82.33,3.31,4.189%,,United States,,335,,
CMS^C,CMS Energy Corporation Depositary Shares each representing a 1/1000th interest in a share of 4.200% Cumulative Redeemable Perpetual Preferred Stock Series C,$17.38,0.04,0.231%,,United States,,10150,,
CMSA,CMS Energy Corporation 5.625% Junior Subordinated Notes due 2078,$21.92,0.11,0.504%,6561433305.00,United States,2018,11382,Utilities,Power Generation
CMSC,CMS Energy Corporation 5.875% Junior Subordinated Notes due 2078,$22.7698,0.1498,0.662%,6815808580.00,United States,2018,6184,Utilities,Power Generation
CMSD,CMS Energy Corporation 5.875% Junior Subordinated Notes due 2079,$23.08,0.18,0.786%,6908662440.00,United States,2019,31016,Utilities,Power Generation
CMT,Core Molding Technologies Inc Common Stock,$27.27,0.97,3.688%,250967037.00,United States,1996,58389,Industrials,Plastic Products
CMTG,Claros Mortgage Trust Inc. Common Stock,$2.69,0.11,4.264%,377188475.00,United States,2021,466265,Finance,Real Estate
CMTL,Comtech Telecommunications Corp. Common Stock,$4.11,0.11,2.75%,122207229.00,United States,,251976,Technology,Radio And Television Broadcasting And Communications Equipment
CMTV,Community Bancorp. Common Stock,$36.57,1.32,3.745%,204084297.00,United States,,45495,Finance,Major Banks
CMU,MFS Municipal Income Trust Common Stock,$3.67,0.00,0.00%,103953902.00,United States,1987,77704,Finance,Investment Managers
CNA,CNA Financial Corporation Common Stock,$48.20,0.52,1.091%,13010065482.00,United States,,303518,Finance,Property-Casualty Insurers
CNC,Centene Corporation Common Stock,$38.17,-0.83,-2.128%,18770956058.00,United States,,5467709,Health Care,Medical Specialities
CNCK,Coincheck Group N.V. Ordinary Shares,$1.82,-0.05,-2.674%,247387362.00,Netherlands,,64519,Finance,Finance: Consumer Services
CNCKW,Coincheck Group N.V. Warrants,$0.201,0.00,0.00%,27321352.00,Netherlands,,3001,Finance,Finance: Consumer Services
CNDT,Conduent Incorporated Common Stock ,$1.63,0.04,2.516%,252807807.00,United States,,1145911,Real Estate,Real Estate
CNET,ZW Data Action Technologies Inc. Common Stock,$0.7483,-0.0317,-4.064%,2445765.00,China,,14842,Technology,Computer Software: Programming Data Processing
CNEY,CN Energy Group Inc. Class A Ordinary Shares,$0.5112,0.0122,2.445%,4193531.00,China,2021,73596,Industrials,Major Chemicals
CNF,CNFinance Holdings Limited American Depositary Shares each representing two hundred (200) Ordinary Shares,$3.2002,-0.2548,-7.375%,21947663.00,,,3083,Finance,Finance: Consumer Services
CNH,CNH Industrial N.V. Common Shares,$10.59,0.18,1.729%,13138727208.00,United Kingdom,2013,19274703,Industrials,Construction/Ag Equipment/Trucks
CNI,Canadian National Railway Company Common Stock,$110.29,1.33,1.221%,67363076415.00,Canada,,1285617,Industrials,Railroads
CNK,Cinemark Holdings Inc Cinemark Holdings Inc. Common Stock,$30.01,0.01,0.033%,3505242335.00,United States,2007,2833094,Consumer Discretionary,Movies/Entertainment
CNL,Collective Mining Ltd. Common Shares,$20.40,0.96,4.938%,1888540159.00,,2024,60717,,
CNM,Core & Main Inc. Class A Common Stock,$50.79,-1.18,-2.271%,9886274008.00,United States,2021,7072707,Consumer Discretionary,Durable Goods
CNMD,CONMED Corporation Common Stock,$39.08,1.17,3.086%,1178016030.00,United States,1987,281606,Health Care,Biotechnology: Electromedical & Electrotherapeutic Apparatus
CNNE,Cannae Holdings Inc. Common Stock,$13.08,0.08,0.615%,605927325.00,United States,2017,541617,Consumer Discretionary,Restaurants
CNO,CNO Financial Group Inc. Common Stock,$43.63,0.65,1.512%,4089342474.00,United States,,775170,Finance,Accident &Health Insurance
CNO^A,CNO Financial Group Inc. 5.125% Subordinated Debentures due 2060,$18.173,0.023,0.127%,,United States,,441,,
CNOB,ConnectOne Bancorp Inc. Common Stock,$28.69,0.66,2.355%,1442776893.00,United States,,377259,Finance,Major Banks
CNOBP,ConnectOne Bancorp Inc. Depositary Shares each representing a 1/40th interest in a share of 5.25% Fixed-Rate Reset Non-Cumulative Perpetual Preferred Stock Series A,$24.7493,-0.0007,-0.003%,1244605025.00,United States,,1858,Finance,Major Banks
CNP,CenterPoint Energy Inc (Holding Co) Common Stock,$43.00,-0.21,-0.486%,28073478112.00,United States,,5003295,Utilities,Electric Utilities: Central
CNQ,Canadian Natural Resources Limited Common Stock,$43.00,-3.31,-7.147%,89696796000.00,Canada,,19635860,Energy,Oil & Gas Production
CNR,Core Natural Resources Inc. Common Stock,$85.97,-3.74,-4.169%,4363008965.00,United States,2017,1361911,Energy,Coal Mining
CNS,Cohen & Steers Inc Common Stock,$66.67,2.03,3.14%,3426431913.00,United States,2004,775773,Finance,Investment Managers
CNSP,CNS Pharmaceuticals Inc. Common Stock,$2.54,-0.12,-4.511%,2061080.00,United States,2019,25366,Health Care,Biotechnology: Pharmaceutical Preparations
CNTA,Centessa Pharmaceuticals plc American Depositary Shares,$39.66,0.13,0.329%,6130187939.00,United Kingdom,2021,3773822,Health Care,Biotechnology: Pharmaceutical Preparations
CNTB,Connect Biopharma Holdings Limited Ordinary Shares,$2.81,-0.18,-6.02%,158824802.00,China,2021,382592,Health Care,Biotechnology: Pharmaceutical Preparations
CNTN,Canton Strategic Holdings Inc. Common Stock,$3.43,-0.06,-1.719%,194331010.00,United States,2022,1095420,Health Care,Biotechnology: Pharmaceutical Preparations
CNTX,Context Therapeutics Inc. Common Stock,$2.43,0.14,6.114%,223266400.00,United States,2021,1203329,Health Care,Biotechnology: Pharmaceutical Preparations
CNTY,Century Casinos Inc. Common Stock,$1.49,0.02,1.361%,42656526.00,United States,,38327,Consumer Discretionary,Hotels/Resorts
CNVS,Cineverse Corp. Class A Common Stock,$2.45,0.08,3.376%,52172422.00,United States,,198029,Consumer Discretionary,Consumer Electronics/Video Chains
CNX,CNX Resources Corporation Common Stock,$38.67,-1.09,-2.741%,5505377134.00,United States,1999,2160647,Energy,Oil & Gas Production
CNXC,Concentrix Corporation Common Stock,$30.00,0.40,1.351%,1830144780.00,United States,,983054,Technology,Computer Software: Prepackaged Software
CNXN,PC Connection Inc. Common Stock,$64.29,0.34,0.532%,1621146991.00,United States,,66026,Consumer Discretionary,Catalog/Specialty Distribution
COCH,Envoy Medical Inc. Class A Common Stock,$0.7086,0.007,0.998%,54477955.00,United States,2021,197318,Health Care,Industrial Specialties
COCHW,Envoy Medical Inc Warrant,$0.0588,-0.0102,-14.783%,4520609.00,United States,2021,1516,Health Care,Industrial Specialties
COCO,The Vita Coco Company Inc. Common Stock,$48.32,-0.015,-0.031%,2758210599.00,United States,2021,1072843,Consumer Staples,Beverages (Production/Distribution)
COCP,Cocrystal Pharma Inc. Common Stock,$1.51,-0.06,-3.822%,20816496.00,United States,,383599,Health Care,Biotechnology: Pharmaceutical Preparations
CODA,Coda Octopus Group Inc. Common stock,$13.27,-0.11,-0.822%,149634537.00,United States,,170610,Industrials,Industrial Machinery/Components
CODI,D/B/A Compass Diversified Holdings Shares of Beneficial Interest,$10.51,-0.07,-0.662%,790730003.00,United States,2006,977678,Consumer Discretionary,Home Furnishings
CODI^A,Compass Diversified Holdings 7.250% Series A Preferred Shares representing beneficial interest in Compass Diversified Holdings,$19.40,0.00,0.00%,,United States,,3238,,
CODI^B,Compass Diversified Holdings 7.875% Series B Fixed-to-Floating Rate Cumulative Preferred Shares representing beneficial interests in Compass Diversified Holdings,$21.06,-0.01,-0.047%,,United States,,2876,,
CODI^C,Compass Diversified Holdings 7.875% Series C Cumulative Preferred Shares,$20.58,-0.04,-0.194%,,United States,,10087,,
CODX,Co-Diagnostics Inc. Common Stock,$1.56,0.10,6.849%,5619845.00,United States,2026,126183,Health Care,Medical/Dental Instruments
COE,51Talk Online Education Group American depositary shares each representing 60 Class A ordinary shares,$24.04,-0.96,-3.84%,140861779.00,China,2016,4849,Real Estate,Other Consumer Services
COEP,Coeptis Therapeutics Holdings Inc. Common Stock,$14.65,0.94,6.856%,91170188.00,United States,2020,47129,Health Care,Biotechnology: Biological Products (No Diagnostic Substances)
COEPW,Coeptis Therapeutics Holdings Inc. Warrants,$0.0103,-0.0002,-1.905%,64099.00,United States,2020,18085,Health Care,Biotechnology: Biological Products (No Diagnostic Substances)
COF,Capital One Financial Corporation Common Stock,$206.47,5.76,2.87%,129064865893.00,United States,1994,5412475,Finance,Major Banks
COF^I,Capital One Financial Corporation Depositary shares each representing a 1/40th interest in a share of Fixed Rate Non-Cumulative Perpetual Preferred Stock Series I of the Issuer,$19.27,0.04,0.208%,,United States,,64910,,
COF^J,Capital One Financial Corporation Depositary Shares Each Representing a 1/40th Interest in a Share of Fixed Rate Non- Cumulative Perpetual Preferred Stock Series J,$18.57,0.08,0.433%,,United States,,44254,,
COF^K,Capital One Financial Corporation Depositary Shares Each Representing a 1/40th Ownership Interest in a Share of Fixed Rate Non-Cumulative Perpetual Preferred Stock Series K,$17.91,0.09,0.505%,,United States,,5903,,
COF^L,Capital One Financial Corporation Depositary Shares Each Representing a 1/40th Interest in a Share of Fixed Rate Non-Cumulative Perpetual Preferred Stock Series L,$16.88,0.07,0.416%,,United States,,26404,,
COF^N,Capital One Financial Corporation Depositary Shares Each Representing a 1/40th Ownership Interest in a Share of Fixed Rate Non-Cumulative Perpetual Preferred Stock Series N,$16.38,0.02,0.122%,,United States,,5369,,
COFS,ChoiceOne Financial Services Inc. Common Stock,$30.94,1.13,3.791%,462767012.00,United States,,123132,Finance,Major Banks
COGT,Cogent Biosciences Inc. Common Stock,$37.25,1.06,2.929%,6046003545.00,United States,2018,3948230,Health Care,Biotechnology: Pharmaceutical Preparations
COHN,Cohen & Company Inc.,$23.54,0.33,1.422%,57639079.00,United States,,52891,Finance,Investment Bankers/Brokers/Service
COHR,Coherent Corp. Common Stock,$345.02,17.02,5.189%,64684988577.00,United States,,5618007,Technology,Electronic Components
COHU,Cohu Inc. Common Stock,$41.26,1.89,4.801%,1935237956.00,United States,,1109396,Industrials,Electrical Products
COIN,Coinbase Global Inc. Class A Common Stock,$206.33,6.505,3.255%,54486629620.00,United States,,15632734,Finance,Finance: Consumer Services
COKE,Coca-Cola Consolidated Inc. Common Stock,$190.18,4.02,2.159%,12659197433.00,United States,1972,427323,Consumer Staples,Beverages (Production/Distribution)
COLA,Columbus Acquisition Corp Ordinary Shares,$10.55,0.00,0.00%,0.00,Singapore,2025,9226,,
COLAR,Columbus Acquisition Corp Rights,$0.31,0.00,0.00%,0.00,Singapore,2025,47,Finance,Blank Checks
COLB,Columbia Banking System Inc. Common Stock,$29.63,0.66,2.278%,8592517864.00,United States,1992,2047102,Finance,Major Banks
COLD,Americold Realty Trust Inc. Common Stock,$12.80,0.40,3.226%,3651774387.00,United States,2018,4482205,Real Estate,Real Estate Investment Trusts
COLL,Collegium Pharmaceutical Inc. Common Stock,$34.41,1.37,4.146%,1115123803.00,United States,2015,491816,Health Care,Biotechnology: Pharmaceutical Preparations
COLM,Columbia Sportswear Company Common Stock,$60.79,3.05,5.282%,3182450846.00,United States,1998,676940,Consumer Discretionary,Apparel
COMP,Compass Inc. Class A Common Stock,$8.14,0.84,11.507%,6073623466.00,United States,2021,27693826,Technology,EDP Services
CON,Concentra Group Holdings Parent Inc. Common Stock,$22.86,0.53,2.373%,2937676627.00,United States,2024,410779,Health Care,Medical Specialities
COO,The Cooper Companies Inc. Common Stock,$70.06,0.68,0.98%,13669714724.00,United States,,2655095,Health Care,Ophthalmic Goods
COOK,Traeger Inc. Common Stock,$43.47,1.15,2.717%,119326498.00,United States,2021,18618,Consumer Discretionary,Consumer Electronics/Appliances
COOT,Australian Oilseeds Holdings Limited Ordinary Shares,$0.6002,0.0002,0.033%,16744703.00,Australia,,56329,Consumer Staples,Packaged Foods
COOTW,Australian Oilseeds Holdings Limited Warrant,$0.0188,-0.0023,-10.90%,524493.00,Australia,,2609,Consumer Staples,Packaged Foods
COP,ConocoPhillips Common Stock,$116.04,-5.53,-4.549%,141662533979.00,United States,,11663191,Energy,Integrated oil Companies
COPL,Copley Acquisition Corp Ordinary Shares,$10.36,0.03,0.29%,0.00,,2025,1234,,
COR,Cencora Inc. Common Stock,$327.56,5.19,1.61%,63720470196.00,United States,,1670808,Health Care,Other Pharmaceuticals
CORT,Corcept Therapeutics Incorporated Common Stock,$46.16,2.20,5.005%,4910224763.00,United States,2004,1734548,Health Care,Biotechnology: Pharmaceutical Preparations
CORZ,Core Scientific Inc. Common Stock,$19.85,0.41,2.109%,6264556820.00,United States,,12886220,Finance,Finance: Consumer Services
CORZW,Core Scientific Inc. Tranche 1 Warrants,$13.30,0.44,3.421%,4197410867.00,United States,,890870,Finance,Finance: Consumer Services
CORZZ,Core Scientific Inc. Tranche 2 Warrants,$19.77,0.48,2.488%,6239309236.00,United States,,1972,Finance,Finance: Consumer Services
COSM,Cosmos Health Inc. Common Stock,$0.4063,0.0003,0.074%,20650058.00,United States,,3592100,Health Care,Other Pharmaceuticals
COSO,CoastalSouth Bancshares Inc. Common Stock,$25.94,0.51,2.006%,307473513.00,United States,2025,140708,Finance,Major Banks
COST,Costco Wholesale Corporation Common Stock,$999.89,12.68,1.284%,443603738221.00,United States,,2342242,Consumer Discretionary,Department/Specialty Retail Stores
COTY,Coty Inc. Class A Common Stock,$2.36,0.05,2.165%,2076815007.00,United States,2013,7099734,Consumer Discretionary,Package Goods/Cosmetics
COUR,Coursera Inc. Common Stock,$6.36,-0.07,-1.089%,1076834490.00,United States,2021,4365808,Technology,Computer Software: Prepackaged Software
COYA,Coya Therapeutics Inc. Common Stock,$4.78,0.30,6.696%,112125335.00,United States,2022,219789,Health Care,Biotechnology: Pharmaceutical Preparations
CP,Canadian Pacific Kansas City Limited Common Shares,$81.48,1.34,1.672%,73112305802.00,Canada,,2319706,Industrials,Railroads
CPA,Copa Holdings S.A. Class A Common Stock,$125.58,7.17,6.055%,5166179486.00,Panama,2005,681965,Consumer Discretionary,Air Freight/Delivery Services
CPAC,Cementos Pacasmayo S.A.A. American Depositary Shares (Each representing five Common Shares),$10.72,0.02,0.187%,908773957.00,Peru,,23920,Industrials,Building Materials
CPAY,Corpay Inc. Common Stock,$334.64,2.57,0.774%,22130409134.00,United States,,730103,Real Estate,Real Estate
CPB,The Campbell's Company Common Stock,$20.99,0.05,0.239%,6258094783.00,United States,,8382621,Consumer Staples,Packaged Foods
CPBI,Central Plains Bancshares Inc. Common Stock,$17.52,-0.115,-0.652%,73676068.00,United States,2023,1924,Finance,Savings Institutions
CPF,Central Pacific Financial Corp New,$34.85,0.69,2.02%,921316381.00,United States,,312456,Finance,Major Banks
CPHC,Canterbury Park Holding Corporation 'New' Common Stock,$15.70,0.01,0.064%,80443425.00,United States,,3429,Consumer Discretionary,Services-Misc. Amusement & Recreation
CPHI,China Pharma Holdings Inc. Common Stock,$0.6686,0.0096,1.457%,27093011.00,China,,110583,Health Care,Biotechnology: Pharmaceutical Preparations
CPIX,Cumberland Pharmaceuticals Inc. Common Stock,$3.23,0.14,4.531%,51288640.00,United States,2009,22037,Health Care,Biotechnology: Pharmaceutical Preparations
CPK,Chesapeake Utilities Corporation Common Stock,$126.53,-0.91,-0.714%,3035358917.00,United States,,203066,Utilities,Oil & Gas Production
CPNG,Coupang Inc. Class A Common Stock,$21.55,0.06,0.279%,39397528032.00,United States,2021,25352697,Consumer Discretionary,Catalog/Specialty Distribution
CPOP,Pop Culture Group Co. Ltd Class A Ordinary Shares,$0.371,0.0108,2.998%,30399384.00,China,2021,531446,Consumer Discretionary,Services-Misc. Amusement & Recreation
CPRI,Capri Holdings Limited Ordinary Shares,$20.90,1.08,5.449%,2490482979.00,Hong Kong,2011,3079569,Consumer Discretionary,Apparel
CPRT,Copart Inc. (DE) Common Stock,$33.45,0.18,0.541%,32222665579.00,United States,1994,17863865,Consumer Discretionary,Retail-Auto Dealers and Gas Stations
CPRX,Catalyst Pharmaceuticals Inc. Common Stock,$26.26,0.37,1.429%,3206973194.00,United States,2006,3279021,Health Care,Biotechnology: Pharmaceutical Preparations
CPS,Cooper-Standard Holdings Inc. Common Stock,$31.55,2.00,6.768%,560179210.00,United States,,199728,Consumer Discretionary,Auto Parts:O.E.M.
CPSH,CPS Technologies Corp. Common Stock,$5.22,0.22,4.40%,93996347.00,United States,,346603,Consumer Discretionary,Building Materials
CPSS,Consumer Portfolio Services Inc. Common Stock,$8.65,0.16,1.885%,188226379.00,United States,1992,23750,Finance,Finance: Consumer Services
CPT,Camden Property Trust Common Stock,$103.40,3.22,3.214%,10828721237.00,United States,1993,1372113,Real Estate,Real Estate Investment Trusts
CPZ,Calamos Long/Short Equity & Dynamic Income Trust Common Stock,$14.08,0.18,1.295%,276421292.00,United States,2019,152570,Finance,Trusts Except Educational Religious and Charitable
CQP,Cheniere Energy Partners LP Common Units,$60.27,-0.98,-1.60%,29173941993.00,United States,2007,141307,Utilities,Oil/Gas Transmission
CR,Crane Company Common Stock,$192.81,6.71,3.606%,11133594996.00,United States,2023,441938,Industrials,Metal Fabrications
CRAC,Crown Reserve Acquisition Corp. I Class A Ordinary Shares,$10.045,0.005,0.05%,0.00,Cayman Islands,2025,7768,,
CRACR,Crown Reserve Acquisition Corp. I Rights,$0.1599,0.0073,4.784%,0.00,Cayman Islands,2025,5260,,
CRACW,Crown Reserve Acquisition Corp. I Warrant,$0.057,0.007,14.00%,0.00,Cayman Islands,2025,36116,,
CRAI,CRA International Inc. Common Stock,$158.84,-3.16,-1.951%,1042972508.00,United States,1998,237438,Consumer Discretionary,Other Consumer Services
CRAN,Crane Harbor Acquisition Corp. II Class A Ordinary Shares,$9.97,0.00,0.00%,0.00,United States,2026,4864,Finance,Blank Checks
CRANR,Crane Harbor Acquisition Corp. II Rights,$0.203,0.003,1.50%,0.00,United States,2026,15019,Finance,Blank Checks
CRANU,Crane Harbor Acquisition Corp. II Units,$10.15,0.01,0.099%,0.00,United States,2025,7103,,
CRAQ,Cal Redwood Acquisition Corp. Class A Ordinary Shares,$10.20,0.00,0.00%,0.00,United States,2025,11,Finance,Blank Checks
CRBD,Corebridge Financial Inc. 6.375% Junior Subordinated Notes due 2064,$23.44,0.20,0.861%,0.00,United States,2024,91650,Finance,Life Insurance
CRBG,Corebridge Financial Inc. Common Stock,$26.75,-0.08,-0.298%,12885097584.00,United States,2022,3982593,Finance,Life Insurance
CRBP,Corbus Pharmaceuticals Holdings Inc. Common Stock,$10.59,0.45,4.438%,187829154.00,United States,,546375,Health Care,Biotechnology: Pharmaceutical Preparations
CRBU,Caribou Biosciences Inc. Common Stock,$2.20,0.05,2.326%,213292715.00,United States,2021,1805699,Health Care,Biotechnology: Biological Products (No Diagnostic Substances)
CRC,California Resources Corporation Common Stock,$62.74,-4.13,-6.176%,5567352792.00,United States,2020,1215698,Energy,Oil & Gas Production
CRCL,Circle Internet Group Inc. Class A Common Stock,$105.91,-1.55,-1.442%,26182055582.00,United States,2025,14480007,Finance,Finance: Consumer Services
CRCT,Cricut Inc. Class A Common Stock,$4.50,0.15,3.448%,953015751.00,United States,2021,415348,Technology,Industrial Machinery/Components
CRD/A,Crawford & Company,$10.89,0.35,3.321%,,United States,,33686,,
CRD/B,Crawford & Company,$10.07,-0.02,-0.198%,,United States,,1443,,
CRDF,Cardiff Oncology Inc. Common Stock,$1.80,0.11,6.509%,123056962.00,United States,,1270612,Health Care,Biotechnology: Biological Products (No Diagnostic Substances)
CRDL,Cardiol Therapeutics Inc. Class A Common Shares,$1.51,0.10,7.092%,150996448.00,Canada,,1352398,Health Care,Biotechnology: Biological Products (No Diagnostic Substances)
CRDO,Credo Technology Group Holding Ltd Ordinary Shares,$160.69,1.76,1.107%,29639260859.00,United States,2022,7223107,Technology,Semiconductors
CRE,Cre8 Enterprise Limited Class A Ordinary Shares,$2.35,0.05,2.174%,4732801.00,Hong Kong,2025,7984,Consumer Discretionary,Publishing
CREG,Smart Powerr Corp. Common Stock,$0.6717,-0.0783,-10.44%,15421646.00,China,,1016561,Real Estate,Real Estate
CRESY,Cresud S.A.C.I.F. y A. American Depositary Shares,$11.58,-0.03,-0.258%,711098005.00,Argentina,1997,352938,Finance,Real Estate
CREX,Creative Realities Inc. Common Stock,$3.84,0.09,2.40%,40578309.00,United States,,15247,Technology,EDP Services
CRF,Cornerstone Total Return Fund Inc. (The) Common Stock,$7.26,0.08,1.114%,0.00,United States,2003,834819,Finance,Finance/Investors Services
CRGO,Freightos Limited Ordinary shares,$2.09,0.17,8.854%,108018511.00,Israel,,155640,Industrials,Integrated Freight & Logistics
CRGOW,Freightos Limited Warrants,$0.1263,0.0013,1.04%,6527626.00,Israel,,9302,Industrials,Integrated Freight & Logistics
CRGY,Crescent Energy Company Class A Common Stock,$11.81,-0.82,-6.492%,3872502212.00,United States,2021,7917348,Energy,Oil & Gas Production
CRH,CRH PLC Ordinary Shares,$117.05,2.69,2.352%,78346180516.00,Ireland,,5132599,Industrials,Building Materials
CRI,Carter's Inc. Common Stock,$38.51,1.56,4.222%,1420150600.00,United States,2003,1809530,Consumer Discretionary,Apparel
CRIS,Curis Inc. Common Stock,$0.603,0.0119,2.013%,24107152.00,United States,,1141762,Health Care,Biotechnology: Biological Products (No Diagnostic Substances)
CRK,Comstock Resources Inc. Common Stock,$16.86,-0.14,-0.824%,4957206536.00,United States,,2340452,Energy,Oil & Gas Production
CRL,Charles River Laboratories International Inc. Common Stock,$183.88,6.94,3.922%,9072999605.00,United States,2000,745364,Health Care,Biotechnology: Commercial Physical & Biological Resarch
CRM,Salesforce Inc. Common Stock,$182.14,0.92,0.508%,168115220000.00,United States,2004,17123590,Technology,Computer Software: Prepackaged Software
CRMD,CorMedix Inc. Common Stock,$7.39,0.26,3.647%,584182419.00,United States,,1263991,Health Care,Biotechnology: Pharmaceutical Preparations
CRML,Critical Metals Corp. Ordinary Shares,$12.56,3.29,35.491%,1585429872.00,British Virgin Islands,,73395719,Basic Materials,Metal Mining
CRMLW,Critical Metals Corp. Warrants,$5.75,1.5499,36.902%,725813835.00,British Virgin Islands,,225354,Basic Materials,Metal Mining
CRMT,America's Car-Mart Inc Common Stock,$13.37,1.58,13.401%,111003757.00,United States,,113671,Consumer Discretionary,Retail-Auto Dealers and Gas Stations
CRNC,Cerence Inc. Common Stock,$8.70,0.20,2.353%,391657313.00,United States,,902539,Technology,Computer Software: Prepackaged Software
CRNT,Ceragon Networks Ltd. Ordinary Shares,$2.52,0.02,0.80%,229009927.00,Israel,,535605,Technology,Radio And Television Broadcasting And Communications Equipment
CRNX,Crinetics Pharmaceuticals Inc. Common Stock,$41.00,1.98,5.074%,4292918530.00,United States,2018,1102070,Health Care,Biotechnology: Pharmaceutical Preparations
CRON,Cronos Group Inc. Common Share,$2.69,0.01,0.373%,1029982888.00,Canada,,944575,Health Care, Medicinal Chemicals and Botanical Products 
CROX,Crocs Inc. Common Stock,$105.87,3.62,3.54%,5318230809.00,United States,2006,1221058,Consumer Discretionary,Shoe Manufacturing
CRS,Carpenter Technology Corporation Common Stock,$445.69,19.53,4.583%,22199692770.00,United States,,678780,Industrials,Steel/Iron Ore
CRSP,CRISPR Therapeutics AG Common Shares,$57.99,2.27,4.074%,5589395493.00,Switzerland,2016,1800431,Health Care,Biotechnology: Biological Products (No Diagnostic Substances)
CRSR,Corsair Gaming Inc. Common Stock,$6.48,0.09,1.408%,691171944.00,United States,2020,968546,Technology,Computer peripheral equipment
CRT,Cross Timbers Royalty Trust Common Stock,$10.48,-0.01,-0.095%,62880000.00,United States,1992,52679,Energy,Oil & Gas Production
CRTO,Criteo S.A. American Depositary Shares,$19.48,0.09,0.464%,971254995.00,France,2013,226217,Consumer Discretionary,Advertising
CRUS,Cirrus Logic Inc. Common Stock,$167.80,2.96,1.796%,8559039874.00,United States,1989,701638,Technology,Semiconductors
CRVL,CorVel Corp. Common Stock,$55.98,-0.42,-0.745%,2863513423.00,United States,,154605,Finance,Specialty Insurers
CRVO,CervoMed Inc. Common Stock,$3.98,-0.01,-0.251%,36849702.00,United States,,20195,Health Care,Biotechnology: Pharmaceutical Preparations
CRVS,Corvus Pharmaceuticals Inc. Common Stock,$16.74,1.70,11.303%,1406032893.00,United States,2016,2518983,Health Care,Biotechnology: Pharmaceutical Preparations
CRWD,CrowdStrike Holdings Inc. Class A Common Stock,$423.95,5.75,1.375%,107519693456.00,United States,2019,2902503,Technology,Computer Software: Prepackaged Software
CRWS,Crown Crafts Inc Common Stock,$2.79,0.03,1.087%,29846826.00,United States,,95894,Consumer Discretionary,Textiles
CRWV,CoreWeave Inc. Class A Common Stock,$116.85,-2.71,-2.267%,61426658341.00,United States,2025,24648795,Technology,Computer Software: Prepackaged Software
CSAI,Cloudastructure Inc. Class A Common Stock,$0.6161,-0.0089,-1.424%,15104171.00,United States,,180185,Technology,Computer Software: Programming Data Processing
CSAN,Cosan S.A. ADS,$4.19,-0.06,-1.412%,4154983051.00,Brazil,2021,2573714,Consumer Discretionary,Retail-Auto Dealers and Gas Stations
CSBR,Champions Oncology Inc. Common Stock,$6.035,-0.065,-1.066%,83806995.00,United States,,1425,Health Care,Biotechnology: Biological Products (No Diagnostic Substances)
CSCO,Cisco Systems Inc. Common Stock (DE),$86.25,1.75,2.071%,340678274873.00,United States,1990,20252149,Telecommunications,Computer Communications Equipment
CSGP,CoStar Group Inc. Common Stock,$39.72,-0.32,-0.799%,16674189916.00,United States,1998,3994086,Real Estate,Real Estate
CSGS,CSG Systems International Inc. Common Stock,$80.27,0.01,0.012%,2287850403.00,United States,1996,336444,Technology,EDP Services
CSHR,CoinShares PLC Ordinary Shares,$5.69,0.27,4.982%,752544202.00,Jersey,,718411,Finance,Investment Bankers/Brokers/Service
CSHRW,CoinShares PLC Warrants,$1.15,0.05,4.545%,0.00,Jersey,,5902,Finance,Investment Bankers/Brokers/Service
CSIQ,Canadian Solar Inc. Common Shares (ON),$13.20,0.22,1.695%,895180757.00,Canada,2006,3221683,Technology,Semiconductors
CSL,Carlisle Companies Incorporated Common Stock,$361.70,14.44,4.158%,14785672429.00,United States,,430268,Industrials,Specialty Chemicals
CSPI,CSP Inc. Common Stock,$9.06,-0.02,-0.22%,89812025.00,United States,1982,13573,Technology,EDP Services
CSQ,Calamos Strategic Total Return Common Stock,$19.32,0.26,1.364%,3069708857.00,United States,2004,255713,Finance,Finance Companies
CSR,D/B/A Centerspace Common Stock,$65.10,1.44,2.262%,1092762025.00,United States,,102874,Real Estate,Real Estate Investment Trusts
CSTE,Caesarstone Ltd. Ordinary Shares,$1.65,0.03,1.852%,57052174.00,Israel,2012,173777,Industrials,Building Materials
CSTL,Castle Biosciences Inc. Common Stock,$25.05,0.49,1.995%,758766654.00,United States,2019,214847,Health Care,Medical Specialities
CSTM,Constellium SE Ordinary Shares (France),$29.58,-0.08,-0.27%,4027330311.00,Netherlands,2013,3078660,Industrials,Metal Fabrications
CSV,Carriage Services Inc. Common Stock,$48.65,0.82,1.714%,771636726.00,United States,,60448,Consumer Discretionary,Other Consumer Services
CSW,CSW Industrials Inc. Common Stock,$290.34,15.79,5.751%,4781966578.00,United States,,283306,Industrials,Home Furnishings
CSWC,Capital Southwest Corporation Common Stock,$24.30,0.48,2.015%,1461937086.00,United States,,1053836,Consumer Discretionary,Textiles
CSX,CSX Corporation Common Stock,$43.32,0.60,1.404%,80607026511.00,United States,,12914133,Industrials,Railroads
CTA^A,EIDP Inc. Preferred Stock $3.50 Series,$54.75,0.00,0.00%,,United States,,194,,
CTA^B,EIDP Inc. Preferred Stock $4.50 Series,$68.325,0.225,0.33%,,United States,,1061,,
CTAA,ClearThink 1 Acquisition Corp. Class A Ordinary Shares,$9.83,-0.06,-0.607%,0.00,United States,2026,58470,Finance,Blank Checks
CTAAR,ClearThink 1 Acquisition Corp. Rights,$0.235,0.0315,15.479%,0.00,United States,2026,302359,,
CTAAU,ClearThink 1 Acquisition Corp. Units,$10.05,0.00,0.00%,0.00,United States,2026,640,Finance,Blank Checks
CTAS,Cintas Corporation Common Stock,$179.17,1.65,0.929%,71683609111.00,United States,1983,1619486,Industrials,Garments and Clothing
CTBB,Qwest Corporation 6.5% Notes due 2056,$19.52,-0.20,-1.014%,20.00,United States,2016,44511,Telecommunications,Telecommunications Equipment
CTBI,Community Trust Bancorp Inc. Common Stock,$67.04,2.19,3.377%,1216827688.00,United States,,170029,Finance,Major Banks
CTDD,Qwest Corporation 6.75% Notes due 2057,$19.74,-0.11,-0.554%,20.00,United States,2017,16146,Telecommunications,Telecommunications Equipment
CTEV,Claritev Corporation Class A Common Stock,$20.59,0.94,4.784%,349348883.00,United States,2020,100283,Real Estate,Real Estate
CTGO,Contango Silver & Gold Inc. Common Stock,$24.71,0.59,2.446%,415654842.00,United States,2021,440812,Basic Materials,Precious Metals
CTKB,Cytek Biosciences Inc. Common Stock,$4.61,0.00,0.00%,592616127.00,United States,2021,578333,Industrials,Biotechnology: Laboratory Analytical Instruments
CTLP,Cantaloupe Inc. Common Stock,$10.83,0.00,0.00%,798389701.00,United States,,2605377,Miscellaneous,Office Equipment/Supplies/Services
CTM,Castellum Inc. Common Stock,$0.7295,0.0284,4.051%,69020001.00,,2022,903330,Consumer Discretionary,Professional Services
CTMX,CytomX Therapeutics Inc. Common Stock,$4.82,-0.07,-1.431%,820300096.00,United States,2015,4936867,Health Care,Biotechnology: Pharmaceutical Preparations
CTNM,Contineum Therapeutics Inc. Class A Common Stock,$13.53,0.23,1.729%,505156567.00,United States,2024,424168,Health Care,Biotechnology: Pharmaceutical Preparations
CTNT,Cheetah Net Supply Chain Service Inc Class A Common Stock,$0.0953,-0.0655,-40.734%,3705073.00,United States,2023,451543323,Consumer Discretionary,Motor Vehicles
CTO,CTO Realty Growth Inc. Common Stock,$20.08,0.31,1.568%,653796527.00,United States,1992,208176,Real Estate,Real Estate Investment Trusts
CTO^A,CTO Realty Growth Inc. 6.375% Series A Cumulative Redeemable Preferred Stock,$20.65,0.00,0.00%,,United States,,1216,,
CTOR,Citius Oncology Inc. Common Stock,$0.8779,0.0727,9.029%,77496802.00,United States,2022,184628,Health Care,Biotechnology: Pharmaceutical Preparations
CTOS,Custom Truck One Source Inc. Common Stock,$7.61,0.35,4.821%,1724623282.00,Cayman Islands,2017,655655,Consumer Discretionary,Diversified Commercial Services
CTRA,Coterra Energy Inc. Common Stock,$30.89,-1.08,-3.378%,23453934166.00,United States,,11229863,Energy,Oil & Gas Production
CTRE,CareTrust REIT Inc. Common Stock,$39.50,0.00,0.00%,8817870783.00,United States,2022,1722923,Real Estate,Real Estate Investment Trusts
CTRI,Centuri Holdings Inc. Common Stock,$33.74,1.13,3.465%,3402493936.00,United States,2024,977732,Utilities,Oil & Gas Production
CTRM,Castor Maritime Inc. Common Shares,$1.80,-0.02,-1.099%,17392237.00,Cyprus,,46082,Consumer Discretionary,Marine Transportation
CTRN,Citi Trends Inc. Common Stock,$51.69,1.72,3.442%,650654491.00,United States,2005,105969,Consumer Discretionary,Clothing/Shoe/Accessory Stores
CTS,CTS Corporation Common Stock,$55.13,0.54,0.989%,1579473783.00,United States,,221622,Technology,Electrical Products
CTSH,Cognizant Technology Solutions Corporation Class A Common Stock,$61.30,0.77,1.272%,29316536196.00,United States,1998,5038201,Technology,EDP Services
CTSO,Cytosorbents Corporation Common Stock,$0.66,0.05,8.197%,41382000.00,United States,,127742,Health Care,Medical/Dental Instruments
CTVA,Corteva Inc. Common Stock ,$80.34,-0.82,-1.01%,53936781371.00,United States,2019,4368392,Consumer Staples,Farming/Seeds/Milling
CTW,CTW Cayman Class A Ordinary Shares,$2.30,0.03,1.322%,143520000.00,Japan,2025,92806,Technology,EDP Services
CTXR,Citius Pharmaceuticals Inc. Common Stock,$0.8583,0.0033,0.386%,19205687.00,United States,,437015,Health Care,Biotechnology: Pharmaceutical Preparations
CUB,Lionheart Holdings Class A Ordinary Shares,$10.795,0.025,0.232%,342941778.00,United States,2024,205,Industrials,Industrial Machinery/Components
CUBB,Customers Bancorp Inc 5.375% Subordinated Notes Due 2034,$22.8299,0.2499,1.107%,721961114.00,United States,2019,3110,Finance,Major Banks
CUBE,CubeSmart Common Shares,$39.80,0.70,1.79%,9072919719.00,United States,,2393665,Real Estate,Real Estate Investment Trusts
CUBI,Customers Bancorp Inc Common Stock,$77.42,1.81,2.394%,2607578684.00,United States,,428157,Finance,Major Banks
CUBWU,Lionheart Holdings Unit,$10.77,0.00,0.00%,0.00,United States,2024,10,Finance,Blank Checks
CUBWW,Lionheart Holdings Warrant,$0.0952,0.0046,5.077%,0.00,United States,2024,113,,
CUE,Cue Biopharma Inc. Common Stock,$0.6062,-0.009,-1.463%,59201972.00,United States,2018,2879746,Health Care,Biotechnology: Pharmaceutical Preparations
CUK,Carnival Plc ADS ADS,$29.15,1.88,6.894%,41626661998.00,United States,,3575137,Consumer Discretionary,Marine Transportation
CULP,Culp Inc. Common Stock,$3.07,0.05,1.656%,38874747.00,United States,,99240,Consumer Discretionary,Textiles
CUPR,Cuprina Holdings (Cayman) Limited Class A Ordinary Shares,$0.335,-0.013,-3.736%,7035000.00,Singapore,2025,463015,Health Care,Biotechnology: Pharmaceutical Preparations
CURB,Curbline Properties Corp. Common Stock,$28.23,0.61,2.209%,2979348298.00,United States,2024,1116731,Finance,Real Estate
CURI,CuriosityStream Inc. Class A Common Stock,$3.49,0.07,2.047%,206913724.00,United States,2020,380956,Consumer Discretionary,Movies/Entertainment
CURR,Currenc Group Inc. Ordinary Shares,$3.16,-0.07,-2.167%,242092163.00,Singapore,,82249,Real Estate,Real Estate
CURV,Torrid Holdings Inc. Common Stock,$2.20,0.04,1.852%,218496489.00,United States,2021,399508,Consumer Discretionary,Clothing/Shoe/Accessory Stores
CURX,Curanex Pharmaceuticals Inc Common Stock,$0.451,0.0042,0.94%,12792530.00,United States,2025,55541,Health Care,Biotechnology: Pharmaceutical Preparations
CUZ,Cousins Properties Incorporated Common Stock,$24.09,0.56,2.38%,4002549838.00,United States,,1481578,Real Estate,Real Estate Investment Trusts
CV,CapsoVision Inc. Common Stock,$6.01,0.61,11.296%,299527648.00,United States,2025,138191,Health Care,Biotechnology: Electromedical & Electrotherapeutic Apparatus
CVBF,CVB Financial Corporation Common Stock,$20.68,0.60,2.988%,2808031318.00,United States,,12699861,Finance,Major Banks
CVCO,Cavco Industries Inc. Common Stock When Issued,$539.06,36.01,7.158%,4183732527.00,United States,,141835,Consumer Discretionary,Homebuilding
CVE,Cenovus Energy Inc Common Stock,$24.51,-1.43,-5.513%,46069821227.00,Canada,,11242038,Energy,Oil & Gas Production
CVEO,Civeo Corporation (Canada) Common Shares,$30.18,0.18,0.60%,330268703.00,,2014,155267,Consumer Discretionary,Hotels/Resorts
CVGI,Commercial Vehicle Group Inc. Common Stock,$4.03,0.02,0.499%,147635830.00,United States,2004,378906,Consumer Discretionary,Auto Parts:O.E.M.
CVGW,Calavo Growers Inc. Common Stock,$27.17,0.50,1.875%,485638726.00,United States,,355531,Consumer Discretionary,Specialty Foods
CVI,CVR Energy Inc. Common Stock,$29.44,-3.42,-10.408%,2959620835.00,United States,2007,1722426,Energy,Integrated oil Companies
CVKD,Cadrenal Therapeutics Inc. Common Stock,$5.22,0.37,7.629%,13085585.00,United States,2023,190575,Health Care,Biotechnology: Pharmaceutical Preparations
CVLG,Covenant Logistics Group Inc. Class A Common Stock,$30.49,1.29,4.418%,765060477.00,United States,,241698,Industrials,Trucking Freight/Courier Services
CVLT,Commvault Systems Inc. Common Stock,$94.23,-0.63,-0.664%,4143706487.00,United States,2006,1038559,Technology,Computer Software: Prepackaged Software
CVM,Cel-Sci Corporation Common Stock,$4.95,0.31,6.681%,41866937.00,United States,1997,49371,Health Care,Biotechnology: Biological Products (No Diagnostic Substances)
CVNA,Carvana Co. Class A Common Stock,$387.53,25.29,6.982%,84909078597.00,United States,2017,4735945,Consumer Discretionary,Retail-Auto Dealers and Gas Stations
CVR,Chicago Rivet & Machine Co. Common Stock,$10.85,0.08,0.743%,10482532.00,United States,1930,1387,Industrials,Industrial Machinery/Components
CVRX,CVRx Inc. Common Stock,$7.36,0.00,0.00%,193653428.00,United States,2021,442780,Health Care,Medical/Dental Instruments
CVS,CVS Health Corporation Common Stock,$77.30,0.51,0.664%,99068020352.00,United States,,8683219,Consumer Staples,Retail-Drug Stores and Proprietary Stores
CVSA,Covista Inc. Common Shares,$117.91,1.91,1.647%,4068899947.00,United States,,284575,Real Estate,Other Consumer Services
CVU,CPI Aerostructures Inc. Common Stock,$3.50,0.13,3.858%,46233842.00,United States,2022,35292,Industrials,Military/Government/Technical
CVV,CVD Equipment Corporation Common Stock,$4.37,-0.17,-3.744%,30316167.00,United States,,216116,Technology,Industrial Machinery/Components
CVX,Chevron Corporation Common Stock,$183.99,-4.16,-2.211%,366560620184.00,United States,,15699769,Energy,Integrated oil Companies
CW,Curtiss-Wright Corporation Common Stock,$735.65,15.66,2.175%,27150760346.00,United States,,223907,Technology,Industrial Machinery/Components
CWAN,Clearwater Analytics Holdings Inc. Class A Common Stock,$24.11,0.00,0.00%,7123690395.00,United States,2021,2196818,Technology,Computer Software: Prepackaged Software
CWBC,Community West Bancshares Common Stock,$24.32,0.38,1.587%,659227040.00,United States,,404354,Finance,Major Banks
CWCO,Consolidated Water Co. Ltd. Ordinary Shares,$32.54,-0.21,-0.641%,520646183.00,Cayman Islands,,589912,Utilities,Water Supply
CWD,CaliberCos Inc. Class A Common Stock,$1.24,0.04,3.333%,8745797.00,United States,2023,213530,Finance,Real Estate
CWEN,Clearway Energy Inc. Class C Common Stock,$39.14,-0.88,-2.199%,8032268451.00,United States,2015,1587247,Utilities,Electric Utilities: Central
CWH,Camping World Holdings Inc. Class A Common Stock,$7.69,0.42,5.777%,791968092.00,United States,2016,4127038,Consumer Discretionary,Retail-Auto Dealers and Gas Stations
CWK,Cushman & Wakefield Ltd. Common Shares,$14.63,0.60,4.277%,3427623974.00,United States,2018,1400503,Finance,Real Estate
CWST,Casella Waste Systems Inc. Class A Common Stock,$81.22,-0.87,-1.06%,5158669376.00,United States,1997,911247,Utilities,Environmental Services
CWT,California Water Service Group Common Stock,$44.96,0.15,0.335%,2690597660.00,United States,,1502812,Utilities,Water Supply
CX,Cemex S.A.B. de C.V. Sponsored ADR,$11.97,0.31,2.659%,17365392800.00,Mexico,,4784486,Industrials,Building Materials
CXAI,CXApp Inc. Class A Common Stock,$0.1973,0.0174,9.672%,11268942.00,United States,2021,5851623,Technology,EDP Services
CXAIW,CXApp Inc. Warrant,$0.034,0.0001,0.295%,1941936.00,United States,2021,378100,Technology,EDP Services
CXDO,Crexendo Inc. Common Stock,$6.61,0.14,2.164%,205918706.00,United States,,124140,Telecommunications,Telecommunications Equipment
CXE,MFS High Income Municipal Trust Common Stock,$3.74,0.01,0.268%,117906391.00,United States,1989,29492,Finance,Investment Managers
CXH,MFS Investment Grade Municipal Trust Common Stock,$8.355,0.01,0.12%,76116097.00,United States,1989,50130,Finance,Investment Managers
CXM,Sprinklr Inc. Class A Common Stock,$5.45,-0.17,-3.025%,1356310680.00,United States,2021,4427113,Technology,Computer Software: Prepackaged Software
CXT,Crane NXT Co. Common Stock,$46.40,2.33,5.287%,2669730163.00,United States,,722199,Industrials,Metal Fabrications
CXW,CoreCivic Inc. Common Stock,$20.45,0.23,1.137%,2022234692.00,United States,,982132,Real Estate,Real Estate Investment Trusts
CYAB,Cyabra Inc. Common Stock,$1.31,-0.08,-5.755%,18096504.00,Israel,,191904,Technology,Computer Software: Prepackaged Software
CYCN,Cyclerion Therapeutics Inc. Common Stock,$3.02,0.04,1.342%,13077548.00,United States,,272626,Health Care,Biotechnology: Pharmaceutical Preparations
CYCU,Cycurion Inc. Common Stock,$1.12,-0.01,-0.885%,6171187.00,United States,2025,772869,Technology,EDP Services
CYCUW,Cycurion Inc. Warrant,$0.021,-0.0045,-17.647%,115710.00,United States,2025,6283,Technology,EDP Services
CYD,China Yuchai International Limited Common Stock,$43.26,0.94,2.221%,1623042610.00,Singapore,1994,77988,Industrials,Industrial Machinery/Components
CYH,Community Health Systems Inc. Common Stock,$3.16,0.03,0.958%,445341056.00,United States,2000,838308,Health Care,Hospital/Nursing Management
CYN,Cyngn Inc. Common Stock,$1.60,-0.05,-3.03%,21773250.00,United States,2021,473929,Technology,EDP Services
CYPH,Cypherpunk Technologies Inc. Common Stock,$0.8738,-0.0242,-2.695%,78624191.00,United States,,1719203,Health Care,Biotechnology: Pharmaceutical Preparations
CYRX,CryoPort Inc. Common Stock,$10.35,0.18,1.77%,516010997.00,United States,,392727,Health Care,Biotechnology: Pharmaceutical Preparations
CYTK,Cytokinetics Incorporated Common Stock,$66.71,1.29,1.972%,8216190855.00,United States,2004,1499255,Health Care,Biotechnology: Pharmaceutical Preparations
CZFS,Citizens Financial Services Inc. Common Stock,$68.35,3.55,5.478%,328573419.00,United States,,6361,Finance,Major Banks
CZNC,Citizens & Northern Corp Common Stock,$23.73,0.56,2.417%,425010066.00,United States,,51604,Finance,Major Banks
CZR,Caesars Entertainment Inc. Common Stock,$27.22,-0.46,-1.662%,5539842192.00,United States,,3342706,Consumer Discretionary,Hotels/Resorts
CZWI,Citizens Community Bancorp Inc. Common Stock,$20.55,0.21,1.032%,197867977.00,United States,2006,24946,Finance,Savings Institutions
D,Dominion Energy Inc. Common Stock,$62.42,-0.06,-0.096%,54864977635.00,United States,,5763143,Utilities,Electric Utilities: Central
DAAQ,Digital Asset Acquisition Corp. Class A Ordinary shares,$10.28,0.0099,0.096%,0.00,United States,2025,313787,Finance,Blank Checks
DAAQU,Digital Asset Acquisition Corp. Units,$10.45,0.00,0.00%,0.00,United States,2025,49,Finance,Blank Checks
DAAQW,Digital Asset Acquisition Corp. Warrant,$0.3799,0.00,0.00%,0.00,United States,2025,32,Finance,Blank Checks
DAC,Danaos Corporation Common Stock,$117.80,-0.98,-0.825%,2144369355.00,Greece,2006,92533,Consumer Discretionary,Marine Transportation
DAIC,CID HoldCo Inc. Common Stock,$0.2433,-0.011,-4.326%,7127065.00,United States,,809270,Technology,EDP Services
DAICW,CID HoldCo Inc. Warrants,$0.016,-0.0039,-19.598%,468693.00,United States,,21080,Technology,EDP Services
DAIO,Data I/O Corporation Common Stock,$2.57,-0.04,-1.533%,24137240.00,United States,1981,63716,Industrials,Electrical Products
DAKT,Daktronics Inc. Common Stock,$19.67,0.60,3.146%,950023824.00,United States,1994,331071,Consumer Discretionary,Miscellaneous manufacturing industries
DAL,Delta Air Lines Inc. Common Stock,$71.72,1.83,2.618%,47119617713.00,United States,,12757323,Consumer Discretionary,Air Freight/Delivery Services
DAN,Dana Incorporated Common Stock ,$37.06,1.74,4.926%,4060164112.00,United States,,1054741,Consumer Discretionary,Auto Parts:O.E.M.
DAO,Youdao Inc. American Depositary Shares each representing one Class A Ordinary Share,$10.71,0.05,0.469%,1291996898.00,China,2019,82203,Real Estate,Other Consumer Services
DAR,Darling Ingredients Inc. Common Stock,$57.95,-2.41,-3.993%,9198358299.00,United States,1997,4730275,Consumer Staples,Packaged Foods
DARE,Dare Bioscience Inc. Common Stock,$2.95,0.23,8.456%,42950531.00,United States,2014,9886484,Health Care,Biotechnology: Pharmaceutical Preparations
DASH,DoorDash Inc. Class A Common Stock,$183.89,4.56,2.543%,79886661869.00,United States,,4424146,Technology,EDP Services
DAVA,Endava plc American Depositary Shares (each representing one Class A Ordinary Share),$4.84,0.08,1.681%,262945599.00,United Kingdom,2018,319780,Technology,EDP Services
DAVE,Dave Inc. Class A Common Stock,$250.71,17.76,7.624%,3399526815.00,United States,,1074495,Finance,Finance: Consumer Services
DAVEW,Dave Inc. Warrants,$0.75,0.2124,39.509%,10169699.00,United States,,73872,Finance,Finance: Consumer Services
DAWN,Day One Biopharmaceuticals Inc. Common Stock,$21.47,0.02,0.093%,2217801426.00,United States,2021,2241243,Health Care,Biotechnology: Pharmaceutical Preparations
DB,Deutsche Bank AG Common Stock,$33.69,0.88,2.682%,64107800264.00,Germany,,6152767,Finance,Major Banks
DBCA,D. Boral Acquisition I Corp. Class A Ordinary Shares,$9.875,0.005,0.051%,0.00,United States,2026,774,Finance,Blank Checks
DBCAU,D. Boral Acquisition I Corp. Unit,$9.98,0.02,0.201%,0.00,United States,2026,716,Finance,Blank Checks
DBCAW,D. Boral Acquisition I Corp. Warrants,$0.30,0.00,0.00%,0.00,United States,2026,18080,Finance,Blank Checks
DBD,Diebold Nixdorf Incorporated Common stock,$88.77,2.47,2.862%,3090008157.00,United States,2023,313683,Miscellaneous,Office Equipment/Supplies/Services
DBGI,Digital Brands Group Inc. Common Stock,$1.78,-0.08,-4.301%,29066280.00,United States,2025,398785,Consumer Discretionary,Clothing/Shoe/Accessory Stores
DBI,Designer Brands Inc. Class A Common Stock,$7.69,0.51,7.103%,389930832.00,United States,,851462,Consumer Discretionary,Clothing/Shoe/Accessory Stores
DBL,DoubleLine Opportunistic Credit Fund Common Shares of Beneficial Interest,$14.41,0.01,0.069%,0.00,United States,2012,260851,,
DBRG,DigitalBridge Group Inc.,$15.59,0.01,0.064%,2853200638.00,United States,2014,4557102,Real Estate,Real Estate Investment Trusts
DBRG^H,DigitalBridge Group Inc. 7.125% Series H ,$16.00,-0.3001,-1.841%,,United States,,19222,,
DBRG^I,DigitalBridge Group Inc. 7.15% Series I ,$15.72,-0.28,-1.75%,,United States,,69099,,
DBRG^J,DigitalBridge Group Inc. 7.125% Series J ,$16.00,-0.152,-0.941%,,United States,,40056,,
DBVT,DBV Technologies S.A. American Depositary Shares,$21.34,0.73,3.542%,1263509155.00,France,2014,236647,Health Care,Biotechnology: Biological Products (No Diagnostic Substances)
DBX,Dropbox Inc. Class A Common Stock,$24.27,0.17,0.705%,5791757536.00,United States,2018,3243525,Technology,Computer Software: Prepackaged Software
DC,Dakota Gold Corp. Common Stock,$6.17,0.34,5.832%,823800982.00,United States,2022,1604919,Basic Materials,Metal Mining
DCBG,Dime Community Bancshares Inc. 9.000% Fixed-to-Floating Rate Subordinated Notes due 2034,$26.20,0.00,0.00%,1025694289.00,United States,,6951,Finance,Major Banks
DCBO,Docebo Inc. Common Shares,$16.72,0.47,2.892%,480941922.00,Canada,,60831,Technology,Computer Software: Prepackaged Software
DCGO,DocGo Inc. Common Stock,$0.6487,0.064,10.946%,64077557.00,United States,2020,2248152,Health Care,Medical/Nursing Services
DCH,Dauch Corporation Common Stock,$6.12,0.32,5.517%,1448890912.00,United States,,5659145,Consumer Discretionary,Auto Parts:O.E.M.
DCI,Donaldson Company Inc. Common Stock,$89.20,1.83,2.095%,10330630476.00,United States,,655970,Industrials,Pollution Control Equipment
DCO,Ducommun Incorporated Common Stock,$138.00,1.39,1.017%,2068198686.00,United States,,294579,Industrials,Military/Government/Technical
DCOM,Dime Community Bancshares Inc. Common Stock,$37.08,1.18,3.287%,1627323842.00,United States,,363950,Finance,Major Banks
DCOM^,Dime Community Bancshares Inc. Fixed-Rate Non-Cumulative Perpetual Preferred Stock Series A,$18.79,-0.01,-0.053%,,United States,,1742,,
DCOY,Decoy Therapeutics Inc. Common Stock,$5.81,-0.06,-1.022%,3090734.00,United States,2015,35305,Health Care,Biotechnology: Pharmaceutical Preparations
DCTH,Delcath Systems Inc. Common Stock,$10.86,0.03,0.277%,374176511.00,United States,,320822,Health Care,Medical/Dental Instruments
DCX,Digital Currency X Technology Inc. Class A Ordinary Shares,$1.90,0.01,0.529%,44881889.00,Cayman Islands,,3756,Industrials,Auto Manufacturing
DD,DuPont de Nemours Inc. Common Stock,$47.35,0.60,1.283%,19406599779.00,United States,2017,3502541,Industrials,Major Chemicals
DDC,DDC Enterprise Limited Class A Ordinary Shares,$2.02,-0.01,-0.493%,49309271.00,,2023,110014,Consumer Staples,Packaged Foods
DDD,3D Systems Corporation Common Stock,$2.24,0.10,4.673%,327172113.00,United States,,4408230,Technology,Computer Software: Prepackaged Software
DDI,DoubleDown Interactive Co. Ltd. American Depository Shares,$8.72,-0.10,-1.134%,432105997.00,South Korea,2021,56213,Technology,EDP Services
DDL,Dingdong (Cayman) Limited American Depositary Shares (each two representing three Ordinary Shares),$2.71,0.04,1.498%,640177026.00,Cayman Islands,2021,386738,Consumer Discretionary,Catalog/Specialty Distribution
DDOG,Datadog Inc. Class A Common Stock,$126.61,3.14,2.543%,44801116765.00,United States,2019,4049518,Technology,Computer Software: Prepackaged Software
DDS,Dillard's Inc. Common Stock,$605.77,13.04,2.20%,9460353100.00,United States,,75121,Consumer Discretionary,Department/Specialty Retail Stores
DDT,Dillard's Capital Trust I,$25.9501,-0.0299,-0.115%,405264554.00,United States,,9173,Consumer Discretionary,Department/Specialty Retail Stores
DE,Deere & Company Common Stock,$590.46,6.27,1.073%,159487545730.00,United States,,1238673,Industrials,Industrial Machinery/Components
DEA,Easterly Government Properties Inc. Common Stock,$23.51,0.44,1.907%,1089693296.00,United States,2015,282485,Real Estate,Real Estate Investment Trusts
DEC,Diversified Energy Company Common Stock,$15.21,-0.56,-3.551%,1167463186.00,United States,2025,1435140,,
DECK,Deckers Outdoor Corporation Common Stock,$112.50,4.17,3.849%,15969371738.00,United States,1993,1841435,Consumer Discretionary,Shoe Manufacturing
DEFT,Defi Technologies Inc. Common Stock,$0.805,0.0502,6.651%,312160677.00,Canada,,6961980,Finance,Finance: Consumer Services
DEI,Douglas Emmett Inc. Common Stock,$10.45,0.25,2.451%,1749980147.00,United States,2006,2308394,Real Estate,Real Estate Investment Trusts
DELL,Dell Technologies Inc. Class C Common Stock ,$196.55,3.46,1.792%,126921858044.00,United States,2018,6272570,Technology,Computer Manufacturing
DEO,Diageo plc Common Stock,$81.88,1.84,2.299%,45574665513.00,United Kingdom,,2033852,Consumer Staples,Beverages (Production/Distribution)
DERM,Journey Medical Corporation Common Stock,$5.39,0.22,4.255%,147312451.00,United States,2021,403870,Health Care,Biotechnology: Pharmaceutical Preparations
DEVS,DevvStream Corp. Common Stock,$0.5744,-0.1168,-16.898%,2206639.00,Canada,2024,832309,Finance,Finance/Investors Services
DFDV,DeFi Development Corp. Common Stock,$4.78,0.01,0.21%,140997543.00,United States,2023,1727705,Finance,Finance: Consumer Services
DFDVW,DeFi Development Corp. Warrant,$0.5915,0.0415,7.545%,17447709.00,United States,,23105,,
DFH,Dream Finders Homes Inc. Class A Common Stock,$14.82,1.24,9.131%,1360615293.00,United States,2022,741006,Consumer Discretionary,Homebuilding
DFIN,Donnelley Financial Solutions Inc. Common Stock ,$52.46,1.71,3.369%,1496689308.00,United States,2016,152978,Consumer Discretionary,Other Consumer Services
DFLI,Dragonfly Energy Holdings Corp. Common Stock (NV),$1.99,-0.03,-1.485%,24176078.00,United States,2021,434666,Miscellaneous,Industrial Machinery/Components
DFLIW,Dragonfly Energy Holdings Corp. Warrant,$0.0396,-0.0004,-1.00%,481092.00,United States,2021,12334,Miscellaneous,Industrial Machinery/Components
DFNS,T3 Defense Inc. Common Stock,$0.7602,0.0841,12.439%,28753454.00,United States,2020,9674651,Consumer Discretionary,Professional Services
DFNSW,T3 Defense Inc. Warrants,$0.0749,0.0101,15.586%,2832983.00,United States,2020,298911,Consumer Discretionary,Professional Services
DFP,Flaherty & Crumrine Dynamic Preferred and Income Fund Inc. Common Stock,$21.08,0.18,0.861%,0.00,,2013,46588,Finance,Investment Managers
DFSC,DEFSEC Technologies Inc. Common Stock,$1.936,-0.064,-3.20%,3859660.00,Canada,,15800,Technology,Computer Software: Prepackaged Software
DFSCW,DEFSEC Technologies Inc. Warrant,$0.0241,0.0001,0.417%,48046.00,Canada,,1000,Technology,Computer Software: Prepackaged Software
DFTX,Definium Therapeutics Inc. Common Shares,$22.68,0.22,0.98%,2234190448.00,United States,,2118950,Health Care, Medicinal Chemicals and Botanical Products 
DG,Dollar General Corporation Common Stock,$126.68,3.21,2.60%,27898270218.00,United States,2009,3070341,Consumer Discretionary,Department/Specialty Retail Stores
DGICA,Donegal Group Inc. Class A Common Stock,$17.85,0.57,3.299%,660502907.00,United States,,107986,Finance,Property-Casualty Insurers
DGICB,Donegal Group Inc. Class B Common Stock,$18.85,0.20,1.072%,697505871.00,United States,1986,6618,Finance,Property-Casualty Insurers
DGII,Digi International Inc. Common Stock,$54.98,1.33,2.479%,2067861577.00,United States,1989,325256,Telecommunications,Computer Communications Equipment
DGNX,Diginex Limited Ordinary Shares,$0.5131,-0.0425,-7.649%,103620598.00,Hong Kong,2025,4235237,Technology,EDP Services
DGX,Quest Diagnostics Incorporated Common Stock,$195.02,3.56,1.859%,21585706792.00,United States,,1000274,Health Care,Medical Specialities
DGXX,Digi Power X Inc. Subordinate Voting Shares,$3.10,0.34,12.319%,216403092.00,Canada,,2592154,Finance,Finance: Consumer Services
DH,Definitive Healthcare Corp. Class A Common Stock,$1.03,-0.02,-1.905%,107606542.00,United States,2021,237896,Technology,Computer Software: Prepackaged Software
DHC,Diversified Healthcare Trust Common Shares of Beneficial Interest,$7.39,0.23,3.212%,1789274375.00,United States,,1382532,Real Estate,Real Estate Investment Trusts
DHCNI,Diversified Healthcare Trust 5.625% Senior Notes due 2042,$18.24,0.2399,1.333%,4403397872.00,United States,,7145,Real Estate,Real Estate Investment Trusts
DHCNL,Diversified Healthcare Trust 6.25% Senior Notes Due 2046,$19.08,0.04,0.21%,4606185932.00,United States,,12431,Real Estate,Real Estate Investment Trusts
DHF,BNY Mellon High Yield Strategies Fund Common Stock,$2.46,0.00,0.00%,0.00,United States,1998,85456,Finance,Finance Companies
DHI,D.R. Horton Inc. Common Stock,$149.81,6.46,4.506%,43400465605.00,United States,,3389163,Consumer Discretionary,Homebuilding
DHIL,Diamond Hill Investment Group Inc. Class A Common Stock,$173.14,0.45,0.261%,468286737.00,United States,,15489,Finance,Investment Managers
DHR,Danaher Corporation Common Stock,$194.75,0.97,0.501%,137824461850.00,United States,,4243369,Industrials,Industrial Machinery/Components
DHT,DHT Holdings Inc.,$18.32,0.60,3.386%,2950282790.00,Jersey,2005,5691204,Consumer Discretionary,Marine Transportation
DHX,DHI Group Inc. Common Stock,$3.05,0.07,2.349%,133890471.00,United States,2007,186196,Real Estate,Real Estate
DHY,Credit Suisse High Yield Credit Fund Common Stock,$1.85,-0.03,-1.596%,0.00,United States,1998,1278916,Finance,Finance/Investors Services
DIBS,1stdibs.com Inc. Common Stock,$5.98,0.03,0.504%,217564539.00,United States,2021,127277,Consumer Discretionary,Catalog/Specialty Distribution
DIN,Dine Brands Global Inc. Common Stock,$29.65,1.68,6.006%,384866429.00,United States,,504697,Consumer Discretionary,Restaurants
DINO,HF Sinclair Corporation Common Stock,$57.15,-2.96,-4.924%,10302627839.00,United States,1960,2953529,Energy,Natural Gas Distribution
DIOD,Diodes Incorporated Common Stock,$94.84,0.89,0.947%,4363262435.00,United States,,578888,Technology,Semiconductors
DIS,Walt Disney Company (The) Common Stock,$106.29,2.39,2.30%,188294844963.00,United States,,10483811,Consumer Discretionary,Services-Misc. Amusement & Recreation
DIT,AMCON Distributing Company Common Stock,$95.59,4.62,5.079%,93301862.00,United States,1999,651,Consumer Discretionary,Food Distributors
DJCO,Daily Journal Corp. (S.C.) Common Stock,$541.72,2.07,0.384%,746339562.00,United States,,68949,Consumer Discretionary,Newspapers/Magazines
DJT,Trump Media & Technology Group Corp. Common Stock,$10.26,0.41,4.162%,2839263292.00,United States,2024,4196250,Technology,Computer Software: Programming Data Processing
DJTWW,Trump Media & Technology Group Corp. Warrants,$4.63,-0.08,-1.699%,1281265988.00,United States,2021,49677,Technology,Computer Software: Programming Data Processing
DK,Delek US Holdings Inc. Common Stock,$37.23,-5.22,-12.297%,2226667514.00,United States,2017,1879298,Energy,Integrated oil Companies
DKI,DarkIris Inc. Class A Ordinary Shares,$0.407,-0.0069,-1.667%,8190875.00,Hong Kong,2025,335169,Technology,Computer Software: Prepackaged Software
DKL,Delek Logistics Partners L.P. Common Units representing Limited Partner Interests,$49.58,0.79,1.619%,2653141966.00,United States,2012,35243,Energy,Natural Gas Distribution
DKNG,DraftKings Inc. Class A Common Stock,$22.82,-0.92,-3.875%,11312850787.00,United States,2019,16226795,Consumer Discretionary,Services-Misc. Amusement & Recreation
DKS,Dick's Sporting Goods Inc Common Stock,$224.36,6.50,2.984%,19978108155.00,United States,2002,1321602,Consumer Discretionary,Other Specialty Stores
DLB,Dolby Laboratories Common Stock,$64.64,0.60,0.937%,6175693512.00,United States,2005,711743,Miscellaneous,Multi-Sector Companies
DLHC,DLH Holdings Corp.,$6.36,0.30,4.95%,92175703.00,United States,,6188,Consumer Discretionary,Professional Services
DLNG,Dynagas LNG Partners LP Common Units,$3.94,-0.05,-1.253%,143345123.00,Greece,,130300,Consumer Discretionary,Marine Transportation
DLNG^A,Dynagas LNG Partners LP 9.00% Series A Cumulative Redeemable Preferred Units,$26.10,-0.20,-0.76%,,Greece,,6896,,
DLO,DLocal Limited Class A Common Shares,$13.68,0.17,1.258%,4034669158.00,Uruguay,2021,1816802,Real Estate,Real Estate
DLPN,Dolphin Entertainment Inc. Common Stock,$1.53,0.01,0.658%,19002058.00,United States,,127053,Consumer Discretionary,Other Consumer Services
DLR,Digital Realty Trust Inc. Common Stock,$203.62,4.57,2.296%,69966976707.00,United States,2004,2063080,Real Estate,Real Estate Investment Trusts
DLR^J,Digital Realty Trust Inc. 5.250% Series J Cumulative Redeemable Preferred Stock,$20.55,0.19,0.933%,,United States,,7305,,
DLR^K,Digital Realty Trust Inc. 5.850% Series K Cumulative Redeemable Preferred Stock par value $0.01 per share,$22.86,0.17,0.749%,,United States,,21912,,
DLR^L,Digital Realty Trust Inc. 5.200% Series L Cumulative Redeemable Preferred Stock,$20.00,0.10,0.503%,,United States,,13523,,
DLTH,Duluth Holdings Inc. Class B Common Stock,$3.31,0.13,4.088%,121686139.00,United States,2015,88062,Consumer Discretionary,Clothing/Shoe/Accessory Stores
DLTR,Dollar Tree Inc. Common Stock,$105.93,6.00,6.004%,20899800127.00,United States,1995,6296186,Consumer Discretionary,Department/Specialty Retail Stores
DLX,Deluxe Corporation Common Stock,$30.62,1.42,4.863%,1386858463.00,United States,,605912,Consumer Discretionary,Publishing
DLXY,Delixy Holdings Limited Class A Ordinary Shares,$0.6169,-0.0511,-7.65%,10086315.00,Singapore,2025,388925,Energy,Oil Refining/Marketing
DLY,DoubleLine Yield Opportunities Fund Common Shares of Beneficial Interest,$14.26,0.07,0.493%,683706809.00,United States,2020,159329,Finance,Investment Managers
DMA,Destra Multi-Alternative Fund Common Stock,$8.14,0.14,1.75%,0.00,,2022,25415,Finance,Trusts Except Educational Religious and Charitable
DMAA,Drugs Made In America Acquisition Corp. Ordinary Shares,$10.53,-0.01,-0.095%,0.00,United States,2025,271907,,
DMAAR,Drugs Made In America Acquisition Corp. Rights,$0.0896,0.0021,2.40%,0.00,United States,2025,16150,Finance,Blank Checks
DMAC,DiaMedica Therapeutics Inc. Common Stock,$6.85,0.23,3.474%,368568552.00,United States,2018,212302,Health Care,Biotechnology: Pharmaceutical Preparations
DMB,BNY Mellon Municipal Bond Infrastructure Fund Inc. Common Stock,$10.98,0.02,0.182%,0.00,,2013,25197,Finance,Trusts Except Educational Religious and Charitable
DMII,Drugs Made In America Acquisition II Corp. Ordinary Shares,$10.005,0.00,0.00%,0.00,United States,2025,406916,Finance,Blank Checks
DMIIR,Drugs Made In America Acquisition II Corp. Right,$0.09,0.00,0.00%,0.00,United States,2025,12314,Finance,Blank Checks
DMIIU,Drugs Made In America Acquisition II Corp. Unit,$10.07,0.01,0.099%,0.00,United States,2025,1614,,
DMLP,Dorchester Minerals L.P. Common Units Representing Limited Partnership Interests,$27.67,-0.56,-1.984%,1335228302.00,United States,,109322,Energy,Oil & Gas Production
DMO,Western Asset Mortgage Opportunity Fund Inc. Common Stock,$11.19,0.08,0.72%,0.00,United States,2010,28410,Finance,Trusts Except Educational Religious and Charitable
DMRA,Damora Therapeutics Inc. Common Stock,$26.60,-0.40,-1.481%,1604065439.00,Denmark,2020,388900,Health Care,Biotechnology: Pharmaceutical Preparations
DMRC,Digimarc Corporation Common Stock,$7.16,0.37,5.449%,158187935.00,United States,,157196,Technology,EDP Services
DNA,Ginkgo Bioworks Holdings Inc. Class A Common Stock,$8.03,0.08,1.006%,497252547.00,United States,2021,1599880,Health Care,Biotechnology: Biological Products (No Diagnostic Substances)
DNLI,Denali Therapeutics Inc. Common Stock,$20.57,-0.14,-0.676%,3262226970.00,United States,2017,1462118,Health Care,Biotechnology: Biological Products (No Diagnostic Substances)
DNMX,Dynamix Corporation III Class A Ordinary Shares,$9.95,0.005,0.05%,0.00,United States,2025,14324,Finance,Blank Checks
DNMXU,Dynamix Corporation III Unit,$10.105,0.025,0.248%,0.00,United States,2025,153,Finance,Blank Checks
DNMXW,Dynamix Corporation III Warrants,$0.2999,0.0099,3.414%,0.00,United States,2025,600,Finance,Blank Checks
DNN,Denison Mines Corp Ordinary Shares (Canada),$3.88,-0.04,-1.02%,3507581940.00,Canada,,23180086,Basic Materials,Other Metals and Minerals
DNOW,DNOW Inc. Common Stock,$11.95,0.06,0.505%,2221750118.00,United States,2014,5131951,Consumer Discretionary,Oil and Gas Field Machinery
DNP,DNP Select Income Fund Inc. Common Stock,$10.62,0.08,0.759%,0.00,United States,1987,719312,Finance,Investment Managers
DNTH,Dianthus Therapeutics Inc. Common Stock,$93.26,0.36,0.388%,5077892383.00,United States,2018,553168,Health Care,Biotechnology: Pharmaceutical Preparations
DNUT,Krispy Kreme Inc. Common Stock,$3.61,0.06,1.69%,621642000.00,United States,2021,1962674,Consumer Staples,Food Chains
DOC,Healthpeak Properties Inc. Common Stock,$17.37,0.19,1.106%,12076608184.00,United States,,7842238,Real Estate,Real Estate Investment Trusts
DOCN,DigitalOcean Holdings Inc. Common Stock,$85.63,-2.80,-3.166%,7877625529.00,United States,2021,4566077,Technology,Computer Software: Programming Data Processing
DOCS,Doximity Inc. Class A Common Stock,$24.71,0.46,1.897%,4564158352.00,United States,2021,3835567,Technology,EDP Services
DOCU,DocuSign Inc. Common Stock,$45.74,-0.32,-0.695%,8893133427.00,United States,1989,2530321,Technology,Computer Software: Prepackaged Software
DOGZ,Dogness (International) Corporation Class A Common Stock,$1.33,0.01,0.758%,19299175.00,China,2017,38343,Consumer Discretionary,Miscellaneous manufacturing industries
DOLE,Dole plc Ordinary Shares,$15.17,0.19,1.268%,1443647665.00,Ireland,2021,755597,Consumer Staples,Farming/Seeds/Milling
DOMH,Dominari Holdings Inc. Common Stock,$2.92,-0.02,-0.68%,66032241.00,United States,,328431,Health Care,Biotechnology: Pharmaceutical Preparations
DOMO,Domo Inc. Class B Common Stock,$3.80,0.38,11.111%,158834270.00,United States,2018,1573532,Technology,Computer Software: Prepackaged Software
DOO,BRP Inc. Common Subordinate Voting Shares,$57.85,2.95,5.373%,4230164914.00,Canada,,1318254,Consumer Discretionary,Industrial Specialties
DORM,Dorman Products Inc. Common Stock,$110.66,4.45,4.19%,3338678707.00,United States,,159184,Consumer Discretionary,Auto Parts:O.E.M.
DOUG,Douglas Elliman Inc. Common Stock,$1.84,0.07,3.955%,162320093.00,United States,2021,632728,Finance,Real Estate
DOV,Dover Corporation Common Stock,$219.07,4.90,2.288%,29529858302.00,United States,,2560135,Industrials,Industrial Machinery/Components
DOW,Dow Inc. Common Stock ,$35.60,-4.32,-10.822%,25618449679.00,United States,2019,27270581,Industrials,Major Chemicals
DOX,Amdocs Limited Ordinary Shares,$67.63,1.08,1.623%,7300627323.00,Guernsey,,724738,Technology,EDP Services
DOYU,DouYu International Holdings Limited ADS,$4.80,-0.005,-0.104%,144858523.00,China,2019,23650,Technology,Computer Software: Programming Data Processing
DPG,Duff & Phelps Utility and Infrastructure Fund Inc.,$14.64,0.00,0.00%,0.00,United States,2011,95691,Finance,Trusts Except Educational Religious and Charitable
DPRO,Draganfly Inc. Common Shares,$5.94,-0.30,-4.808%,204193268.00,Canada,,1788550,Industrials,Aerospace
DPZ,Domino's Pizza Inc Common Stock,$372.06,3.06,0.829%,12511967418.00,United States,2004,690019,Consumer Discretionary,Food Distributors
DQ,DAQO New Energy Corp. American Depositary Shares each representing five ordinary shares,$21.86,0.39,1.816%,1465859790.00,China,2010,864805,Technology,Semiconductors
DRCT,Direct Digital Holdings Inc. Class A Common Stock,$0.701,-0.019,-2.639%,2083149.00,United States,2022,86561,Consumer Discretionary,Advertising
DRD,DRDGOLD Limited American Depositary Shares,$32.03,1.15,3.724%,2769277638.00,South Africa,,187453,Basic Materials,Precious Metals
DRDB,Roman DBDR Acquisition Corp. II Ordinary shares,$10.51,-0.01,-0.095%,0.00,United States,2025,329,,
DRDBU,Roman DBDR Acquisition Corp. II Unit,$10.53,0.00,0.00%,0.00,United States,2024,7,,
DRDBW,Roman DBDR Acquisition Corp. II Warrants,$0.22,0.00,0.00%,0.00,United States,2025,68458,,
DRH,Diamondrock Hospitality Company Common Stock,$10.56,0.27,2.624%,2161100980.00,United States,2005,1276852,Real Estate,Real Estate Investment Trusts
DRI,Darden Restaurants Inc. Common Stock,$201.07,4.41,2.242%,23029553053.00,United States,,1062448,Consumer Discretionary,Restaurants
DRIO,DarioHealth Corp. Common Stock,$7.26,0.23,3.272%,53000948.00,Israel,,4534,Health Care,Medical/Dental Instruments
DRMA,Dermata Therapeutics Inc. Common Stock,$1.36,0.01,0.741%,5470114.00,United States,2021,149895,Health Care,Biotechnology: Pharmaceutical Preparations
DRS,Leonardo DRS Inc. Common Stock,$44.57,-0.37,-0.823%,11855392069.00,Israel,,1510754,Industrials,Industrial Machinery/Components
DRTS,Alpha Tau Medical Ltd. Ordinary Shares,$8.03,0.06,0.753%,706718188.00,Israel,,250401,Health Care,Medical/Dental Instruments
DRTSW,Alpha Tau Medical Ltd. Warrant,$1.00,0.05,5.263%,88009737.00,Israel,,35720,Health Care,Medical/Dental Instruments
DRUG,Bright Minds Biosciences Inc. Common Stock,$89.90,1.25,1.41%,879865774.00,Canada,,115247,Health Care,Biotechnology: Pharmaceutical Preparations
DRVN,Driven Brands Holdings Inc. Common Stock,$13.21,0.51,4.016%,2172440220.00,United States,2021,1084038,Consumer Discretionary,Automotive Aftermarket
DSAC,Daedalus Special Acquisition Corp. Class A Ordinary Shares,$9.92,-0.01,-0.101%,0.00,Cayman Islands,2026,104,Finance,Blank Checks
DSACU,Daedalus Special Acquisition Corp. Unit,$10.02,0.00,0.00%,0.00,Cayman Islands,2025,87,Finance,Blank Checks
DSACW,Daedalus Special Acquisition Corp. Warrant,$0.39,0.00,0.00%,0.00,Cayman Islands,2026,144995,Finance,Blank Checks
DSGN,Design Therapeutics Inc. Common Stock,$13.12,0.61,4.876%,809140300.00,United States,2021,302684,Health Care,Biotechnology: Pharmaceutical Preparations
DSGR,Distribution Solutions Group Inc. Common Stock,$27.37,0.50,1.861%,1264287548.00,United States,,160232,Consumer Discretionary,Industrial Specialties
DSGX,Descartes Systems Group Inc. (The) Common Stock,$76.41,0.61,0.805%,6573116228.00,Canada,,987690,Technology,Computer Software: Prepackaged Software
DSL,DoubleLine Income Solutions Fund Common Shares of Beneficial Interests,$11.09,0.10,0.91%,1131144823.00,United States,2013,477830,Finance,Trusts Except Educational Religious and Charitable
DSM,BNY Mellon Strategic Municipal Bond Fund Inc. Common Stock,$6.11,0.02,0.328%,0.00,United States,1989,62220,Finance,Investment Managers
DSP,Viant Technology Inc. Class A Common Stock,$11.61,-0.65,-5.302%,735528040.00,United States,2021,232819,Technology,Computer Software: Programming Data Processing
DSS,DSS Inc. Common Stock,$0.96,-0.0003,-0.031%,9592817.00,United States,,27149,Consumer Discretionary,Containers/Packaging
DSU,Blackrock Debt Strategies Fund Inc. Common Stock,$9.85,0.05,0.51%,0.00,United States,1998,372667,Finance,Finance Companies
DSWL,Deswell Industries Inc. Common Shares,$3.25,0.00,0.00%,51789527.00,Macau,1995,29674,Industrials,Plastic Products
DSX,Diana Shipping inc. common stock,$2.57,0.07,2.80%,317497175.00,Greece,2005,632798,Consumer Discretionary,Marine Transportation
DSX^B,Diana Shipping Inc. Perpetual Preferred Shares Series B (Marshall Islands),$27.21,-0.08,-0.293%,,Greece,,4485,,
DSY,Big Tree Cloud Holdings Limited Class A Ordinary Shares,$2.508,-0.132,-5.00%,11917695.00,China,,32128,Consumer Discretionary,Containers/Packaging
DSYWW,Big Tree Cloud Holdings Limited Warrants,$0.02,0.0001,0.503%,95037.00,China,,3001,Consumer Discretionary,Containers/Packaging
DT,Dynatrace Inc. Common Stock,$35.60,-0.02,-0.056%,10617739658.00,United States,2019,4677795,Technology,Computer Software: Prepackaged Software
DTB,DTE Energy Company 2020 Series G 4.375% Junior Subordinated Debentures due 2080,$17.05,0.11,0.649%,3546879395.00,United States,2020,13426,Utilities,Electric Utilities: Central
DTCX,Datacentrex Inc. Common Stock,$2.19,-0.20,-8.368%,79296403.00,United States,,340332,Technology,EDP Services
DTE,DTE Energy Company Common Stock,$146.98,0.01,0.007%,30575972637.00,United States,,975934,Utilities,Electric Utilities: Central
DTF,DTF Tax-Free Income 2028 Term Fund Inc. Common Stock,$11.43,-0.02,-0.175%,80347951.00,United States,1991,645,Finance,Investment Managers
DTG,DTE Energy Company 2021 Series E 4.375% Junior Subordinated Debentures,$17.21,0.07,0.408%,3580163894.00,United States,2021,8406,Utilities,Electric Utilities: Central
DTI,Drilling Tools International Corporation Common Stock,$3.01,-0.13,-4.14%,105916663.00,United States,2021,407727,Consumer Discretionary,Oil and Gas Field Machinery
DTIL,Precision BioSciences Inc. Common Stock,$7.88,0.35,4.648%,203329208.00,United States,2019,251681,Health Care,Biotechnology: Biological Products (No Diagnostic Substances)
DTK,DTE Energy Company 2025 Series H 6.25% Junior Subordinated Debentures due 2085,$24.81,0.11,0.445%,0.00,United States,2025,16551,Utilities,Electric Utilities: Central
DTM,DT Midstream Inc. Common Stock ,$134.24,2.48,1.882%,13694375200.00,United States,2021,1281540,Utilities,Natural Gas Distribution
DTSQ,DT Cloud Star Acquisition Corporation Ordinary Shares,$11.22,-0.02,-0.178%,0.00,United States,2024,544,,
DTSQU,DT Cloud Star Acquisition Corporation Units,$10.9475,0.00,0.00%,0.00,United States,2024,4,,
DTSS,Datasea Intelligent Technology Ltd. Class A Ordinary Shares,$1.04,-0.09,-7.965%,10865039.00,China,,119226,Technology,Computer Software: Prepackaged Software
DTST,Data Storage Corporation Common Stock,$3.97,0.02,0.506%,8603538.00,United States,,36162,Technology,EDP Services
DTSTW,Data Storage Corporation Warrant,$0.0694,-0.0034,-4.67%,150399.00,United States,,32704,Technology,EDP Services
DTW,DTE Energy Company 2017 Series E 5.25% Junior Subordinated Debentures due 2077,$21.60,0.09,0.418%,4493407327.00,United States,2017,13398,Utilities,Electric Utilities: Central
DUK,Duke Energy Corporation (Holding Company) Common Stock,$128.03,-0.60,-0.466%,99622399529.00,United States,,3459675,Utilities,Power Generation
DUK^A,Duke Energy Corporation Depositary Shares each representing a 1/1000th interest in a share of 5.75% Series A Cumulative Redeemable Perpetual Preferred Stock,$24.99,0.15,0.604%,,United States,,41653,,
DUKB,Duke Energy Corporation 5.625% Junior Subordinated Debentures due 2078,$24.10,0.04,0.166%,18752634763.00,United States,2018,31337,Utilities,Power Generation
DUO,Fangdd Network Group Ltd. Class A Ordinary Shares,$1.41,0.03,2.174%,5495911.00,China,2019,58622,Finance,Real Estate
DUOL,Duolingo Inc. Class A Common Stock,$100.51,-2.94,-2.842%,4718973748.00,United States,2021,2125632,Technology,Computer Software: Prepackaged Software
DUOT,Duos Technologies Group Inc. Common Stock,$8.59,0.19,2.262%,251649281.00,United States,,655855,Technology,Computer Software: Prepackaged Software
DV,DoubleVerify Holdings Inc. Common Stock,$10.77,0.05,0.466%,1693504881.00,United States,2021,1765576,Technology,Computer Software: Programming Data Processing
DVA,DaVita Inc. Common Stock,$147.91,-0.22,-0.149%,9880388000.00,United States,,621043,Health Care,Misc Health and Biotechnology Services
DVLT,Datavault AI Inc. Common Stock,$0.758,-0.0795,-9.493%,465645666.00,United States,2018,57299510,Technology,Semiconductors
DVN,Devon Energy Corporation Common Stock,$44.23,-1.55,-3.386%,27486304425.00,United States,1985,22815643,Energy,Oil & Gas Production
DWSN,Dawson Geophysical Company Common Stock,$2.58,-0.26,-9.155%,80116327.00,United States,,81659,Energy,Oil & Gas Production
DWTX,Dogwood Therapeutics Inc. Common Stock,$1.66,0.10,6.41%,55446578.00,United States,2020,178109,Health Care,Biotechnology: Pharmaceutical Preparations
DX,Dynex Capital Inc. Common Stock,$13.61,0.37,2.795%,2816549405.00,United States,,7287124,Real Estate,Real Estate Investment Trusts
DX^C,Dynex Capital Inc. 6.900% Series C Fixed-to-Floating Rate Cumulative Redeemable Preferred Stock,$25.68,0.14,0.548%,,United States,,3090,,
DXC,DXC Technology Company Common Stock ,$12.97,0.28,2.206%,2201786720.00,United States,,2620873,Technology,EDP Services
DXCM,DexCom Inc. Common Stock,$63.98,2.75,4.491%,24688153068.00,United States,2005,7829538,Health Care,Medical/Dental Instruments
DXF,Eason Technology Limited American Depositary Shares (each representing sixty-thousand (60000) Ordinary Shares),$0.7569,-0.0102,-1.33%,1050536.00,,,38528,Finance,Finance: Consumer Services
DXLG,Destination XL Group Inc. Common Stock,$0.5561,-0.0102,-1.801%,30480125.00,United States,,25644,Consumer Discretionary,Clothing/Shoe/Accessory Stores
DXPE,DXP Enterprises Inc. Common Stock,$159.37,8.22,5.438%,2473775086.00,United States,,168543,Industrials,Industrial Machinery/Components
DXR,Daxor Corporation Common Stock,$10.01,0.385,4.00%,50436786.00,United States,,4598,Health Care,Medical/Dental Instruments
DXST,Decent Holding Inc Class A Ordinary Shares,$2.33,-0.23,-8.984%,4229190.00,China,2025,49136,Industrials,Miscellaneous
DXYZ,Destiny Tech100 Inc. Common Stock,$30.00,0.97,3.341%,0.00,,2024,1707312,,
DY,Dycom Industries Inc. Common Stock,$399.45,-0.93,-0.232%,11971543263.00,United States,,489941,Industrials,Water Sewer Pipeline Comm & Power Line Construction
DYAI,Dyadic International Inc. Common Stock,$0.875,-0.002,-0.228%,31883865.00,United States,,56474,Health Care,Biotechnology: Biological Products (No Diagnostic Substances)
DYN,Dyne Therapeutics Inc. Common Stock,$20.41,0.50,2.511%,3372130015.00,United States,2020,2674235,Health Care,Biotechnology: Pharmaceutical Preparations
DYOR,Insight Digital Partners II Class A Ordinary Shares,$9.95,0.00,0.00%,0.00,United States,2025,17,Finance,Blank Checks
DYORU,Insight Digital Partners II Units,$10.11,0.04,0.397%,0.00,United States,2025,1918,Finance,Blank Checks
DYORW,Insight Digital Partners II Warrants,$0.299,0.009,3.103%,0.00,United States,2025,8100,Finance,Blank Checks
E,ENI S.p.A. Common Stock,$52.25,-3.14,-5.669%,82209238603.00,Italy,,838308,Energy,Oil & Gas Production
EA,Electronic Arts Inc. Common Stock,$203.83,0.46,0.226%,51009214321.00,United States,,1709754,Consumer Discretionary,Services-Misc. Amusement & Recreation
EAD,Allspring Income Opportunities Fund Common Shares,$6.70,0.00,0.00%,0.00,United States,2003,105078,Finance,Finance/Investors Services
EAF,GrafTech International Ltd. Common Stock,$8.10,-0.18,-2.174%,210505627.00,United States,2018,427875,Energy,Industrial Machinery/Components
EAI,Entergy Arkansas LLC First Mortgage Bonds 4.875% Series Due September 1 2066,$20.77,0.10,0.484%,9408598914.00,United States,2016,11709,Utilities,Electric Utilities: Central
EARN,Ellington Credit Company Common Shares of Beneficial Interest,$4.72,0.05,1.071%,177279400.00,United States,2013,430311,Real Estate,Real Estate Investment Trusts
EAT,Brinker International Inc. Common Stock,$158.14,7.05,4.666%,6887048870.00,United States,,1357576,Consumer Discretionary,Restaurants
EBAY,eBay Inc. Common Stock,$104.65,2.69,2.638%,46883200000.00,United States,1998,4916342,Real Estate,Real Estate
EBC,Eastern Bankshares Inc. Common Stock,$21.05,0.32,1.544%,4922520271.00,United States,2020,3174964,Finance,Savings Institutions
EBF,Ennis Inc. Common Stock,$21.67,0.36,1.689%,548096406.00,United States,,247417,Consumer Discretionary,Office Equipment/Supplies/Services
EBMT,Eagle Bancorp Montana Inc. Common Stock,$22.21,0.50,2.303%,176912223.00,United States,2010,65905,Finance,Major Banks
EBON,Ebang International Holdings Inc. Class A Ordinary Shares,$2.30,0.19,9.005%,15051057.00,China,2020,6804,Technology,Semiconductors
EBS,Emergent BioSolutions Inc. Common Stock,$8.81,0.19,2.204%,454988001.00,United States,2006,604181,Health Care,Biotechnology: Pharmaceutical Preparations
EC,Ecopetrol S.A. American Depositary Shares,$13.55,-0.21,-1.526%,27856560659.00,Colombia,,5567494,Energy,Oil & Gas Production
ECAT,BlackRock ESG Capital Allocation Term Trust Common Shares of Beneficial Interest,$14.63,0.12,0.827%,1582015050.00,United States,2021,472998,Finance,Trusts Except Educational Religious and Charitable
ECBK,ECB Bancorp Inc. Common Stock,$18.33,0.20,1.103%,160894819.00,United States,2022,9618,Finance,Banks
ECC           ,Eagle Point Credit Company Inc. Common Stock,$4.05,0.05,1.25%,245683222.00,United States,2014,1076063,Finance,Trusts Except Educational Religious and Charitable
ECC^D,Eagle Point Credit Company Inc. 6.75% Series D Preferred Stock,$18.67,0.17,0.919%,,United States,,5951,,
ECCC,Eagle Point Credit Company Inc. 6.50% Series C Term Preferred Stock due 2031,$24.4899,0.1499,0.616%,1485619147.00,United States,,2517,Finance,Trusts Except Educational Religious and Charitable
ECCU,Eagle Point Credit Company Inc. 7.75% Notes due 2030,$25.15,0.00,0.00%,0.00,United States,2024,1927,,
ECCV,Eagle Point Credit Company Inc. 5.375% Notes due 2029,$23.74,-0.0484,-0.203%,1440128320.00,United States,2022,7355,Finance,Trusts Except Educational Religious and Charitable
ECCW,Eagle Point Credit Company Inc. 6.75% Notes due 2031,$25.135,0.025,0.10%,1524752541.00,United States,2021,364,Finance,Trusts Except Educational Religious and Charitable
ECCX,Eagle Point Credit Company Inc. 6.6875% Notes due 2028,$25.11,0.01,0.04%,1523235978.00,United States,2022,853,Finance,Trusts Except Educational Religious and Charitable
ECF,Ellsworth Growth and Income Fund Ltd.,$12.15,-0.05,-0.41%,0.00,United States,1986,40515,Finance,Finance/Investors Services
ECF^A,Ellsworth Growth and Income Fund Ltd. 5.25% Series A Cumulative Preferred Shares (Liquidation Preference $25.00 per share),$21.50,0.13,0.608%,,United States,,216,,
ECG,Everus Construction Group Inc. Common Stock,$128.81,2.29,1.81%,6574669269.00,United States,2024,1417897,Consumer Discretionary,Homebuilding
ECL,Ecolab Inc. Common Stock,$274.80,5.57,2.069%,77610051446.00,United States,,2636644,Consumer Discretionary,Package Goods/Cosmetics
ECO,Okeanis Eco Tankers Corp. Common Stock,$51.60,1.95,3.927%,2014704198.00,,,814394,Consumer Discretionary,Marine Transportation
ECOR,electroCore Inc. Common Stock,$6.50,-0.18,-2.695%,52543127.00,United States,2018,33149,Health Care,Biotechnology: Electromedical & Electrotherapeutic Apparatus
ECPG,Encore Capital Group Inc Common Stock,$80.75,2.05,2.605%,1728879545.00,United States,,349334,Finance,Finance Companies
ECVT,Ecovyst Inc. Common Stock,$13.78,-0.63,-4.372%,1508225217.00,United States,2017,3033886,Industrials,Major Chemicals
ECX,ECARX Holdings Inc. Class A Ordinary shares,$1.19,0.00,0.00%,453461381.00,China,,670704,Technology,EDP Services
ECXWW,ECARX Holdings Inc. Warrants,$0.0569,0.00,0.00%,21682313.00,China,,7,Technology,EDP Services
ED,Consolidated Edison Inc. Common Stock,$110.15,-0.37,-0.335%,40581600247.00,United States,,2109361,Utilities,Power Generation
EDAP,EDAP TMS S.A. American Depositary Shares,$3.49,-0.10,-2.786%,130812131.00,France,1997,50262,Health Care,Biotechnology: Electromedical & Electrotherapeutic Apparatus
EDBL,Edible Garden AG Incorporated Common Stock,$0.9377,-0.0126,-1.326%,856829.00,United States,2022,386605,Consumer Staples,Farming/Seeds/Milling
EDBLW,Edible Garden AG Incorporated Warrant,$0.0886,-0.0014,-1.556%,80959.00,United States,2022,4933,Consumer Staples,Farming/Seeds/Milling
EDD,Morgan Stanley Emerging Markets Domestic Debt Fund Inc. Common Stock,$5.72,0.07,1.239%,0.00,United States,2007,364218,Finance,Finance Companies
EDF,Virtus Stone Harbor Emerging Markets Income Fund Common Shares of Beneficial Interest,$5.13,0.07,1.383%,0.00,United States,2010,150413,Finance,Investment Managers
EDHL,Everbright Digital Holding Limited Ordinary Shares,$2.54,-0.0701,-2.686%,4232275.00,Hong Kong,2025,124076,Consumer Discretionary,Advertising
EDIT,Editas Medicine Inc. Common Stock,$3.49,0.14,4.179%,341573277.00,United States,2016,1638587,Health Care,Biotechnology: Biological Products (No Diagnostic Substances)
EDN,Empresa Distribuidora Y Comercializadora Norte S.A. (Edenor) American Depositary Shares,$26.99,-0.65,-2.352%,1221106465.00,Argentina,2007,144221,Utilities,Electric Utilities: Central
EDRY,EuroDry Ltd. Common Shares ,$21.96,1.97,9.855%,62074266.00,Greece,,37889,Consumer Discretionary,Marine Transportation
EDSA,Edesa Biotech Inc. Common Shares,$5.93,0.79,15.37%,49504595.00,United States,,258528,Health Care,Biotechnology: Pharmaceutical Preparations
EDTK,Skillful Craftsman Education Technology Limited Ordinary Share,$1.00,0.00,0.00%,15929451.00,China,2020,993,Real Estate,Other Consumer Services
EDU,New Oriental Education & Technology Group Inc. Sponsored ADR representing 10 Ordinary Share (Cayman Islands),$59.23,0.90,1.543%,23565506517.00,China,2006,394769,Real Estate,Other Consumer Services
EDUC,Educational Development Corporation Common Stock,$1.37,0.00,0.00%,11660569.00,United States,,157489,Consumer Discretionary,Consumer Specialties
EE,Excelerate Energy Inc. Class A Common Stock,$34.90,0.84,2.466%,3980934810.00,United States,2022,384197,Utilities,Oil/Gas Transmission
EEA,The European Equity Fund Inc. Common Stock,$10.73,0.20,1.899%,0.00,United States,,28589,Finance,Trusts Except Educational Religious and Charitable
EEFT,Euronet Worldwide Inc. Common Stock,$74.40,0.16,0.216%,2824678138.00,United States,1997,687793,Finance,Investment Bankers/Brokers/Service
EEIQ,EpicQuest Education Group International Limited Common Stock,$3.92,-0.36,-8.411%,5799558.00,United States,2021,30456,Real Estate,Other Consumer Services
EEX,Emerald Holding Inc. Common Stock,$4.74,0.15,3.268%,938089764.00,United States,2017,34717,Real Estate,Real Estate
EFC,Ellington Financial Inc. Common Stock ,$12.96,0.27,2.128%,1615451338.00,United States,2010,1571968,Finance,Real Estate
EFC^B,Ellington Financial Inc. 6.250% Series B Fixed-Rate Reset Cumulative Redeemable Preferred Stock,$24.61,0.02,0.081%,,United States,,5044,,
EFC^C,Ellington Financial Inc. 8.625% Series C Fixed-Rate Reset Cumulative Redeemable Preferred Stock,$25.80,0.22,0.86%,,United States,,642,,
EFC^D,Ellington Financial Inc. 7.00% Series D Cumulative Perpetual Redeemable Preferred Stock,$23.65,0.00,0.00%,,United States,,102,,
EFOI,Energy Focus Inc. Common Stock,$6.49,4.40,210.526%,40928750.00,United States,,166660372,Consumer Discretionary,Building Products
EFR,Eaton Vance Senior Floating-Rate Fund Common Shares of Beneficial Interest,$10.58,0.07,0.666%,0.00,United States,2003,117176,Finance,Trusts Except Educational Religious and Charitable
EFSC,Enterprise Financial Services Corporation Common Stock,$58.67,1.34,2.337%,2161464521.00,United States,,252228,Finance,Major Banks
EFSCP,Enterprise Financial Services Corporation Depositary Shares Each Representing a 1/40th Interest in a Share of 5% Fixed Rate Non-Cumulative Perpetual Preferred Stock Series A,$19.74,-0.05,-0.253%,727242366.00,United States,,813,Finance,Major Banks
EFSI,Eagle Financial Services Inc Common Stock,$39.21,0.94,2.456%,212219263.00,United States,,47447,Finance,Major Banks
EFT,Eaton Vance Floating Rate Income Trust Common Shares of Beneficial Interest,$10.91,0.11,1.019%,317376428.00,United States,2004,90736,Finance,Finance Companies
EFX,Equifax Inc. Common Stock,$196.22,5.84,3.068%,23670920623.00,United States,,1323431,Finance,Finance: Consumer Services
EFXT,Enerflex Ltd Common Shares,$22.88,-0.65,-2.762%,2791901753.00,Canada,2022,415894,Industrials,Industrial Machinery/Components
EG,Everest Group Ltd. Common Stock,$351.49,7.08,2.056%,17483153021.00,Bermuda,,344164,Finance,Property-Casualty Insurers
EGAN,eGain Corporation Common Stock,$8.13,0.18,2.264%,222649074.00,United States,1999,148796,Technology,Computer Software: Prepackaged Software
EGBN,Eagle Bancorp Inc. Common Stock,$27.95,0.61,2.231%,848658344.00,United States,,269855,Finance,Major Banks
EGO,Eldorado Gold Corporation Ordinary Shares,$34.52,0.34,0.995%,6857225642.00,Canada,,4103314,Basic Materials,Precious Metals
EGP,EastGroup Properties Inc. Common Stock,$200.86,3.97,2.016%,10797261638.00,United States,,316245,Real Estate,Real Estate Investment Trusts
EGY,VAALCO Energy Inc.  Common Stock,$5.32,-0.22,-3.971%,554653906.00,United States,,2288005,Energy,Oil & Gas Production
EH,EHang Holdings Limited ADS,$11.55,-0.14,-1.198%,831425110.00,China,2019,478903,Industrials,Aerospace
EHAB,Enhabit Inc. Common Stock,$13.72,-0.01,-0.073%,695922921.00,United States,2022,945181,Health Care,Medical/Nursing Services
EHC,Encompass Health Corporation Common Stock,$106.39,0.90,0.853%,10576885475.00,United States,,714598,Health Care,Hospital/Nursing Management
EHGO,Eshallgo Inc. Class A Ordinary Shares,$0.1421,-0.0166,-10.46%,4219541.00,China,2024,579523,Consumer Discretionary,Diversified Commercial Services
EHI,Western Asset Global High Income Fund Inc Common Stock,$6.22,0.01,0.161%,0.00,United States,2003,56564,Finance,Investment Managers
EHLD,Euroholdings Ltd. Common Stock ,$8.23,-0.1199,-1.436%,23180741.00,Greece,,1244,Consumer Discretionary,Marine Transportation
EHTH,eHealth Inc. Common Stock,$1.84,0.04,2.222%,57174324.00,United States,2006,730073,Finance,Specialty Insurers
EIC,Eagle Point Income Company Inc. Common Stock,$9.88,0.06,0.611%,88012107.00,United States,2019,143362,Finance,Finance/Investors Services
EICA,Eagle Point Income Company Inc. 5.00% Series A Term Preferred Stock due 2026,$24.9668,0.00,0.00%,222406951.00,United States,2021,168,Finance,Finance/Investors Services
EIG,Employers Holdings Inc Common Stock,$42.72,0.91,2.177%,832270912.00,United States,2007,189160,Finance,Property-Casualty Insurers
EIIA,Eagle Point Institutional Income Fund 8.125% Series A Term Preferred Shares Due 2029,$25.30,0.00,0.00%,0.00,,2024,9826,,
EIKN,Eikon Therapeutics Inc. Common Stock,$11.90,0.66,5.872%,644248805.00,United States,2026,202960,Health Care,Biotechnology: Biological Products (No Diagnostic Substances)
EIM,Eaton Vance Municipal Bond Fund Common Shares of Beneficial Interest $.01 par value,$9.887,0.022,0.223%,0.00,United States,2002,66969,Finance,Finance/Investors Services
EIX,Edison International Common Stock,$70.75,-0.85,-1.187%,27232096033.00,United States,,3105707,Utilities,Electric Utilities: Central
EJH,E-Home Household Service Holdings Limited Ordinary Shares,$1.8437,-0.0484,-2.558%,5900124.00,China,2021,6207,Consumer Discretionary,Other Consumer Services
EKSO,Ekso Bionics Holdings Inc. Common Stock,$10.81,0.41,3.942%,38520149.00,United States,,56652,Industrials,Industrial Machinery/Components
EL,Estee Lauder Companies Inc. (The) Common Stock,$76.20,0.86,1.141%,27563600677.00,United States,1995,4179128,Consumer Discretionary,Package Goods/Cosmetics
ELA,Envela Corporation Common Stock,$17.91,0.85,4.982%,465005855.00,United States,,53666,Consumer Discretionary,Consumer Specialties
ELAB,PMGC Holdings Inc. Common Stock,$3.28,-0.53,-13.911%,6352609.00,United States,2023,10503235,Health Care,Biotechnology: Pharmaceutical Preparations
ELAN,Elanco Animal Health Incorporated Common Stock,$23.68,0.55,2.378%,11825305116.00,United States,2018,3631965,Health Care,Biotechnology: Pharmaceutical Preparations
ELBM,Electra Battery Materials Corporation Common Stock,$0.675,0.0024,0.357%,70023373.00,Canada,,1062580,Miscellaneous,Industrial Machinery/Components
ELC,Entergy Louisiana Inc. Collateral Trust Mortgage Bonds 4.875 % Series due September 1 2066,$20.7172,0.1272,0.618%,4417685012.00,United States,2016,8165,Utilities,Electric Utilities: Central
ELDN,Eledon Pharmaceuticals Inc. Common Stock,$3.98,0.25,6.702%,301889854.00,United States,2014,4364488,Health Care,Biotechnology: Pharmaceutical Preparations
ELE,Elemental Royalty Corporation Common Stock,$20.57,0.98,5.003%,1321111541.00,Canada,,128519,Basic Materials,Precious Metals
ELF,e.l.f. Beauty Inc. Common Stock,$66.82,-2.43,-3.509%,3945870610.00,United States,2016,2785404,Consumer Discretionary,Package Goods/Cosmetics
ELLA,Ellington Credit Company 8.50% Notes due 2031,$25.12,-0.0799,-0.317%,0.00,United States,2026,5319,Real Estate,Real Estate Investment Trusts
ELLO,Ellomay Capital Ltd Ordinary Shares (Israel),$25.00,0.00,0.00%,321314625.00,Israel,,113,Utilities,Electric Utilities: Central
ELMD,Electromed Inc. Common Stock,$26.06,0.67,2.639%,215654657.00,United States,2011,39447,Health Care,Biotechnology: Electromedical & Electrotherapeutic Apparatus
ELME,Elme Communities Common Stock,$2.15,0.01,0.467%,191044448.00,United States,2000,470099,Real Estate,Real Estate Investment Trusts
ELOG,Eastern International Ltd. Ordinary Shares,$1.00,-0.01,-0.99%,12017000.00,China,2025,12405,Industrials,Integrated Freight & Logistics
ELPC,Companhia Paranaense de Energia (COPEL) American Depositary Shares (each representing four (4) Common Shares),$13.33,-0.13,-0.966%,4324663564.00,Brazil,2023,596334,Utilities,Electric Utilities: Central
ELPW,Elong Power Holding Limited Class A Ordinary Shares,$1.80,0.01,0.559%,2551068.00,China,,94112,Miscellaneous,Industrial Machinery/Components
ELS,Equity Lifestyle Properties Inc. Common Stock,$65.40,1.13,1.758%,12682863143.00,United States,,1067900,Real Estate,Real Estate Investment Trusts
ELSE,Electro-Sensors Inc. Common Stock,$4.425,0.00,0.00%,15630972.00,United States,,1391,Industrials,Industrial Machinery/Components
ELTK,Eltek Ltd. Ordinary Shares,$8.35,-0.11,-1.30%,56110555.00,Israel,1997,2343,Technology,Electrical Products
ELTX,Elicio Therapeutics Inc. Common Stock,$13.55,0.95,7.54%,249266803.00,United States,2021,375251,Health Care,Biotechnology: Pharmaceutical Preparations
ELUT,Elutia Inc. Class A Common Stock,$1.15,-0.02,-1.709%,49202575.00,United States,2020,37828,Health Care,Biotechnology: Biological Products (No Diagnostic Substances)
ELV,Elevance Health Inc. Common Stock,$323.05,7.23,2.289%,70962742068.00,United States,,1336099,Health Care,Medical Specialities
ELVA,Electrovaya Inc. Common Shares,$9.63,0.05,0.522%,462247829.00,Canada,,331983,,
ELVN,Enliven Therapeutics Inc. Common Stock,$48.11,2.77,6.109%,2929401302.00,United States,2020,1383748,Health Care,Biotechnology: Pharmaceutical Preparations
ELVR,Elevra Lithium Limited American Depository Shares,$75.95,8.51,12.619%,87671333196.00,Australia,,198562,Industrials,Mining & Quarrying of Nonmetallic Minerals (No Fuels)
ELWT,Elauwit Connection Inc. Common Stock,$6.53,0.07,1.084%,43227268.00,United States,2025,25197,Consumer Discretionary,Telecommunications Equipment
EM,Smart Share Global Limited American Depositary Shares,$1.165,-0.005,-0.427%,295408183.00,China,2021,6606,Consumer Discretionary,Other Consumer Services
EMA,Emera Incorporated Common Shares,$52.48,-0.11,-0.209%,16047497665.00,Canada,2025,280830,Utilities,Electric Utilities: Central
EMAT,Evolution Metals & Technologies Corp. Common Stock,$8.34,0.34,4.25%,0.00,United States,,156505,,
EMBC,Embecta Corp. Common Stock,$9.78,0.27,2.839%,579170172.00,United States,,801720,Health Care,Medical/Dental Instruments
EMBJ,Embraer S.A. Common Stock,$67.96,1.74,2.628%,12279796719.00,Brazil,,1312391,Industrials,Aerospace
EMD,Western Asset Emerging Markets Debt Fund Inc Common Stock,$10.90,0.15,1.395%,0.00,United States,,145296,Finance,Finance/Investors Services
EME,EMCOR Group Inc. Common Stock,$806.05,13.80,1.742%,35895474824.00,United States,,477675,Industrials,Engineering & Construction
EMF,Templeton Emerging Markets Fund Common Stock,$20.17,0.40,2.023%,0.00,United States,1987,31322,Finance,Finance/Investors Services
EMIS,Emmis Acquisition Corp. Class A Ordinary Shares,$10.08,0.00,0.00%,0.00,United States,2025,5000,Health Care,Biotechnology: Pharmaceutical Preparations
EML,Eastern Company (The) Common Stock,$22.43,0.44,2.001%,135396228.00,United States,,8992,Consumer Discretionary,Industrial Machinery/Components
EMN,Eastman Chemical Company Common Stock,$73.78,0.43,0.586%,8418099827.00,United States,,1816101,Industrials,Major Chemicals
EMO,ClearBridge Energy Midstream Opportunity Fund Inc. Common Stock,$48.44,-0.72,-1.465%,0.00,United States,2011,68072,Finance,Investment Managers
EMP,Entergy Mississippi LLC First Mortgage Bonds 4.90% Series Due October 1 2066,$20.9301,0.0801,0.384%,9481122587.00,United States,2016,10962,Utilities,Electric Utilities: Central
EMPD,Empery Digital Inc. Common stock,$5.22,0.18,3.571%,0.00,United States,2021,509931,,
EMR,Emerson Electric Company Common Stock,$146.35,5.98,4.26%,82248700000.00,United States,,3829748,Technology,Consumer Electronics/Appliances
ENB,Enbridge Inc Common Stock,$52.67,0.10,0.19%,114943681047.00,Canada,,5543367,Energy,Natural Gas Distribution
ENGN,enGene Therapeutics Inc. Common Stock,$8.07,-0.01,-0.124%,540604991.00,Canada,,842977,Health Care,Biotechnology: Biological Products (No Diagnostic Substances)
ENGNW,enGene Therapeutics Inc. Warrants,$2.47,0.08,3.347%,165463981.00,Canada,,4969,Health Care,Biotechnology: Biological Products (No Diagnostic Substances)
ENGS,Energys Group Limited Ordinary Shares,$1.21,0.04,3.419%,37816633.00,United Kingdom,2025,2307731,Industrials,Engineering & Construction
ENIC,Enel Chile S.A. American Depositary Shares (Each representing 50 shares of Common Stock),$4.56,0.05,1.109%,6307990017.00,Chile,2016,567394,Utilities,Electric Utilities: Central
ENJ,Entergy New Orleans LLC First Mortgage Bonds 5.0% Series due December 1 2052,$20.2601,-0.2799,-1.363%,9177619397.00,United States,,509,Utilities,Power Generation
ENLT,Enlight Renewable Energy Ltd. Ordinary Shares,$81.87,2.07,2.594%,11416285192.00,Israel,2023,117845,Utilities,Electric Utilities: Central
ENLV,Enlivex Ltd. Ordinary Shares,$0.8595,-0.0291,-3.275%,204029398.00,Israel,2014,407070,Health Care,Biotechnology: Pharmaceutical Preparations
ENO,Entergy New Orleans LLC First Mortgage Bonds 5.50% Series due April 1 2066,$22.20,0.11,0.498%,4747044781.00,United States,2016,2958,Utilities,Power Generation
ENOV,Enovis Corporation Common Stock,$26.32,1.12,4.444%,1508152555.00,United States,,1755190,Health Care,Industrial Specialties
ENPH,Enphase Energy Inc. Common Stock,$32.48,0.52,1.627%,4280342534.00,United States,2012,7957924,Technology,Semiconductors
ENR,Energizer Holdings Inc. Common Stock,$20.48,0.89,4.543%,1402240225.00,United States,2015,1080311,Miscellaneous,Industrial Machinery/Components
ENS,EnerSys Common Stock,$199.00,5.12,2.641%,7333423426.00,United States,2004,351720,Technology,Industrial Machinery/Components
ENSC,Ensysce Biosciences Inc. Common Stock,$0.50,-0.01,-1.961%,4638910.00,United States,,274417,Health Care,Biotechnology: Pharmaceutical Preparations
ENSG,The Ensign Group Inc. Common Stock,$200.11,2.39,1.209%,11689219737.00,United States,2007,244318,Health Care,Hospital/Nursing Management
ENTA,Enanta Pharmaceuticals Inc. Common Stock,$14.01,-0.05,-0.356%,406561009.00,United States,2013,123148,Health Care,Biotechnology: Pharmaceutical Preparations
ENTG,Entegris Inc. Common Stock,$146.06,10.14,7.46%,22237474772.00,United States,2000,2476780,Industrials,Plastic Products
ENTX,Entera Bio Ltd. Ordinary Shares,$1.28,0.08,6.667%,59676466.00,Israel,2018,1947569,Health Care,Biotechnology: Biological Products (No Diagnostic Substances)
ENVA,Enova International Inc. Common Stock,$162.81,6.70,4.292%,4061355038.00,United States,2014,212417,Finance,Finance: Consumer Services
ENVB,Enveric Biosciences Inc. Common Stock,$1.82,-0.53,-22.553%,3435314.00,United States,,1152096,Health Care,Biotechnology: Pharmaceutical Preparations
ENVX,Enovix Corporation Common Stock,$6.62,0.08,1.223%,1438025806.00,United States,2021,5610056,Miscellaneous,Industrial Machinery/Components
EOD,Allspring Global Dividend Opportunity Fund Common Shares of Beneficial Interest,$6.42,0.05,0.785%,0.00,United States,2007,154282,Finance,Investment Managers
EOG,EOG Resources Inc. Common Stock,$128.43,-5.64,-4.207%,68801981992.00,United States,,7249300,Energy,Oil & Gas Production
EOI,Eaton Vance Enhance Equity Income Fund Eaton Vance Enhanced Equity Income Fund Shares of Beneficial Interest,$19.97,0.0801,0.403%,0.00,United States,2004,78931,Finance,Finance/Investors Services
EOLS,Evolus Inc. Common Stock,$4.69,0.16,3.532%,305131353.00,United States,2018,455787,Health Care,Biotechnology: Pharmaceutical Preparations
EONR,EON Resources Inc. Class A Common Stock,$0.62,-0.0934,-13.092%,30980373.00,,2022,6517473,Energy,Oil & Gas Production
EOS,Eaton Vance Enhance Equity Income Fund II Common Stock,$22.06,0.06,0.273%,0.00,,2005,190385,Finance,Trusts Except Educational Religious and Charitable
EOSE,Eos Energy Enterprises Inc. Class A Common Stock,$7.16,0.05,0.703%,2430526612.00,United States,,28680749,Miscellaneous,Industrial Machinery/Components
EOT,Eaton Vance Municipal Income Trust EATON VANCE NATIONAL MUNICIPAL OPPORTUNITIES TRUST,$17.19,0.1399,0.821%,268592392.00,United States,2009,15702,Finance,Investment Bankers/Brokers/Service
EP,Empire Petroleum Corporation Common Stock,$2.98,0.24,8.759%,105577848.00,United States,2022,146871,Energy,Oil & Gas Production
EP^C,El Paso Corporation Preferred Stock,$50.56,0.09,0.178%,,United States,,1991,,
EPAC,Enerpac Tool Group Corp. Common Stock,$35.71,0.91,2.615%,1840606565.00,United States,,465220,Technology,Industrial Machinery/Components
EPAM,EPAM Systems Inc. Common Stock,$131.34,4.53,3.572%,6888035938.00,United States,2012,1461793,Technology,EDP Services
EPC,Edgewell Personal Care Company Common Stock,$23.40,1.02,4.558%,1093168557.00,United States,,541688,Consumer Discretionary,Package Goods/Cosmetics
EPD,Enterprise Products Partners L.P. Common Stock,$36.67,-0.66,-1.768%,79271764246.00,United States,,8188841,Utilities,Natural Gas Distribution
EPM,Evolution Petroleum Corporation Inc. Common Stock,$4.13,-0.10,-2.364%,144565876.00,United States,,498952,Energy,Oil & Gas Production
EPOW,E-Power Inc. Class A Ordinary Shares,$0.781,0.0051,0.657%,21076808.00,China,2021,34377,Real Estate,Real Estate
EPR,EPR Properties Common Stock,$56.68,0.79,1.413%,4336221781.00,United States,1997,526367,Real Estate,Real Estate Investment Trusts
EPR^C,EPR Properties 5.75% Series C Cumulative Convertible Preferred Shares,$25.20,0.28,1.124%,,United States,,640,,
EPR^E,EPR Properties Series E Cumulative Conv Pfd Shs Ser E,$32.41,0.06,0.185%,,United States,,1375,,
EPR^G,EPR Properties 5.750% Series G Cumulative Redeemable Preferred Shares,$20.30,-0.06,-0.295%,,United States,,5629,,
EPRT,Essential Properties Realty Trust Inc. Common Stock,$33.50,0.63,1.917%,7045968570.00,United States,2018,2020472,Real Estate,Real Estate Investment Trusts
EPRX,Eupraxia Pharmaceuticals Inc. Common Stock,$7.10,-0.10,-1.389%,436672578.00,Canada,,85765,Health Care,Pharmaceuticals and Biotechnology
EPSM,Epsium Enterprise Limited Class A Ordinary Shares,$1.4265,0.0365,2.626%,19169356.00,Macau,2025,13878,Consumer Staples,Beverages (Production/Distribution)
EPSN,Epsilon Energy Ltd. Common Share,$5.82,-0.17,-2.838%,175996684.00,United States,,348433,Energy,Oil & Gas Production
EQ,Equillium Inc. Common Stock,$2.05,0.07,3.535%,129614440.00,United States,2018,156603,Health Care,Biotechnology: Pharmaceutical Preparations
EQBK,Equity Bancshares Inc. Class A Common Stock,$45.99,0.92,2.041%,965428473.00,United States,,126772,Finance,Major Banks
EQH,Equitable Holdings Inc. Common Stock,$41.73,-0.25,-0.596%,11698915405.00,United States,2018,3033831,Finance,Specialty Insurers
EQH^A,Equitable Holdings Inc. Depositary Shares,$20.26,-0.05,-0.246%,,United States,,42933,,
EQH^C,Equitable Holdings Inc. Depositary Shares each representing a 1/1000th interest in a share of Fixed Rate Noncumulative Perpetual Preferred Stock Series C,$16.54,-0.09,-0.541%,,United States,,25384,,
EQIX,Equinix Inc. Common Stock REIT,$1088.62,17.72,1.655%,107363500418.00,United States,2000,462999,Real Estate,Real Estate Investment Trusts
EQNR,Equinor ASA,$35.47,-2.80,-7.316%,88684613434.00,Norway,,13497227,Energy,Integrated oil Companies
EQPT,EquipmentShare.com Inc Class A Common Stock,$21.37,1.16,5.74%,5685427531.00,United States,2026,1483739,Consumer Discretionary,Diversified Commercial Services
EQR,Equity Residential Common Shares of Beneficial Interest,$62.68,2.19,3.62%,23484611387.00,United States,,3409133,Real Estate,Real Estate Investment Trusts
EQS,Equus Total Return Inc. Common Stock,$1.44,0.02,1.408%,20112042.00,United States,,13805,Finance,Finance/Investors Services
EQT,EQT Corporation Common Stock,$58.48,0.09,0.154%,36542288593.00,United States,,10515543,Energy,Oil & Gas Production
EQX,Equinox Gold Corp. Common Shares,$15.61,0.79,5.331%,12318494304.00,Canada,,7305564,Basic Materials,Precious Metals
ERAS,Erasca Inc. Common Stock,$19.01,0.78,4.279%,5908299388.00,United States,2021,5253738,Health Care,Biotechnology: Pharmaceutical Preparations
ERC,Allspring Multi-Sector Income Fund Common Stock,$9.28,0.02,0.216%,0.00,United States,2003,49559,Finance,Finance/Investors Services
ERH,Allspring Utilities and High Income Fund Common Shares,$12.52,0.02,0.16%,0.00,,2004,11734,Finance,Finance/Investors Services
ERIC,Ericsson American Depositary Shares,$11.37,-0.79,-6.497%,38332269227.00,Sweden,,44099784,Technology,Radio And Television Broadcasting And Communications Equipment
ERIE,Erie Indemnity Company Class A Common Stock,$244.81,3.54,1.467%,11308168044.00,United States,,255109,Finance,Specialty Insurers
ERII,Energy Recovery Inc. Common Stock,$10.58,0.13,1.244%,558927286.00,United States,2008,1744982,Technology,Industrial Machinery/Components
ERNA,Ernexa Therapeutics Inc. Common Stock,$0.2078,0.0108,5.482%,6058291.00,United States,,630646,Health Care,Biotechnology: Pharmaceutical Preparations
ERNAW,Ernexa Therapeutics Inc. Warrants,$0.035,0.00,0.00%,1020405.00,United States,,66,,
ERO,Ero Copper Corp. Common Shares,$28.95,-0.56,-1.898%,3018803691.00,Canada,2021,1457386,Basic Materials,Metal Mining
ES,Eversource Energy (D/B/A) Common Stock,$69.25,0.07,0.101%,26027290141.00,United States,,1650175,Utilities,Electric Utilities: Central
ESAB,ESAB Corporation Common Stock,$109.55,10.62,10.735%,6669570735.00,United States,2022,1095634,Industrials,Industrial Machinery/Components
ESCA,Escalade Incorporated Common Stock,$18.75,0.67,3.706%,256805831.00,United States,,34041,Consumer Discretionary,Recreational Games/Products/Toys
ESE,ESCO Technologies Inc. Common Stock,$314.92,15.10,5.036%,8155093369.00,United States,,453435,Telecommunications,Telecommunications Equipment
ESEA,Euroseas Ltd. Common Stock (Marshall Islands),$72.18,0.18,0.25%,505737254.00,Greece,,137795,Consumer Discretionary,Marine Transportation
ESHA,ESH Acquisition Corp. Class A Common Stock,$12.34,0.174,1.43%,0.00,United States,2023,379,Finance,Blank Checks
ESHAR,ESH Acquisition Corp. Right,$0.1802,0.00,0.00%,0.00,United States,2023,48,Finance,Blank Checks
ESI,Element Solutions Inc. Common Stock,$39.02,1.72,4.611%,9504429714.00,United States,2014,3052568,Industrials,Major Chemicals
ESLA,Estrella Immunopharma Inc. Common Stock,$1.88,0.22,13.253%,80210629.00,United States,2021,71100,Health Care,Biotechnology: Biological Products (No Diagnostic Substances)
ESLAW,Estrella Immunopharma Inc. Warrant,$0.10,0.0055,5.82%,4266523.00,United States,2021,608,Health Care,Biotechnology: Biological Products (No Diagnostic Substances)
ESLT,Elbit Systems Ltd. Ordinary Shares,$872.58,2.79,0.321%,40582764757.00,Israel,,113374,Industrials,Military/Government/Technical
ESNT,Essent Group Ltd. Common Shares,$62.05,1.17,1.922%,5833296859.00,Bermuda,2013,740804,Finance,Property-Casualty Insurers
ESOA,Energy Services of America Corporation Common Stock,$15.43,0.74,5.037%,257048972.00,United States,,141359,Industrials,Water Sewer Pipeline Comm & Power Line Construction
ESP,Espey Mfg. & Electronics Corp. Common Stock,$68.52,1.27,1.888%,202739922.00,United States,1960,28448,Technology,Industrial Machinery/Components
ESPR,Esperion Therapeutics Inc. Common Stock,$2.04,-0.01,-0.488%,523893383.00,United States,2013,6618021,Health Care,Biotechnology: Pharmaceutical Preparations
ESQ,Esquire Financial Holdings Inc. Common Stock,$115.96,3.37,2.993%,1001524372.00,United States,2017,172537,Finance,Commercial Banks
ESRT,Empire State Realty Trust Inc. Class A Common Stock,$5.50,0.04,0.733%,941819417.00,United States,2013,1084938,Real Estate,Real Estate Investment Trusts
ESS,Essex Property Trust Inc. Common Stock,$254.97,6.97,2.81%,16439733581.00,United States,1994,462719,Real Estate,Real Estate Investment Trusts
ESTA,Establishment Labs Holdings Inc. Common Shares,$67.08,2.57,3.984%,1971146538.00,Costa Rica,2018,589075,Health Care,Industrial Specialties
ESTC,Elastic N.V. Ordinary Shares,$47.56,-0.10,-0.21%,4922507940.00,United States,2018,2189618,Technology,Computer Software: Prepackaged Software
ET,Energy Transfer LP Common Units ,$18.86,-0.01,-0.053%,64884332885.00,United States,,13935062,Utilities,Natural Gas Distribution
ET^I,Energy Transfer L.P. Series I Fixed Rate Perpetual Preferred Units,$11.89,0.31,2.677%,,United States,,47961,,
ETB,Eaton Vance Tax-Managed Buy-Write Income Fund Eaton Vance Tax-Managed Buy-Write Income Fund Common Shares of Beneficial Interest,$15.28,0.01,0.065%,448794961.00,United States,2005,79156,Finance,Investment Bankers/Brokers/Service
ETD,Ethan Allen Interiors Inc. Common Stock,$22.70,0.56,2.529%,577631895.00,United States,,341397,Consumer Discretionary,Home Furnishings
ETG,Eaton Vance Tax-Advantaged Global Dividend Income Fund Common Shares of Beneficial Interest,$21.82,0.23,1.065%,0.00,United States,2004,129280,Finance,Investment Managers
ETHB,iShares Staked Ethereum Trust ETF Shares of Fractional Undivided Beneficial Interest,$31.28,0.91,2.996%,0.00,United States,,736068,Finance,Investment Bankers/Brokers/Service
ETHM,Dynamix Corporation Class A Ordinary Shares,$10.81,0.03,0.278%,0.00,United States,2024,357200,,
ETHMU,Dynamix Corporation Unit,$10.82,-0.02,-0.185%,0.00,United States,2024,754,,
ETHMW,Dynamix Corporation Warrant,$0.13,0.005,4.00%,0.00,United States,2024,75252,,
ETI^,Entergy Texas Inc 5.375% Series A Preferred Stock Cumulative No Par Value,$24.01,0.1255,0.525%,,United States,,5864,,
ETJ,Eaton Vance Risk-Managed Diversified Equity Income Fund Common Shares of Beneficial Interest,$8.49,0.00,0.00%,0.00,United States,2007,126687,Finance,Finance Companies
ETN,Eaton Corporation PLC Ordinary Shares,$406.21,13.48,3.432%,157603524961.00,Ireland,,2623788,Technology,Industrial Machinery/Components
ETO,Eaton Vance Tax-Advantage Global Dividend Opp Common Stock,$29.54,0.46,1.582%,484105597.00,United States,2004,37601,Finance,Investment Managers
ETON,Eton Pharmaceuticals Inc. Common Stock,$25.04,0.61,2.497%,683203655.00,United States,2018,276275,Health Care,Biotechnology: Pharmaceutical Preparations
ETOR,eToro Group Ltd. Class A Common Shares,$37.66,-0.34,-0.895%,3033374901.00,Israel,2025,1325616,Finance,Investment Bankers/Brokers/Service
ETR,Entergy Corporation Common Stock,$115.52,0.01,0.009%,52884898084.00,United States,,3754636,Utilities,Electric Utilities: Central
ETS,Elite Express Holding Inc. Class A Common Stock,$0.614,-0.0023,-0.373%,10264037.00,United States,2025,15287,Industrials,Trucking Freight/Courier Services
ETSY,Etsy Inc. Common Stock,$61.90,2.29,3.842%,5957700442.00,United States,2025,3263555,Real Estate,Real Estate
ETV,Eaton Vance Corporation Eaton Vance Tax-Managed Buy-Write Opportunities Fund Common Shares of Beneficial Interest,$14.51,0.04,0.276%,1585483744.00,United States,2005,120884,Finance,Investment Bankers/Brokers/Service
ETW,Eaton Vance Corporation Eaton Vance Tax-Managed Global Buy-Write Opportunites Fund Common Shares of Beneficial Interest,$9.35,0.04,0.43%,1024739299.00,United States,2005,287924,Finance,Investment Managers
ETX           ,Eaton Vance Municipal Income 2028 Term Trust Common Shares of Beneficial Interest,$18.57,0.03,0.162%,202133633.00,,2013,18527,Finance,Investment Managers
ETY,Eaton Vance Tax-Managed Diversified Equity Income Fund Common Shares of Beneficial Interest,$14.67,0.17,1.172%,0.00,United States,2006,266343,Finance,Finance Companies
EU,enCore Energy Corp. Common Shares,$2.10,-0.02,-0.943%,393224021.00,United States,,2427135,Basic Materials,Other Metals and Minerals
EUDA,EUDA Health Holdings Limited Ordinary Shares,$5.26,-0.68,-11.448%,13230873.00,Singapore,2021,3961,Health Care,Medical/Nursing Services
EUDAW,EUDA Health Holdings Limited Warrant,$0.0329,0.01,43.668%,82756.00,Singapore,2021,6027,Health Care,Medical/Nursing Services
EURK,Eureka Acquisition Corp Class A Ordinary Share,$11.30,0.00,0.00%,0.00,United States,2024,33,,
EURKR,Eureka Acquisition Corp Right,$0.34,-0.10,-22.727%,0.00,United States,2024,277,,
EVAC,EQV Ventures Acquisition Corp. II Class A Ordinary Shares,$10.12,0.01,0.099%,0.00,,2025,26859,Industrials,Fluid Controls
EVAX,Evaxion A/S American Depositary Share,$4.45,0.31,7.488%,37113957.00,Denmark,2021,116119,Health Care,Biotechnology: Biological Products (No Diagnostic Substances)
EVC,Entravision Communications Corporation Common Stock,$3.53,0.00,0.00%,324630873.00,United States,2000,389290,Industrials,Broadcasting
EVCM,EverCommerce Inc. Common Stock,$12.21,0.23,1.92%,2168091470.00,United States,2021,79999,Technology,Computer Software: Prepackaged Software
EVER,EverQuote Inc. Class A Common Stock,$16.10,-0.08,-0.494%,569509776.00,United States,2018,537817,Technology,Computer Software: Programming Data Processing
EVEX,Eve Holding Inc. Common Stock,$2.94,0.19,6.909%,1024015477.00,United States,2022,1770848,Industrials,Aerospace
EVF,Eaton Vance Senior Income Trust Common Stock,$5.02,0.02,0.40%,88045067.00,United States,1998,107292,Finance,Investment Bankers/Brokers/Service
EVG,Eaton Vance Short Diversified Income Fund Eaton Vance Short Duration Diversified Income Fund Common Shares of Beneficial Interest,$10.74,-0.03,-0.279%,0.00,United States,2005,34670,Finance,Investment Managers
EVGN,Evogene Ltd Ordinary Shares,$0.8005,0.0053,0.666%,7919958.00,Israel,,66559,Industrials,Agricultural Chemicals
EVGO,EVgo Inc. Class A Common Stock,$2.21,0.08,3.756%,693011796.00,United States,,4656641,Technology,EDP Services
EVGOW,EVgo Inc. Warrants,$0.025,-0.0021,-7.749%,7839500.00,United States,,31852,Technology,EDP Services
EVH,Evolent Health Inc Class A Common Stock,$2.84,-0.15,-5.017%,317052880.00,United States,2015,1809614,Consumer Discretionary,Other Consumer Services
EVI,EVI Industries Inc.  Common Stock,$21.49,0.74,3.566%,276407582.00,United States,1999,26951,Consumer Discretionary,Other Consumer Services
EVLV,Evolv Technologies Holdings Inc. Class A Common Stock,$6.48,0.02,0.31%,1162192789.00,United States,2020,2352159,Technology,Computer peripheral equipment
EVLVW,Evolv Technologies Holdings Inc. Warrant,$0.146,0.017,13.178%,26185208.00,United States,2020,998153,Technology,Computer peripheral equipment
EVMN,Evommune Inc. Common Stock,$27.45,0.68,2.54%,988704311.00,United States,2025,234658,Health Care,Biotechnology: Pharmaceutical Preparations
EVN,Eaton Vance Municipal Income Trust Common Stock,$10.61,0.03,0.284%,420868599.00,United States,1999,35552,Finance,Investment Managers
EVO,Evotec SE American Depositary Shares,$3.26,0.04,1.242%,289139248.00,Germany,2021,63488,Health Care,Biotechnology: Pharmaceutical Preparations
EVOX,Evolution Global Acquisition Corp Class A Ordinary Shares,$10.01,0.02,0.20%,0.00,United States,2025,430492,Finance,Blank Checks
EVOXU,Evolution Global Acquisition Corp Units,$10.17,-0.01,-0.098%,0.00,United States,2025,1150,Finance,Blank Checks
EVOXW,Evolution Global Acquisition Corp Warrants,$0.35,-0.04,-10.256%,0.00,United States,2025,2000,Finance,Blank Checks
EVR,Evercore Inc. Class A Common Stock,$362.91,5.39,1.508%,14373213134.00,United States,2006,508524,Finance,Investment Managers
EVRG,Evergy Inc. Common Stock,$82.37,0.37,0.451%,18968505353.00,United States,,1971675,Utilities,Power Generation
EVT,Eaton Vance Tax Advantaged Dividend Income Fund Common Shares of Beneficial Interest,$25.96,0.44,1.724%,0.00,United States,2003,63668,Finance,Finance Companies
EVTC,Evertec Inc. Common Stock,$30.68,0.26,0.855%,1890512154.00,Puerto Rico,2013,346475,Technology,EDP Services
EVTL,Vertical Aerospace Ltd. Ordinary Shares,$2.99,-0.35,-10.479%,305960732.00,,2021,10460799,Industrials,Aerospace
EVTV,Envirotech Vehicles Inc. Common Stock,$1.77,-0.10,-5.348%,22887373.00,United States,,472216,Consumer Discretionary,Auto Parts:O.E.M.
EVV,Eaton Vance Limited Duration Income Fund Common Shares of Beneficial Interest,$9.50,0.00,0.00%,0.00,United States,2003,275941,Finance,Finance/Investors Services
EW,Edwards Lifesciences Corporation Common Stock,$80.99,1.94,2.454%,46694111716.00,United States,,5555346,Health Care,Industrial Specialties
EWBC,East West Bancorp Inc. Common Stock,$118.02,2.11,1.82%,16166229951.00,United States,,810638,Finance,Major Banks
EWCZ,European Wax Center Inc. Class A Common Stock,$5.83,0.01,0.172%,317951153.00,United States,2021,427088,Consumer Discretionary,Other Consumer Services
EWTX,Edgewise Therapeutics Inc. Common Stock,$34.43,1.31,3.955%,3693324038.00,United States,2021,824033,Health Care,Biotechnology: Pharmaceutical Preparations
EXC,Exelon Corporation Common Stock,$47.02,-0.57,-1.198%,48109692779.00,United States,,15403729,Utilities,Power Generation
EXE,Expand Energy Corporation Common Stock,$95.82,-1.54,-1.582%,23034961273.00,United States,,4896087,Energy,Oil & Gas Production
EXEL,Exelixis Inc. Common Stock,$44.89,0.51,1.149%,11402426931.00,United States,2000,2496305,Health Care,Biotechnology: Biological Products (No Diagnostic Substances)
EXFY,Expensify Inc. Class A Common Stock,$0.8919,-0.0209,-2.29%,90101846.00,United States,2021,843408,Technology,Computer Software: Prepackaged Software
EXG,Eaton Vance Tax-Managed Global Diversified Equity Income Fund Common Shares of Beneficial Interest,$9.32,0.06,0.648%,0.00,United States,2007,491669,Finance,Finance Companies
EXK,Endeavour Silver Corporation Ordinary Shares (Canada),$10.18,0.46,4.733%,3007280061.00,Canada,,7978305,Basic Materials,Precious Metals
EXLS,ExlService Holdings Inc. Common Stock,$31.86,0.38,1.207%,4982384937.00,United States,2006,1313618,Real Estate,Real Estate
EXOD,Exodus Movement Inc. Class A Common Stock,$7.98,0.70,9.615%,237912704.00,United States,,88217,Finance,Finance: Consumer Services
EXOZ,eXoZymes Inc. Common Stock,$10.60,0.10,0.952%,89771294.00,United States,2024,1620,Health Care,Biotechnology: Biological Products (No Diagnostic Substances)
EXP,Eagle Materials Inc Common Stock,$201.28,3.72,1.883%,6326660737.00,United States,,477250,Industrials,Building Materials
EXPD,Expeditors International of Washington Inc. Common Stock,$147.30,0.29,0.197%,19588544231.00,United States,,1259033,Industrials,Integrated Freight & Logistics
EXPE,Expedia Group Inc. Common Stock,$265.84,11.41,4.485%,32574670638.00,United States,,1881071,Consumer Discretionary,Transportation Services
EXPI,eXp World Holdings Inc. Common Stock,$6.67,0.36,5.705%,1079826950.00,United States,,805755,Finance,Real Estate
EXPO,Exponent Inc. Common Stock,$68.05,-0.07,-0.103%,3351757769.00,United States,,875292,Consumer Discretionary,Professional Services
EXR,Extra Space Storage Inc Common Stock,$145.36,3.72,2.626%,30699642435.00,United States,2004,1140663,Real Estate,Real Estate Investment Trusts
EXTR,Extreme Networks Inc. Common Stock,$17.99,0.49,2.80%,2415509025.00,United States,1999,1652458,Telecommunications,Computer Communications Equipment
EYE,National Vision Holdings Inc. Common Stock,$25.68,0.81,3.257%,2039946911.00,United States,2017,1591429,Health Care,Ophthalmic Goods
EYPT,EyePoint Inc. Common Stock,$14.93,0.12,0.81%,1245639014.00,United States,,1264341,Industrials,Biotechnology: Laboratory Analytical Instruments
EZGO,EZGO Technologies Ltd. Ordinary Shares,$1.38,0.045,3.371%,28820948.00,China,2021,7158,Consumer Discretionary,Motor Vehicles
EZPW,EZCORP Inc. Class A Non Voting Common Stock,$30.54,0.55,1.834%,1884233221.00,United States,1991,460213,Consumer Discretionary,Other Specialty Stores
EZRA,Reliance Global Group Inc. Common Stock,$0.195,-0.0146,-6.966%,4144338.00,United States,,1125958,Finance,Specialty Insurers
F,Ford Motor Company Common Stock,$12.87,0.43,3.457%,51622628699.00,United States,,45691590,Industrials,Auto Manufacturing
F^B,Ford Motor Company 6.20% Notes due June 1 2059,$20.77,0.12,0.581%,,United States,,54286,,
F^C,Ford Motor Company 6% Notes due December 1 2059,$20.1601,0.0401,0.199%,,United States,,62121,,
F^D,Ford Motor Company 6.500% Notes due August 15 2062,$21.9999,0.1499,0.686%,,United States,,42241,,
FA,First Advantage Corporation Common Stock,$12.51,0.43,3.56%,2180732154.00,United States,2021,1223078,Technology,EDP Services
FACT,FACT II Acquisition Corp. Class A Ordinary Shares,$10.56,0.00,0.00%,0.00,United States,2024,134073,,
FACTU,FACT II Acquisition Corp. Unit,$10.82,0.00,0.00%,0.00,United States,2024,38,Finance,Blank Checks
FACTW,FACT II Acquisition Corp. Warrant,$0.61,0.03,5.172%,0.00,United States,2024,38439,Finance,Blank Checks
FAF,First American Corporation (New) Common Stock,$66.00,2.18,3.416%,6752025060.00,United States,,1019336,Finance,Specialty Insurers
FAMI,Farmmi Inc. Class A Ordinary Shares,$1.26,0.06,5.00%,17407162.00,China,2018,289393,Consumer Staples,Packaged Foods
FANG,Diamondback Energy Inc. Common Stock,$180.27,-6.38,-3.418%,50712065567.00,United States,2012,6168550,Energy,Oil & Gas Production
FARM,Farmer Brothers Company Common Stock,$1.26,0.00,0.00%,27376218.00,United States,,31928,Consumer Staples,Packaged Foods
FAST,Fastenal Company Common Stock,$45.78,1.06,2.37%,52565166602.00,United States,1987,9088138,Consumer Discretionary,RETAIL: Building Materials
FATE,Fate Therapeutics Inc. Common Stock,$1.39,0.02,1.46%,161606208.00,United States,2013,2020104,Health Care,Biotechnology: Biological Products (No Diagnostic Substances)
FATN,FatPipe Inc. Common Stock,$2.18,0.05,2.347%,30355340.00,United States,2025,72092,Technology,Computer Software: Prepackaged Software
FAX,abrdn Asia-Pacific Income Fund Inc. Common Stock,$15.11,0.11,0.733%,0.00,United States,1986,247530,Finance,Investment Managers
FBGL,FBS Global Limited Ordinary Shares,$0.6159,-0.003,-0.485%,8314650.00,Singapore,2025,128141,Consumer Discretionary,Miscellaneous manufacturing industries
FBIN,Fortune Brands Innovations Inc. Common Stock,$40.43,2.15,5.617%,4845311356.00,United States,,2507567,Basic Materials,Forest Products
FBIO,Fortress Biotech Inc. Common Stock,$2.36,0.01,0.426%,75998051.00,United States,,420268,Health Care,Biotechnology: Pharmaceutical Preparations
FBIOP,Fortress Biotech Inc. 9.375% Series A Cumulative Redeemable Perpetual Preferred Stock,$13.26,0.14,1.067%,427005999.00,United States,,13096,Health Care,Biotechnology: Pharmaceutical Preparations
FBIZ,First Business Financial Services Inc. Common Stock,$59.33,1.39,2.399%,494979926.00,United States,,75296,Finance,Major Banks
FBK,FB Financial Corporation Common Stock,$54.00,0.75,1.408%,2799553266.00,United States,2016,627696,Finance,Major Banks
FBLA,FB Bancorp Inc. Common Stock,$14.07,0.09,0.644%,250754822.00,United States,2024,259258,Finance,Banks
FBLG,FibroBiologics Inc. Common Stock,$1.53,0.01,0.658%,5374653.00,United States,,705160,Health Care,Biotechnology: Pharmaceutical Preparations
FBNC,First Bancorp Common Stock,$59.51,1.58,2.727%,2465477936.00,United States,1987,233796,Finance,Major Banks
FBP,First BanCorp. New Common Stock,$23.23,0.49,2.155%,3617291159.00,Puerto Rico,,1233225,Finance,Major Banks
FBRT,Franklin BSP Realty Trust Inc. Common Stock,$9.13,0.31,3.515%,739217690.00,United States,2021,728655,Real Estate,Real Estate Investment Trusts
FBRT^E,Franklin BSP Realty Trust Inc. 7.50% Series E Cumulative Redeemable Preferred Stock,$19.86,-0.08,-0.401%,,United States,,28020,,
FBRX,Forte Biosciences Inc. Common Stock,$33.92,2.49,7.922%,471001859.00,United States,2017,445169,Health Care,Biotechnology: Pharmaceutical Preparations
FBYD,Falcon's Beyond Global Inc. Class A Common Stock,$13.57,1.52,12.614%,1645256817.00,United States,,81524,Consumer Discretionary,Services-Misc. Amusement & Recreation
FBYDW,Falcon's Beyond Global Inc. Warrants,$1.90,-0.0065,-0.341%,230360203.00,United States,,2416,Consumer Discretionary,Services-Misc. Amusement & Recreation
FC,Franklin Covey Company Common Stock,$23.58,0.51,2.211%,265804230.00,United States,,138745,Consumer Discretionary,Other Consumer Services
FCAP,First Capital Inc. Common Stock,$54.50,1.87,3.553%,182331440.00,United States,,4101,Finance,Savings Institutions
FCBC,First Community Bankshares Inc. (VA) Common Stock,$43.31,1.08,2.557%,826139463.00,United States,,75947,Finance,Major Banks
FCCO,First Community Corporation Common Stock,$31.15,0.74,2.433%,292313002.00,United States,,182305,Finance,Major Banks
FCEL,FuelCell Energy Inc. Common Stock,$7.25,-0.10,-1.361%,345651312.00,United States,,1573902,Energy,Industrial Machinery/Components
FCF,First Commonwealth Financial Corporation Common Stock,$18.81,0.21,1.129%,1922497606.00,United States,,787903,Finance,Major Banks
FCFS,FirstCash Holdings Inc. Common Stock,$206.77,-0.26,-0.126%,9064111771.00,United States,1991,504875,Consumer Discretionary,Other Specialty Stores
FCHL,Fitness Champs Holdings Limited Common Stock,$0.3584,-1.1916,-76.877%,406187.00,Singapore,2025,8949728,Consumer Discretionary,Services-Misc. Amusement & Recreation
FCN,FTI Consulting Inc. Common Stock,$179.50,-2.75,-1.509%,5489450512.00,United States,1999,340953,Consumer Discretionary,Professional Services
FCNCA,First Citizens BancShares Inc. Class A Common Stock,$2030.16,48.63,2.454%,24023094417.00,United States,,69147,Finance,Major Banks
FCNCN,First Citizens BancShares Inc. Depositary Shares each representing a 1/40th interest in a share of 6.625% Non-Cumulative Perpetual Preferred Stock Series E,$25.10,-0.03,-0.119%,297010910.00,United States,,46982,Finance,Major Banks
FCNCO,First Citizens BancShares Inc. 5.625% Non-Cumulative Perpetual Preferred Stock Series C,$21.58,0.04,0.186%,255358384.00,United States,,8385,Finance,Major Banks
FCNCP,First Citizens BancShares Inc. Depositary Shares,$21.30,0.11,0.519%,252045115.00,United States,,9236,Finance,Major Banks
FCO,abrdn Global Income Fund Inc. Common Stock,$2.85,0.04,1.423%,0.00,United States,1992,178429,Finance,Investment Managers
FCPT,Four Corners Property Trust Inc. Common Stock,$25.65,0.53,2.11%,2814960327.00,United States,2015,762575,Real Estate,Real Estate Investment Trusts
FCRS,FutureCrest Acquisition Corp. Class A Ordinary Shares,$10.08,-0.01,-0.099%,0.00,,2025,85746,Finance,Blank Checks
FCRX,Crescent Capital BDC Inc. 5.00% Notes due 2026,$25.02,0.02,0.08%,927279906.00,United States,2023,270,Finance,Finance: Consumer Services
FCT,First Trust Senior Floating Rate Income Fund II Common Shares of Beneficial Interest,$9.79,0.04,0.41%,0.00,United States,2004,45850,Finance,Finance Companies
FCUV,Focus Universal Inc. Common Stock,$1.89,-0.20,-9.569%,1937505.00,United States,,121084,Industrials,Industrial Machinery/Components
FCX,Freeport-McMoRan Inc. Common Stock,$70.21,1.93,2.827%,100905924757.00,United States,,20212818,Basic Materials,Metal Mining
FDBC,Fidelity D & D Bancorp Inc. Common Stock,$45.66,1.66,3.773%,268424045.00,United States,,8964,Finance,Major Banks
FDMT,4D Molecular Therapeutics Inc. Common Stock,$10.49,0.43,4.274%,535530099.00,United States,2020,894958,Health Care,Biotechnology: Biological Products (No Diagnostic Substances)
FDP,Fresh Del Monte Produce Inc. Common Stock,$42.01,0.63,1.522%,1996783149.00,Cayman Islands,1997,238478,Consumer Staples,Farming/Seeds/Milling
FDS,FactSet Research Systems Inc. Common Stock,$232.73,0.88,0.38%,8478616187.00,United States,2000,761099,Technology,Computer Software: Programming Data Processing
FDSB,Fifth District Bancorp Inc. Common Stock,$14.92,-0.11,-0.732%,78983511.00,United States,2024,6383,Finance,Savings Institutions
FDUS,Fidus Investment Corporation Common Stock,$18.92,0.37,1.995%,718096567.00,United States,2011,336680,Finance,Finance/Investors Services
FDX,FedEx Corporation Common Stock,$392.38,11.50,3.019%,93624518919.00,United States,,2326482,Consumer Discretionary,Air Freight/Delivery Services
FE,FirstEnergy Corp. Common Stock,$50.10,-0.48,-0.949%,28977772365.00,United States,,5109512,Utilities,Electric Utilities: Central
FEAM,5E Advanced Materials Inc. Common Stock,$1.57,-0.02,-1.258%,65173656.00,United States,,556168,Industrials,Mining & Quarrying of Nonmetallic Minerals (No Fuels)
FEBO,Fenbo Holdings Limited Class A Ordinary Shares,$1.12,-0.12,-9.677%,12390000.00,Hong Kong,2023,1166,Consumer Discretionary,Home Furnishings
FEDU,Four Seasons Education (Cayman) Inc. American Depositary Shares each ADS representing 10 ordinary shares,$10.65,0.50,4.926%,24069618.00,,2017,436,Real Estate,Other Consumer Services
FEED,ENvue Medical Inc. Common Stock,$1.58,-0.02,-1.25%,5847435.00,United States,,228216,Health Care,Industrial Specialties
FEIM,Frequency Electronics Inc. Common Stock,$57.10,-1.60,-2.726%,561974032.00,United States,,117662,Industrials,Electrical Products
FELE,Franklin Electric Co. Inc. Common Stock,$101.68,2.56,2.583%,4490721095.00,United States,,714542,Consumer Discretionary,Metal Fabrications
FEMY,Femasys Inc. Common Stock,$0.4239,0.0029,0.689%,25599612.00,United States,2021,312598,Health Care,Medical/Dental Instruments
FENC,Fennec Pharmaceuticals Inc. Common Stock,$6.79,0.49,7.778%,231966770.00,United States,,216531,Health Care,Biotechnology: Biological Products (No Diagnostic Substances)
FENG,Phoenix New Media Limited American Depositary Shares each representing 48 Class A ordinary shares.,$1.77,-0.02,-1.117%,21259074.00,China,2011,8380,Industrials,Broadcasting
FER,Ferrovial SE Ordinary Shares,$72.05,2.01,2.87%,51836931032.00,Netherlands,,1813481,Industrials,Military/Government/Technical
FERA,Fifth Era Acquisition Corp I Class A Ordinary Shares,$10.34,0.00,0.00%,0.00,Cayman Islands,2025,464943,,
FERAR,Fifth Era Acquisition Corp I Rights,$0.26,0.01,4.00%,0.00,Cayman Islands,2025,269313,,
FERG,Ferguson Enterprises Inc. Common Stock,$260.49,3.44,1.338%,50937766339.00,United Kingdom,2021,1816590,Miscellaneous,Miscellaneous
FET,Forum Energy Technologies Inc. Common Stock,$56.09,-4.10,-6.812%,635424371.00,United States,2012,249963,Consumer Discretionary,Oil and Gas Field Machinery
FF,FutureFuel Corp.  Common shares,$4.21,0.14,3.44%,184665364.00,United States,,440956,Industrials,Major Chemicals
FFA,First Trust Enhanced Equity Income Fund Common Shares of Beneficial Interest,$22.06,0.23,1.054%,0.00,United States,2004,22601,Finance,Investment Managers
FFAI,Faraday Future Intelligent Electric Inc. Class A Common Stock,$0.2971,-0.0044,-1.459%,73909974.00,United States,2020,30392731,Industrials,Auto Manufacturing
FFAIW,Faraday Future Intelligent Electric Inc. Warrant,$0.0189,0.0005,2.717%,4701779.00,United States,2020,268783,Industrials,Auto Manufacturing
FFBC,First Financial Bancorp. Common Stock,$29.76,0.82,2.833%,3112482128.00,United States,,4509937,Finance,Major Banks
FFC,Flaherty & Crumrine Preferred and Income Securities Fund Incorporated,$16.23,0.17,1.059%,0.00,United States,2003,118934,Finance,Trusts Except Educational Religious and Charitable
FFIC,Flushing Financial Corporation Common Stock,$16.29,0.42,2.647%,551964268.00,United States,,324192,Finance,Major Banks
FFIN,First Financial Bankshares Inc. Common Stock,$32.47,1.51,4.877%,4650632707.00,United States,,885119,Finance,Major Banks
FFIV,F5 Inc. Common Stock,$310.87,2.81,0.912%,17570146398.00,United States,1999,606887,Telecommunications,Computer Communications Equipment
FG,F&G Annuities & Life Inc. Common Stock,$27.11,0.81,3.08%,3676390299.00,United States,2022,404120,Finance,Life Insurance
FGBI,First Guaranty Bancshares Inc. Common Stock,$9.81,0.11,1.134%,154933578.00,United States,,7465,Finance,Savings Institutions
FGBIP,First Guaranty Bancshares Inc. 6.75% Series A Fixed-Rate Non-Cumulative Perpetual Preferred Stock,$16.78,0.09,0.539%,265013806.00,United States,,3066,Finance,Savings Institutions
FGI,FGI Industries Ltd. Ordinary Shares,$6.50,1.66,34.298%,12527619.00,United States,2022,463609,Industrials,Industrial Specialties
FGII,FG Imperii Acquisition Corp. Class A Ordinary Shares,$9.86,-0.04,-0.404%,0.00,United States,2026,25112,Finance,Blank Checks
FGIIU,FG Imperii Acquisition Corp. Units,$9.95,0.00,0.00%,0.00,United States,2026,49,Finance,Blank Checks
FGIIW,FG Imperii Acquisition Corp. Warrants,$0.1986,-0.0213,-9.686%,0.00,United States,2026,1400,Finance,Blank Checks
FGIWW,FGI Industries Ltd. Warrant,$0.0286,0.0014,5.147%,55122.00,United States,2022,1800,Industrials,Industrial Specialties
FGL,Founder Group Limited Class A Ordinary Shares,$1.91,-0.11,-5.446%,847030.00,Malaysia,2024,78738,Consumer Discretionary,Engineering & Construction
FGMC,FG Merger II Corp. Common stock,$10.14,0.01,0.099%,103837636.00,United States,2025,40935,,
FGMCR,FG Merger II Corp. Rights,$0.52,0.0199,3.979%,0.00,United States,2025,12025,,
FGN,F&G Annuities & Life Inc. 7.950% Senior Notes due 2053,$25.01,0.08,0.321%,3153724685.00,United States,2023,35850,Finance,Life Insurance
FGNX,FG Nexus Inc. Common Stock ,$6.62,0.38,6.09%,43229970.00,United States,2014,47714,Finance,Property-Casualty Insurers
FGNXP,FG Nexus Inc. 8.00% Cumulative Preferred Stock,$25.0001,0.00,0.00%,163255828.00,United States,,63,Finance,Property-Casualty Insurers
FGSN,F&G Annuities & Life Inc. 7.300% Junior Subordinated Notes due 2065,$20.99,-0.18,-0.85%,0.00,United States,2025,32508,Finance,Life Insurance
FHB,First Hawaiian Inc. Common Stock,$26.82,0.59,2.249%,3290525846.00,United States,2016,1828601,Finance,Major Banks
FHI,Federated Hermes Inc. Common Stock,$56.69,-0.26,-0.457%,4306493606.00,United States,,870647,Finance,Investment Managers
FHN,First Horizon Corporation Common Stock,$24.29,0.31,1.293%,11601534957.00,United States,,8668833,Finance,Major Banks
FHN^C,First Horizon Corporation Depositary Shares each representing a 1/400th interest in a share of Non-Cumulative Perpetual Preferred Stock Series C,$24.96,0.0001,0.00%,,United States,,33312,,
FHN^E,First Horizon Corporation Depositary Shares each representing a 1/4000th interest in a share of Non-Cumulative Perpetual Preferred Stock Series E,$24.65,0.09,0.366%,,United States,,5570,,
FHN^F,First Horizon Corporation Depositary Shares each representing 1/4000th Interest in a Share of Non-Cumulative Perpetual Preferred Stock Series F,$17.95,0.18,1.013%,,United States,,3668,,
FHN^H,First Horizon Corporation Depositary Shares each representing a 1/4000th interest in a share of Non-Cumulative Perpetual Preferred Stock Series H,$25.01,0.00,0.00%,,United States,,109607,,
FHTX,Foghorn Therapeutics Inc. Common Stock,$5.29,0.43,8.848%,310524301.00,United States,2020,153666,Health Care,Biotechnology: Pharmaceutical Preparations
FIBK,First Interstate BancSystem Inc. Common Stock (DE),$34.62,0.85,2.517%,3376011502.00,United States,2010,1429624,Finance,Major Banks
FICO,Fair Isaac Corporation Common Stock,$1073.52,3.59,0.336%,25466185292.00,United States,,282261,Real Estate,Real Estate
FIEE,FiEE Inc Common Stock,$7.56,-0.14,-1.818%,59981962.00,United States,,17259,Utilities,Telecommunications Equipment
FIG,Figma Inc. Class A Common Stock,$18.92,-1.40,-6.89%,9870868763.00,United States,2025,37323230,Technology,Computer Software: Prepackaged Software
FIGR,Figure Technology Solutions Inc. Class A Common Stock,$36.67,0.94,2.631%,7933566454.00,U.S. Virgin Islands,2025,6736345,Finance,Finance: Consumer Services
FIGS,FIGS Inc. Class A Common Stock,$16.17,0.11,0.685%,2690318063.00,United States,2021,2311309,Consumer Discretionary,Apparel
FIHL,Fidelis Insurance Holdings Limited Common Shares,$20.97,0.77,3.812%,1813488641.00,Bermuda,2023,475825,Finance,Property-Casualty Insurers
FINS,Angel Oak Financial Strategies Income Term Trust Common Shares of Beneficial Interest,$12.93,0.12,0.937%,324059909.00,,2019,37953,Finance,Finance/Investors Services
FINV,FinVolution Group American Depositary Shares,$4.80,-0.01,-0.208%,1216386533.00,United States,2017,1283025,Finance,Finance: Consumer Services
FINW,FinWise Bancorp Common Stock,$17.23,0.83,5.061%,235652281.00,United States,2021,15456,Finance,Major Banks
FIP,FTAI Infrastructure Inc. Common Stock ,$5.80,-0.19,-3.172%,685348619.00,United States,,799575,Energy,Oil Refining/Marketing
FIS,Fidelity National Information Services Inc. Common Stock,$48.50,-0.12,-0.247%,24948578868.00,United States,,5418444,Real Estate,Real Estate
FISI,Financial Institutions Inc. Common Stock,$35.13,0.89,2.599%,691526181.00,United States,1999,107418,Finance,Major Banks
FISV,Fiserv Inc. Common Stock,$63.97,1.53,2.45%,34095944687.00,United States,1986,5158127,Real Estate,Real Estate
FITB,Fifth Third Bancorp Common Stock,$50.34,0.82,1.656%,45586066489.00,United States,,11699260,Finance,Major Banks
FITBI,Fifth Third Bancorp Depositary Shares,$25.33,0.01,0.039%,22937923404.00,United States,,55936,Finance,Major Banks
FITBM,Fifth Third Bancorp Depositary Shares Representing a 1/40th Ownership Interest in a Share of 6.875% Fixed-Rate Reset Non-Cumulative Perpetual Preferred Stock Series M,$25.90,0.07,0.271%,23454094598.00,United States,,10163,Finance,Major Banks
FITBO,Fifth Third Bancorp Depositary Shares each representing a 1/1000th ownership interest in a share of Non-Cumulative Perpetual Preferred Stock Series K,$19.43,0.05,0.258%,17595098766.00,United States,,7579,Finance,Major Banks
FITBP,Fifth Third Bancorp Depositary Shares each representing 1/40th share of Fifth Third 6.00% Non-Cumulative Perpetual Class B Preferred Stock Series A,$24.20,0.15,0.624%,21914636652.00,United States,,8109,Finance,Major Banks
FIVE,Five Below Inc. Common Stock,$236.26,11.20,4.976%,13050632417.00,United States,2012,1723912,Consumer Discretionary,Department/Specialty Retail Stores
FIVN,Five9 Inc. Common Stock,$15.78,0.10,0.638%,1208179731.00,United States,2014,2013657,Technology,EDP Services
FIX,Comfort Systems USA Inc. Common Stock,$1650.47,44.50,2.771%,58070082014.00,United States,1997,436240,Industrials,Engineering & Construction
FIZZ,National Beverage Corp. Common Stock,$34.31,0.53,1.569%,3212517420.00,United States,,217844,Consumer Staples,Beverages (Production/Distribution)
FJET,Starfighters Space Inc. Common Stock,$6.30,-0.42,-6.25%,278296024.00,United States,2025,1862428,Consumer Discretionary,Air Freight/Delivery Services
FKWL,Franklin Wireless Corp. Common Stock,$3.79,0.13,3.552%,44662421.00,United States,,15114,Utilities,Telecommunications Equipment
FLC,Flaherty & Crumrine Total Return Fund Inc Common Stock,$17.28,0.16,0.935%,0.00,United States,2003,23855,Finance,Trusts Except Educational Religious and Charitable
FLD,Fold Holdings Inc. Class A Common Stock,$1.56,0.41,35.652%,78340893.00,United States,2025,438265,Finance,Finance: Consumer Services
FLDDW,Fold Holdings Inc. Warrant,$0.14,0.02,16.667%,7030593.00,United States,2025,30695,Finance,Finance: Consumer Services
FLEX,Flex Ltd. Ordinary Shares,$81.83,1.91,2.39%,30086757201.00,Singapore,1994,3235759,Technology,Electrical Products
FLG,Flagstar Bank N.A. Common Stock,$14.65,0.40,2.807%,6094298637.00,United States,,5072841,Finance,Banks
FLG^A,Flagstar Bank N.A. Depositary shares each representing a 1/40th interest in a share of Fixed-to-Floating Rate Series A Noncumulative Perpetual Preferred Stock,$23.04,0.10,0.436%,,United States,,22645,,
FLG^U,Flagstar Bank N.A. Bifurcated Option Note Unit SecuritiES,$40.45,0.0288,0.071%,,United States,,6069,,
FLGT,Fulgent Genetics Inc. Common Stock,$16.26,0.13,0.806%,483693049.00,United States,2016,377252,Health Care,Medical Specialities
FLL,Full House Resorts Inc. Common Stock,$2.61,0.22,9.205%,94461976.00,United States,,183322,Consumer Discretionary,Hotels/Resorts
FLNA,Filana Therapeutics Inc. Common Stock,$1.73,-0.03,-1.705%,83572660.00,United States,,463005,Health Care,Biotechnology: Pharmaceutical Preparations
FLNC,Fluence Energy Inc. Class A Common Stock,$13.535,-1.445,-9.646%,2489563920.00,United States,2021,7616717,Miscellaneous,Industrial Machinery/Components
FLNG,FLEX LNG Ltd. Ordinary Shares,$30.85,-0.31,-0.995%,1668749800.00,,2019,521803,Consumer Discretionary,Marine Transportation
FLNT,Fluent Inc. Common Stock,$3.59,0.11,3.161%,107018460.00,United States,,11274,Consumer Discretionary,Advertising
FLO,Flowers Foods Inc. Common Stock,$8.51,-0.06,-0.70%,1802898534.00,United States,,3870402,Consumer Staples,Packaged Foods
FLOC,Flowco Holdings Inc. Class A Common Stock,$23.67,0.44,1.894%,2138291087.00,United States,2025,950959,Consumer Discretionary,Oil and Gas Field Machinery
FLR,Fluor Corporation Common Stock,$48.56,0.68,1.42%,6974550963.00,United States,,2151400,Industrials,Military/Government/Technical
FLS,Flowserve Corporation Common Stock,$83.82,5.99,7.696%,10711811518.00,United States,,3651722,Industrials,Fluid Controls
FLUT,Flutter Entertainment plc Ordinary Shares,$110.08,1.02,0.935%,19283937029.00,Ireland,2024,5473785,Technology,Computer Software: Programming Data Processing
FLUX,Flux Power Holdings Inc. Common Stock,$1.35,0.15,12.50%,28809182.00,United States,,432241,Miscellaneous,Industrial Machinery/Components
FLWS,1-800-FLOWERS.COM Inc. Common Stock,$3.875,0.235,6.456%,248254994.00,United States,1999,463978,Consumer Discretionary,Other Specialty Stores
FLX,BingEx Limited American Depositary Shares,$2.79,0.22,8.56%,198452449.00,China,2024,221166,Industrials,Trucking Freight/Courier Services
FLXS,Flexsteel Industries Inc. Common Stock,$46.64,1.83,4.084%,249314586.00,United States,,60187,Consumer Discretionary,Home Furnishings
FLY,Firefly Aerospace Inc. Common Stock,$43.72,-0.45,-1.019%,6993118360.00,United States,2025,7749943,Industrials,Military/Government/Technical
FLYE,Fly-E Group Inc. Common Stock,$2.08,-0.12,-5.455%,3395363.00,United States,2024,12648,Industrials,Aerospace
FLYW,Flywire Corporation Voting Common Stock,$13.61,0.18,1.34%,1649590496.00,United States,2021,1609655,Real Estate,Real Estate
FLYX,flyExclusive Inc. Class A Common Stock,$2.85,-0.26,-8.36%,271097016.00,,2023,2910263,Consumer Discretionary,Transportation Services
FMACU,Future Money Acquisition Corporation Units,$10.02,0.00,0.00%,0.00,United States,2026,44,Finance,Blank Checks
FMAO,Farmers & Merchants Bancorp Inc. Common Stock,$27.37,0.59,2.203%,376284785.00,United States,,54197,Finance,Savings Institutions
FMBH,First Mid Bancshares Inc. Common Stock,$43.67,0.84,1.961%,1162596278.00,United States,,107762,Finance,Major Banks
FMC,FMC Corporation Common Stock,$17.17,-0.41,-2.332%,2147023217.00,United States,,2477856,Industrials,Major Chemicals
FMFC,Kandal M Venture Limited Class A Ordinary Shares,$0.421,-0.0401,-8.697%,8049520.00,Cambodia,2025,275757,Consumer Discretionary,Apparel
FMN,Federated Hermes Premier Municipal Income Fund,$11.33,0.05,0.443%,977267451.00,United States,2002,65203,Finance,Investment Managers
FMNB,Farmers National Banc Corp. Common Stock,$14.17,0.26,1.869%,534758215.00,United States,,338851,Finance,Major Banks
FMS,Fresenius Medical Care AG American Depositary Shares (Each representing 1/2 of an Ordinary Share),$23.41,0.64,2.811%,13076305596.00,Germany,,718492,Health Care,Misc Health and Biotechnology Services
FMST,Foremost Clean Energy Ltd. Common Shares,$1.91,0.06,3.243%,31099409.00,Canada,,136624,Basic Materials,Other Metals and Minerals
FMSTW,Foremost Clean Energy Ltd. Warrant,$0.8999,-0.0631,-6.552%,14652543.00,Canada,,22640,Basic Materials,Other Metals and Minerals
FMX,Fomento Economico Mexicano S.A.B. de C.V. Common Stock,$117.72,0.76,0.65%,40919765711.00,Mexico,,335341,Consumer Staples,Beverages (Production/Distribution)
FMY,First Trust Mortgage Income Fund Common Shares of Beneficial Interest,$12.065,0.0587,0.489%,0.00,United States,2005,1392,Finance,Finance/Investors Services
FN,Fabrinet Ordinary Shares,$689.89,17.25,2.565%,24716079857.00,Cayman Islands,2010,565363,Utilities,Telecommunications Equipment
FNB,F.N.B. Corporation Common Stock,$17.94,0.54,3.103%,6375514958.00,United States,,13787976,Finance,Major Banks
FND,Floor & Decor Holdings Inc. Common Stock,$54.07,1.39,2.639%,5832818012.00,United States,2017,3342110,Consumer Discretionary,RETAIL: Building Materials
FNF,Fidelity National Financial Inc. Common Stock,$49.70,1.58,3.283%,13475537428.00,United States,2014,3422688,Finance,Specialty Insurers
FNGR,FingerMotion Inc. Common Stock,$1.06,-0.02,-1.852%,64958186.00,United States,,142496,Technology,Computer Software: Prepackaged Software
FNKO,Funko Inc. Class A Common Stock,$4.37,0.20,4.796%,242691796.00,United States,2017,529940,Consumer Discretionary,Recreational Games/Products/Toys
FNLC,First Bancorp Inc  (ME) Common Stock,$29.42,0.75,2.616%,331572785.00,United States,,26626,Finance,Major Banks
FNUC,Frontier Nuclear and Minerals Inc. Common Shares,$2.70,-0.09,-3.226%,48670926.00,Canada,2021,218914,Basic Materials,Other Metals and Minerals
FNV,Franco-Nevada Corporation,$262.50,4.72,1.831%,50403718313.00,Canada,,730783,Basic Materials,Precious Metals
FNWB,First Northwest Bancorp Common Stock,$10.09,0.16,1.611%,95847937.00,United States,2015,36589,Finance,Banks
FNWD,Finward Bancorp Common Stock,$34.78,0.12,0.346%,150614303.00,United States,,5323,Finance,Major Banks
FOA,Finance of America Companies Inc. Class A Common Stock,$23.34,1.39,6.333%,199602070.00,United States,2021,73679,Finance,Finance: Consumer Services
FOF,Cohen & Steers Closed-End Opportunity Fund Inc. Common Stock,$13.65,0.10,0.738%,670742272.00,United States,2006,60919,Finance,Investment Managers
FOFO,Hang Feng Technology Innovation Co. Ltd. Ordinary Shares,$3.68,-0.49,-11.751%,24527200.00,Hong Kong,2025,83355,Consumer Discretionary,Professional Services
FOLD,Amicus Therapeutics Inc. Common Stock,$14.46,0.01,0.069%,4540450296.00,United States,2007,2211463,Health Care,Biotechnology: Pharmaceutical Preparations
FONR,Fonar Corporation Common Stock,$18.80,0.04,0.213%,123246540.00,United States,1981,61602,Health Care,Biotechnology: Electromedical & Electrotherapeutic Apparatus
FOR,Forestar Group Inc Common Stock ,$26.63,0.68,2.62%,1355256090.00,United States,2017,114570,Finance,Real Estate
FORA,Forian Inc. Common Stock,$2.15,-0.01,-0.463%,67098815.00,United States,,35041,Technology,EDP Services
FORM,FormFactor Inc. FormFactor Inc. Common Stock,$137.21,9.53,7.464%,10696128712.00,United States,2003,1608659,Technology,Semiconductors
FORR,Forrester Research Inc. Common Stock,$6.11,0.07,1.159%,117164706.00,United States,1996,102088,Industrials,Diversified Commercial Services
FORTY,Formula Systems (1985) Ltd. American Depositary Shares,$135.70,2.70,2.03%,2078607412.00,Israel,,348,Technology,EDP Services
FOSL,Fossil Group Inc. Common Stock,$5.60,0.04,0.719%,326790598.00,United States,1993,694693,Consumer Discretionary,Consumer Specialties
FOUR,Shift4 Payments Inc. Class A Common Stock,$49.66,1.21,2.497%,4034344383.00,United States,2020,1293830,Real Estate,Real Estate
FOUR^A,Shift4 Payments Inc. 6.00% Series A Mandatory Convertible Preferred Stock,$59.88,0.36,0.605%,,United States,,7481,,
FOX,Fox Corporation Class B Common Stock,$58.53,0.63,1.088%,24898432445.00,United States,,1064321,Industrials,Broadcasting
FOXA,Fox Corporation Class A Common Stock,$65.07,0.55,0.852%,27680522795.00,United States,,2424006,Industrials,Broadcasting
FOXF,Fox Factory Holding Corp. Common Stock,$17.37,0.91,5.529%,728369158.00,United States,2013,648308,Consumer Discretionary,Motor Vehicles
FOXX,Foxx Development Holdings Inc. Common Stock,$5.80,0.02,0.346%,40630108.00,United States,,6502,Telecommunications,Computer Communications Equipment
FOXXW,Foxx Development Holdings Inc. Warrant,$0.1001,0.0081,8.804%,701220.00,United States,,8287,Telecommunications,Computer Communications Equipment
FPF,First Trust Intermediate Duration Preferred & Income Fund Common Shares of Beneficial Interest,$18.53,0.06,0.325%,0.00,United States,2013,93874,Finance,Trusts Except Educational Religious and Charitable
FPH,Five Point Holdings LLC Class A Common Shares,$5.25,0.29,5.847%,773989209.00,United States,2017,246506,Finance,Real Estate
FPI,Farmland Partners Inc. Common Stock,$11.79,0.25,2.166%,514390037.00,United States,2014,298520,Real Estate,Real Estate Investment Trusts
FPS,Forgent Power Solutions Inc. Class A Common Stock,$33.69,1.15,3.534%,10256209270.00,,2026,3624548,Energy,Industrial Machinery/Components
FR,First Industrial Realty Trust Inc. Common Stock,$63.75,1.35,2.163%,8451364530.00,United States,1994,743037,Real Estate,Real Estate Investment Trusts
FRA,Blackrock Floating Rate Income Strategies Fund Inc  Common Stock,$11.11,0.10,0.908%,1652751053.00,United States,2003,150259,Finance,Investment Bankers/Brokers/Service
FRAF,Franklin Financial Services Corporation Common Stock,$58.47,2.11,3.744%,262643030.00,United States,,68596,Finance,Major Banks
FRBA,First Bank Common Stock,$17.02,0.38,2.284%,427787539.00,United States,2013,64467,Finance,Commercial Banks
FRD,Friedman Industries Inc. Common Stock,$19.38,0.45,2.377%,137834087.00,United States,,28416,Industrials,Steel/Iron Ore
FRGT,Freight Technologies Inc. Ordinary Shares,$0.9279,0.0083,0.903%,1451464.00,United States,2017,50943,Consumer Discretionary,Professional Services
FRHC,Freedom Holding Corp. Common Stock,$160.87,-1.79,-1.10%,9843721365.00,Kazakhstan,,101550,Finance,Investment Bankers/Brokers/Service
FRME,First Merchants Corporation Common Stock,$41.14,1.05,2.619%,2605222507.00,United States,,443434,Finance,Major Banks
FRMEP,First Merchants Corporation Depository Shares,$25.964,0.00,0.00%,1644190500.00,United States,,102,Finance,Major Banks
FRMI,Fermi Inc. Common Stock,$6.55,-0.12,-1.799%,4125450625.00,United States,2025,17437376,Real Estate,Real Estate Investment Trusts
FRMM,Forum Markets Incorporated Common Stock,$4.29,1.92,81.013%,87143246.00,United States,2017,40146990,Health Care,Biotechnology: Pharmaceutical Preparations
FRO,Frontline Plc Ordinary Shares,$37.13,1.98,5.633%,8265987869.00,Bermuda,,7192105,Consumer Discretionary,Marine Transportation
FROG,JFrog Ltd. Ordinary Shares,$44.12,0.50,1.146%,5345405058.00,United States,2020,3311377,Technology,Computer Software: Prepackaged Software
FRPH,FRP Holdings Inc. Common Stock,$22.30,0.24,1.088%,427487321.00,United States,,62553,Finance,Real Estate
FRPT,Freshpet Inc. Common Stock,$69.50,2.16,3.208%,3409473802.00,United States,2014,1700676,Consumer Staples,Packaged Foods
FRSH,Freshworks Inc. Class A Common Stock,$8.54,0.12,1.425%,2382277493.00,United States,2021,20545025,Technology,Computer Software: Prepackaged Software
FRST,Primis Financial Corp. Common Stock,$14.04,0.16,1.153%,347799891.00,United States,2006,239212,Finance,Major Banks
FRSX,Foresight Autonomous Holdings Ltd. American Depositary Shares,$2.41,-0.09,-3.60%,5776230.00,Israel,,9257,Technology,Computer Software: Prepackaged Software
FRT,Federal Realty Investment Trust Common Stock,$112.53,2.49,2.263%,9721265609.00,United States,,1097121,Real Estate,Real Estate Investment Trusts
FRT^C,Federal Realty Investment Trust Depositary Shares each representing a 1/1000th interest in a 5.000% Series C Cumulative Redeemable Preferred Share,$19.41,0.16,0.831%,,United States,,13723,,
FSBC,Five Star Bancorp Common Stock,$41.42,1.19,2.958%,885400257.00,United States,2021,200602,Finance,Major Banks
FSBW,FS Bancorp Inc. Common Stock,$40.88,0.75,1.869%,306663037.00,United States,2012,7958,Finance,Banks
FSCO,FS Credit Opportunities Corp. Common Stock,$5.24,0.05,0.963%,1039384916.00,United States,2022,825571,Finance,Trusts Except Educational Religious and Charitable
FSEA,First Seacoast Bancorp Inc. Common Stock,$11.16,-0.35,-3.041%,52386703.00,United States,2019,4414,Finance,Savings Institutions
FSHP,Flag Ship Acquisition Corp. Ordinary Shares,$10.96,0.01,0.091%,0.00,United States,2024,400,,
FSI,Flexible Solutions International Inc. Common Stock (CDA),$6.29,0.69,12.321%,80118862.00,Canada,2002,52251,Industrials,Major Chemicals
FSK,FS KKR Capital Corp. Common Stock,$11.39,0.42,3.829%,3189956672.00,United States,2014,3523094,Finance,Investment Managers
FSLR,First Solar Inc. Common Stock,$190.44,-1.21,-0.631%,20462922734.00,United States,2006,3404024,Technology,Semiconductors
FSLY,Fastly Inc. Class A Common Stock,$24.56,-0.32,-1.286%,3728208000.00,United States,,12683527,Technology,Computer Software: Prepackaged Software
FSM,Fortuna Mining Corp. Common Shares,$10.86,0.43,4.123%,3315123448.00,Canada,,5652902,Basic Materials,Precious Metals
FSP,Franklin Street Properties Corp. Common Stock,$0.65,-0.001,-0.154%,67398721.00,United States,,216887,Real Estate,Real Estate Investment Trusts
FSS,Federal Signal Corporation Common Stock,$114.24,3.83,3.469%,6956319330.00,United States,,770354,Industrials,Auto Manufacturing
FSSL,FS Specialty Lending Fund Common Shares of Beneficial Interest,$12.50,0.07,0.563%,0.00,,2025,234242,Finance,Finance/Investors Services
FSTR,L.B. Foster Company Common Stock,$30.00,0.29,0.976%,313757730.00,United States,,128122,Industrials,Metal Fabrications
FSUN,FirstSun Capital Bancorp Common Stock,$39.12,0.70,1.822%,1092360787.00,United States,,509412,Finance,Major Banks
FSV,FirstService Corporation Common Shares,$152.26,3.15,2.113%,6998137730.00,Canada,,173185,Finance,Real Estate
FT,Franklin Universal Trust Common Stock,$8.33,0.045,0.543%,209348677.00,United States,,26635,Finance,Trusts Except Educational Religious and Charitable
FTAI,FTAI Aviation Ltd. Common Stock,$259.13,5.21,2.052%,26581726426.00,United States,,1206117,Industrials,Misc Corporate Leasing Services
FTAIM,FTAI Aviation Ltd. 9.500% Fixed-Rate Reset Series D Cumulative Perpetual Redeemable Preferred Shares,$26.90,0.02,0.074%,2759419754.00,United States,,4062,Industrials,Misc Corporate Leasing Services
FTAIN,FTAI Aviation Ltd. 8.25% Fixed - Rate Reset Series C Cumulative Perpetual Redeemable Preferred Shares,$25.31,0.01,0.04%,2596316505.00,United States,,18158,Industrials,Misc Corporate Leasing Services
FTCI,FTC Solar Inc. Common Stock,$4.64,0.16,3.571%,72315319.00,United States,2021,87520,Technology,Semiconductors
FTDR,Frontdoor Inc. Common Stock,$62.14,1.68,2.779%,4357667048.00,United States,,598898,Consumer Discretionary,Diversified Commercial Services
FTEK,Fuel Tech Inc. Common Stock,$1.35,0.00,0.00%,42061210.00,United States,,90923,Industrials,Pollution Control Equipment
FTF,Franklin Limited Duration Income Trust Common Shares of Beneficial Interest,$6.00,0.04,0.671%,242432244.00,United States,2003,140587,Finance,Finance/Investors Services
FTFT,Future FinTech Group Inc. Common Stock,$1.41,0.06,4.444%,7389167.00,China,,111786,Real Estate,Real Estate
FTHM,Fathom Holdings Inc. Common Stock,$0.9217,-0.0183,-1.947%,30215505.00,United States,2020,97413,Finance,Real Estate
FTHY,First Trust High Yield Opportunities 2027 Term Fund Common Stock,$13.78,0.11,0.805%,506731788.00,United States,2020,66903,Finance,Investment Managers
FTI,TechnipFMC plc Ordinary Share,$70.44,-2.36,-3.242%,28285836317.00,,,3926322,Consumer Discretionary,Oil and Gas Field Machinery
FTK,Flotek Industries Inc. Common Stock,$15.62,-0.67,-4.113%,565043160.00,United States,,214167,Industrials,Major Chemicals
FTLF,FitLife Brands Inc. Common Stock,$9.32,0.07,0.757%,87524791.00,United States,,63081,Health Care, Medicinal Chemicals and Botanical Products 
FTNT,Fortinet Inc. Common Stock,$81.84,-0.56,-0.68%,60555346033.00,United States,2009,4968292,Technology,Computer peripheral equipment
FTRE,Fortrea Holdings Inc. Common Stock,$10.38,0.29,2.874%,970530000.00,United States,,750083,Health Care,Medical Specialities
FTRK,FAST TRACK GROUP Ordinary shares,$0.371,-0.0103,-2.701%,8092438.00,Singapore,2025,6250,Consumer Discretionary,Package Goods/Cosmetics
FTS,Fortis Inc. Common Shares,$56.87,0.05,0.088%,28954393426.00,United States,2016,688403,Utilities,Electric Utilities: Central
FTV,Fortive Corporation Common Stock ,$60.52,0.87,1.459%,18631638179.00,United States,2016,3741238,Industrials,Industrial Machinery/Components
FTW,Presidio Production Company Class A Common Stock,$10.72,-0.19,-1.742%,390230169.00,,,66285,Energy,Oil & Gas Production
FUBO,FuboTV Inc. Class A Common Stock,$13.10,0.40,3.15%,1419849434.00,United States,2020,2420561,Consumer Discretionary,Movies/Entertainment
FUFU,BitFuFu Inc. Class A Ordinary Shares,$2.47,-0.05,-1.984%,411211286.00,Singapore,,438637,Finance,Finance: Consumer Services
FUFUW,BitFuFu Inc. Warrant,$0.2099,0.0049,2.39%,34944635.00,Singapore,,13272,Finance,Finance: Consumer Services
FUL,H. B. Fuller Company Common Stock,$64.43,2.01,3.22%,3510616352.00,United States,,520508,Industrials,Home Furnishings
FULC,Fulcrum Therapeutics Inc. Common Stock,$8.29,0.30,3.755%,552115733.00,United States,2019,1037209,Health Care,Biotechnology: Pharmaceutical Preparations
FULT,Fulton Financial Corporation Common Stock,$21.99,0.55,2.565%,3955133758.00,United States,,2256374,Finance,Major Banks
FULTP,Fulton Financial Corporation Depositary Shares Each Representing a 1/40th Interest in a Share of Fixed Rate Non-Cumulative Perpetual Preferred Stock Series A,$18.59,-0.03,-0.161%,3343607848.00,United States,,4442,Finance,Major Banks
FUN,Six Flags Entertainment Corporation Common Stock New,$19.97,0.49,2.515%,2036691194.00,United States,,2173668,Consumer Discretionary,Services-Misc. Amusement & Recreation
FUNC,First United Corporation Common Stock,$37.62,0.33,0.885%,244581991.00,United States,,9548,Finance,Major Banks
FUND,Sprott Focus Trust Inc. Common Stock,$9.95,0.085,0.862%,294853892.00,United States,,22668,Finance,Investment Managers
FURY,Fury Gold Mines Limited Common Shares,$0.6313,0.0124,2.004%,119406165.00,,2020,540755,Basic Materials,Precious Metals
FUSB,First US Bancshares Inc. Common Stock,$16.00,0.00,0.00%,90402512.00,United States,,313,Finance,Major Banks
FUSE,Fusemachines Inc. Common stock,$1.83,0.07,3.977%,52957027.00,United States,,677513,Technology,EDP Services
FUSEW,Fusemachines Inc. Warrants,$0.1001,-0.0098,-8.917%,2896720.00,United States,,31522,Technology,EDP Services
FUTU,Futu Holdings Limited American Depositary Shares,$166.93,1.87,1.133%,23398181975.00,Hong Kong,2019,1388003,Finance,Investment Bankers/Brokers/Service
FVAV,Fortress Value Acquisition Corp. V Class A Ordinary Shares,$10.03,0.00,0.00%,0.00,United States,2026,695,,
FVCB,FVCBankcorp Inc. Common Stock,$15.55,0.21,1.369%,279533424.00,United States,,186222,Finance,Major Banks
FVN,Future Vision II Acquisition Corporation Ordinary shares,$10.83,0.00,0.00%,0.00,China,2024,5008,,
FVR,FrontView REIT Inc. Common Stock,$17.26,0.33,1.949%,385122466.00,United States,2024,288203,Real Estate,Real Estate Investment Trusts
FVRR,Fiverr International Ltd. Ordinary Shares no par value,$10.91,0.01,0.092%,392222442.00,,2019,1030265,Real Estate,Real Estate
FWDI,Forward Industries Inc. Common Stock,$4.92,0.15,3.145%,409044062.00,United States,,1068892,Industrials,Plastic Products
FWONA,Liberty Media Corporation Series A Liberty Formula One Common Stock,$83.26,0.82,0.995%,20854529933.00,United States,,116066,Industrials,Broadcasting
FWONK,Liberty Media Corporation Series C Liberty Formula One Common Stock,$90.48,0.54,0.60%,22662957823.00,United States,,1115675,Industrials,Broadcasting
FWRD,Forward Air Corporation Common Stock,$22.18,1.31,6.277%,699873154.00,United States,,875908,Industrials,Integrated Freight & Logistics
FWRG,First Watch Restaurant Group Inc. Common Stock,$12.75,0.66,5.459%,785720726.00,United States,2021,1367392,Consumer Discretionary,Restaurants
FXNC,First National Corporation Common Stock,$29.45,0.90,3.152%,266256478.00,United States,,183835,Finance,Major Banks
G,Genpact Limited Common Stock,$36.93,0.30,0.819%,6273069949.00,Bermuda,2007,2046431,Consumer Discretionary,Professional Services
GAB,Gabelli Equity Trust Inc. (The) Common Stock,$5.79,0.00,0.00%,1701201663.00,United States,1986,973336,Finance,Investment Managers
GAB^G,Gabelli Equity Trust Inc. (The) Series G Cumulative Preferred Stock,$20.38,0.01,0.049%,,United States,,4118,,
GAB^H,Gabelli Equity Trust Inc. (The) Pfd Ser H,$20.50,0.10,0.49%,,United States,,3061,,
GAB^K,Gabelli Equity Trust Inc. (The) 5.00% Series K Cumulative Preferred Stock,$20.80,0.06,0.289%,,United States,,9830,,
GABC,German American Bancorp Inc. Common Stock,$44.14,0.97,2.247%,1658584998.00,United States,,138359,Finance,Major Banks
GAIA,Gaia Inc. Class A Common Stock,$2.92,0.16,5.797%,72935386.00,United States,1999,103955,Consumer Discretionary,Movies/Entertainment
GAIN,Gladstone Investment Corporation Business Development Company,$15.94,0.44,2.839%,634762154.00,United States,2005,607525,Finance,Finance: Consumer Services
GAING,Gladstone Investment Corporation 7.125% Notes due 2031,$25.22,0.03,0.119%,0.00,United States,,10192,Finance,Finance: Consumer Services
GAINI,Gladstone Investment Corporation 7.875% Notes due 2030,$25.27,0.13,0.517%,0.00,United States,,23160,Finance,Finance: Consumer Services
GAINN,Gladstone Investment Corporation 5.00% Notes Due 2026,$24.95,0.02,0.08%,953569789.00,United States,,5089,Finance,Finance: Consumer Services
GAINZ,Gladstone Investment Corporation 4.875% Notes due 2028,$23.97,0.00,0.00%,916114943.00,United States,,1011,Finance,Finance: Consumer Services
GALT,Galectin Therapeutics Inc. Common Stock,$2.45,0.19,8.407%,161277248.00,United States,,540486,Health Care,Biotechnology: Pharmaceutical Preparations
GAM,General American Investors Inc. Common Stock,$63.83,0.72,1.141%,1530363186.00,United States,,35100,Finance,Investment Managers
GAM^B,General American Investors Company Inc. Cumulative Preferred Stock,$24.825,-0.045,-0.181%,,United States,,49482,,
GAMB,Gambling.com Group Limited Ordinary Shares,$3.68,0.01,0.272%,129157659.00,Jersey,2021,752708,Consumer Discretionary,Services-Misc. Amusement & Recreation
GAME,GameSquare Holdings Inc. Common Stock,$0.4174,-0.0011,-0.263%,40933062.00,United States,,4535688,Consumer Discretionary,Services-Misc. Amusement & Recreation
GANX,Gain Therapeutics Inc. Common Stock,$2.13,0.08,3.902%,89975347.00,United States,2021,680240,Health Care,Biotechnology: Pharmaceutical Preparations
GAP,Gap Inc. (The) Common Stock,$27.02,0.94,3.604%,9871491961.00,United States,,6947577,Consumer Discretionary,Clothing/Shoe/Accessory Stores
GASS,StealthGas Inc. Common Stock,$9.34,0.12,1.302%,345380862.00,Greece,2005,124364,Consumer Discretionary,Marine Transportation
GATX,GATX Corporation Common Stock,$198.51,1.51,0.766%,7051796585.00,United States,,252412,Consumer Discretionary,Transportation Services
GAU,Galiano Gold Inc.,$2.59,0.08,3.187%,672857232.00,Canada,,2441458,Industrials,Mining & Quarrying of Nonmetallic Minerals (No Fuels)
GAUZ,Gauzy Ltd. Ordinary Shares,$0.691,0.001,0.145%,12950786.00,Israel,2024,12178,Miscellaneous,Industrial Machinery/Components
GAVA,Grayscale Avalanche Staking ETF Common Units of Fractional Undivided Beneficial Interest,$23.6572,-0.1403,-0.59%,5866512.00,United States,,849,Finance,Investment Bankers/Brokers/Service
GBAB,Guggenheim Taxable Municipal Bond & Investment Grade Debt Trust Common Shares of Beneficial Interest,$14.67,0.16,1.103%,328562596.00,United States,2010,71458,Finance,Investment Managers
GBCI,Glacier Bancorp Inc. Common Stock,$48.94,1.42,2.988%,6367461442.00,United States,,866299,Finance,Major Banks
GBDC,Golub Capital BDC Inc. Common Stock,$13.63,0.34,2.558%,3587800107.00,United States,2010,1989320,Finance,Finance: Consumer Services
GBFH,GBank Financial Holdings Inc. Common Stock,$30.43,1.37,4.714%,433257593.00,United States,,61354,Finance,Commercial Banks
GBLI,Global Indemnity Group LLC Class A Common Stock ,$28.58,0.0002,0.001%,409378605.00,United States,,1687,Finance,Property-Casualty Insurers
GBR,New Concept Energy Inc Common Stock,$0.76,0.0203,2.744%,3900270.00,United States,1993,288129,Energy,Oil & Gas Production
GBTG,Global Business Travel Group Inc. Class A Common Stock,$6.08,0.26,4.467%,3181924941.00,United States,2020,1382871,Consumer Discretionary,Transportation Services
GBX,Greenbrier Companies Inc. (The) Common Stock,$50.32,0.01,0.02%,1556830050.00,United States,1994,527333,Industrials,Railroads
GCBC,Greene County Bancorp Inc. Common Stock,$23.70,0.25,1.066%,403535824.00,United States,,9284,Finance,Banks
GCDT,Green Circle Decarbonize Technology Limited Ordinary Shares,$1.05,0.03,2.941%,13125000.00,,2026,31856,Industrials,Industrial Machinery/Components
GCL,GCL Global Holdings Ltd Ordinary Shares,$0.535,-0.0015,-0.28%,67580250.00,Singapore,,20225,Technology,Computer Software: Prepackaged Software
GCLWW,GCL Global Holdings Ltd Warrants,$0.0289,0.0036,14.229%,3650597.00,Singapore,,14100,Technology,Computer Software: Prepackaged Software
GCMG,GCM Grosvenor Inc. Class A Common Stock,$10.94,0.32,3.013%,2215096083.00,United States,,416011,Finance,Investment Managers
GCO,Genesco Inc. Common Stock,$36.00,1.50,4.348%,390896064.00,United States,,283031,Consumer Discretionary,Clothing/Shoe/Accessory Stores
GCT,GigaCloud Technology Inc Class A Ordinary Shares,$51.80,3.58,7.424%,1896817114.00,United States,2022,872233,Consumer Discretionary,Catalog/Specialty Distribution
GCTK,GlucoTrack Inc. Common Stock,$0.799,0.057,7.682%,1553479.00,United States,,661371,Health Care,Medical/Dental Instruments
GCTS,GCT Semiconductor Holding Inc. Common Stock,$1.30,0.00,0.00%,94242351.00,United States,2021,1263597,Technology,Semiconductors
GCV,Gabelli Convertible and Income Securities Fund Inc. (The) Common Stock,$4.46,0.02,0.45%,84918529.00,United States,,78462,Finance,Finance/Investors Services
GD,General Dynamics Corporation Common Stock,$336.29,1.37,0.409%,91082754932.00,United States,,1309722,Industrials,Marine Transportation
GDC,GD Culture Group Limited Common Stock,$3.94,0.09,2.338%,239393261.00,United States,2015,30909,Industrials,Steel/Iron Ore
GDDY,GoDaddy Inc. Class A Common Stock,$85.72,1.46,1.733%,11431114909.00,United States,2015,2461620,Technology,EDP Services
GDEN,Golden Entertainment Inc. Common Stock,$28.75,0.57,2.023%,753223521.00,United States,,442090,Consumer Discretionary,Services-Misc. Amusement & Recreation
GDEV,GDEV Inc. Ordinary Shares,$16.875,0.9549,5.998%,306289502.00,Cyprus,,3167,Technology,EDP Services
GDEVW,GDEV Inc. Warrant,$0.0074,0.0001,1.37%,134314.00,Cyprus,,22781,Technology,EDP Services
GDHG,Golden Heaven Group Holdings Ltd. Class A Ordinary Shares,$1.80,-0.07,-3.743%,36057771.00,China,2023,2607,Consumer Discretionary,Services-Misc. Amusement & Recreation
GDL,GDL Fund The Common Shares of Beneficial Interest,$8.4101,-0.0199,-0.236%,0.00,United States,2007,7668,Finance,Investment Managers
GDO,Western Asset Global Corporate Opportunity Fund Inc. Common Stock,$11.34,0.03,0.265%,0.00,United States,2009,15294,Finance,Finance Companies
GDOT,Green Dot Corporation Class A Common Stock $0.001 par value,$12.40,0.34,2.819%,689038091.00,United States,2010,477032,Finance,Finance: Consumer Services
GDRX,GoodRx Holdings Inc. Class A Common Stock,$2.27,-0.08,-3.404%,777644110.00,United States,2020,2271380,Technology,EDP Services
GDS,GDS Holdings Limited ADS,$44.70,1.73,4.026%,8956859186.00,China,2016,1510309,Technology,Computer Software: Programming Data Processing
GDTC,CytoMed Therapeutics Limited Ordinary Shares,$1.01,-0.01,-0.98%,11946719.00,Singapore,2023,4049,Health Care,Biotechnology: Pharmaceutical Preparations
GDV,Gabelli Dividend & Income Trust Common Shares of Beneficial Interest,$29.26,0.41,1.421%,2638915247.00,United States,2003,228068,Finance,Investment Managers
GDV^H,The Gabelli Dividend & Income Trust 5.375% Series H Cumulative Preferred Shares,$22.6999,0.2099,0.933%,,United States,,2371,,
GDV^K,The Gabelli Dividend & Income Trust 4.250% Series K Cumulative Preferred Shares,$18.043,0.183,1.025%,,United States,,11164,,
GDYN,Grid Dynamics Holdings Inc. Class A Common Stock,$5.95,-0.05,-0.833%,507854937.00,United States,2018,1102440,Technology,Computer Software: Prepackaged Software
GE,GE Aerospace Common Stock,$304.13,5.84,1.958%,317764026856.00,United States,,7727284,Technology,Consumer Electronics/Appliances
GECC,Great Elm Capital Corp. Common Stock,$5.35,0.03,0.564%,40670486.00,United States,,86180,Finance,Finance: Consumer Services
GECCG,Great Elm Capital Corp. 7.75% Notes Due 2030,$24.80,0.0783,0.317%,0.00,United States,,564,Finance,Finance: Consumer Services
GECCH,Great Elm Capital Corp. 8.125% Notes Due 2029,$25.23,0.00,0.00%,0.00,United States,,113,,
GECCI,Great Elm Capital Corp. 8.50% NOTES DUE 2029,$25.1101,-0.2599,-1.024%,0.00,United States,,2850,Finance,Finance Companies
GECCO,Great Elm Capital Corp. 5.875% Notes due 2026,$25.05,0.02,0.08%,0.00,United States,,104,Finance,Finance Companies
GEF,Greif Inc. Class A Common Stock,$69.88,1.82,2.674%,3234466728.00,United States,,167778,,
GEG,Great Elm Group Inc. Common Stock,$2.20,0.12,5.769%,72038017.00,United States,,16315,Technology,Computer Software: Prepackaged Software
GEGGL,Great Elm Group Inc.  7.25% Notes due 2027,$24.45,0.0812,0.333%,708971442.00,United States,,24193,Technology,Computer Software: Prepackaged Software
GEHC,GE HealthCare Technologies Inc. Common Stock ,$74.66,1.46,1.995%,34066622076.00,United States,,3461360,Health Care,Medical Electronics
GEL,Genesis Energy L.P. Common Units,$16.83,-0.37,-2.151%,2061074472.00,United States,2001,315740,Energy,Oil Refining/Marketing
GELS,Gelteq Limited Ordinary Shares,$0.70,0.00,0.00%,7497741.00,Australia,2024,5816,Health Care,Biotechnology: Pharmaceutical Preparations
GEMI,Gemini Space Station Inc. Class A Common Stock,$4.81,-0.03,-0.62%,577129736.00,United States,2025,2222621,Finance,Investment Bankers/Brokers/Service
GEN,Gen Digital Inc. Common Stock,$20.12,0.34,1.719%,12185955133.00,United States,,7524566,Technology,Computer Software: Prepackaged Software
GENB,Generate Biomedicines Inc. Common Stock,$12.45,-0.16,-1.269%,1586755002.00,United States,2026,271023,Health Care,Biotechnology: Pharmaceutical Preparations
GENC,Gencor Industries Inc. Common Stock,$15.03,0.29,1.967%,220305261.00,United States,,14471,Industrials,Construction/Ag Equipment/Trucks
GENI,Genius Sports Limited Ordinary Shares,$4.89,0.12,2.516%,1257953361.00,Guernsey,2021,7028721,Consumer Discretionary,Services-Misc. Amusement & Recreation
GENK,GEN Restaurant Group Inc. Class A Common Stock,$1.58,-0.01,-0.629%,52019843.00,United States,2023,22040,Consumer Discretionary,Restaurants
GENVR,Gen Digital Inc. Contingent Value Rights,$0.5201,0.1201,30.025%,315005729.00,United States,,36123,Technology,Computer Software: Prepackaged Software
GEO,Geo Group Inc (The) REIT,$18.60,0.44,2.423%,2468355538.00,United States,,2599363,Consumer Discretionary,Homebuilding
GEOS,Geospace Technologies Corporation Common Stock (Texas),$9.66,0.22,2.331%,124497288.00,United States,,185634,Industrials,Industrial Machinery/Components
GERN,Geron Corporation Common Stock,$1.68,-0.01,-0.592%,1076712554.00,United States,1996,23699265,Health Care,Biotechnology: Pharmaceutical Preparations
GETY,Getty Images Holdings Inc. Class A Common Stock,$0.9124,-0.0279,-2.967%,381169348.00,United States,2022,1214382,Real Estate,Real Estate
GEV,GE Vernova Inc. Common Stock,$1002.75,24.43,2.497%,269595559564.00,United States,2024,2308872,,
GEVO,Gevo Inc. Common Stock,$1.70,-0.02,-1.163%,412900068.00,United States,2011,8490947,Industrials,Major Chemicals
GF,New Germany Fund Inc. (The) Common Stock,$12.02,0.33,2.823%,0.00,United States,1990,44326,Finance,Investment Managers
GFAI,Guardforce AI Co. Limited Ordinary Shares,$0.5899,0.0397,7.216%,12401779.00,Singapore,,409219,Consumer Discretionary,Diversified Commercial Services
GFAIW,Guardforce AI Co. Limited Warrant,$0.0625,0.0205,48.81%,1313971.00,Singapore,,2450,Consumer Discretionary,Diversified Commercial Services
GFF,Griffon Corporation Common Stock,$87.81,3.97,4.735%,4090117181.00,United States,,451712,Industrials,Building Products
GFI,Gold Fields Limited American Depositary Shares,$49.96,2.82,5.982%,44715411380.00,South Africa,,4318753,Basic Materials,Precious Metals
GFL,GFL Environmental Inc. Subordinate voting shares no par value,$38.94,-0.04,-0.103%,13984286418.00,Canada,2020,3969414,Utilities,Environmental Services
GFR,Greenfire Resources Ltd. Common Shares,$5.69,-0.55,-8.814%,713685320.00,Canada,,246599,Energy,Oil & Gas Production
GFS,GlobalFoundries Inc. Ordinary Shares,$54.75,4.36,8.653%,30463844766.00,United States,2021,5075950,Technology,Semiconductors
GGAL,Grupo Financiero Galicia S.A. American Depositary Shares,$47.90,-1.11,-2.265%,7693955367.00,Argentina,,1491620,Finance,Commercial Banks
GGB,Gerdau S.A. Common Stock,$4.30,0.04,0.939%,8493118731.00,Brazil,,15958471,Industrials,Steel/Iron Ore
GGG,Graco Inc. Common Stock,$86.74,1.82,2.143%,14341444315.00,United States,,1029276,Industrials,Fluid Controls
GGN,GAMCO Global Gold Natural Resources & Income Trust,$5.49,-0.02,-0.363%,0.00,United States,2005,471278,Finance,Finance/Investors Services
GGN^B,GAMCO Global Gold Natural Reources & Income Trust 5.00% Series B Cumulative 25.00 Liquidation Preference,$20.23,0.0201,0.099%,,United States,,766,,
GGR,Gogoro Inc. Ordinary Shares,$4.21,0.205,5.119%,62196490.00,Taiwan,,5867,Industrials,Auto Manufacturing
GGROW,Gogoro Inc. Warrant,$0.0064,-0.0001,-1.538%,94550.00,Taiwan,,600,Industrials,Auto Manufacturing
GGRP,The Glimpse Group Inc. Common Stock,$0.6101,-0.0189,-3.005%,12858776.00,United States,2021,80904,Technology,EDP Services
GGT,Gabelli Multi-Media Trust Inc. (The) Common Stock,$4.13,0.03,0.732%,113722652.00,United States,,136050,Finance,Trusts Except Educational Religious and Charitable
GGT^E,Gabelli Multi-Media Trust Inc. (The) 5.125% Series E Cumulative Preferred Stock,$20.68,0.00,0.00%,,United States,,2588,,
GGT^G,Gabelli Multi-Media Trust Inc. (The) 5.125% Series G Cumulative Preferred Shares,$20.87,0.00,0.00%,,United States,,118,,
GGZ,Gabelli Global Small and Mid Cap Value Trust (The) Common Shares of Beneficial Interest,$16.25,0.23,1.436%,144169464.00,,2014,3000,Finance,Investment Managers
GH,Guardant Health Inc. Common Stock,$90.36,4.66,5.438%,11852561049.00,United States,2018,2541319,Health Care,Medical Specialities
GHC,Graham Holdings Company Common Stock,$1152.93,30.20,2.69%,5028890427.00,United States,,16736,Real Estate,Other Consumer Services
GHG,GreenTree Hospitality Group Ltd. American depositary shares each representing one Class A ordinary share,$1.28,0.01,0.787%,129951348.00,,2018,28750,Consumer Discretionary,Hotels/Resorts
GHI,Greystone Housing Impact Investors LP Beneficial Unit Certificates representing assignments of limited partnership interests,$5.29,0.03,0.57%,124645678.00,United States,2022,162301,Finance,Finance: Consumer Services
GHM,Graham Corporation Common Stock,$95.38,4.41,4.848%,1056121756.00,United States,1978,141194,Industrials,Industrial Machinery/Components
GHRS,GH Research PLC Ordinary Shares,$18.34,0.60,3.382%,1137619104.00,Ireland,2021,138809,Health Care,Biotechnology: Pharmaceutical Preparations
GHY,PGIM Global High Yield Fund Inc.,$12.07,0.03,0.249%,0.00,United States,2012,149108,Finance,Trusts Except Educational Religious and Charitable
GIB,CGI Inc. Common Stock,$76.23,0.96,1.275%,16370994260.00,Canada,,619554,Consumer Discretionary,Professional Services
GIBO,GIBO Holdings Limited Class A Ordinary Shares,$1.33,-0.02,-1.481%,4994597.00,Hong Kong,,55945,Technology,Computer Software: Prepackaged Software
GIBOW,GIBO Holdings Limited Warrants,$0.0257,0.0032,14.222%,96512.00,Hong Kong,,468,Technology,Computer Software: Prepackaged Software
GIC,Global Industrial Company Common Stock,$33.55,1.14,3.517%,1281500694.00,United States,,65689,Industrials,Industrial Machinery/Components
GIFT,Giftify Inc. Common Stock,$1.24,0.04,3.333%,41716467.00,United States,,9150,Consumer Discretionary,Catalog/Specialty Distribution
GIG,GigCapital7 Corp. Class A Ordinary Share,$10.68,-0.01,-0.094%,0.00,United States,2024,8763,Finance,Blank Checks
GIGGU,GigCapital7 Corp. Unit,$11.00,0.00,0.00%,1714100300.00,United States,2024,32,Technology,Computer Software: Prepackaged Software
GIGGW,GigCapital7 Corp. Warrant,$0.50,0.0304,6.474%,0.00,United States,2024,156941,Finance,Blank Checks
GIGM,GigaMedia Limited Ordinary Shares,$1.49,0.085,6.05%,16467830.00,Taiwan,,762,Technology,Computer Software: Programming Data Processing
GIII,G-III Apparel Group LTD. Common Stock,$30.49,0.99,3.356%,1286351361.00,United States,1989,513937,Consumer Discretionary,Apparel
GIL,Gildan Activewear Inc. Class A Sub. Vot. Common Stock,$59.88,2.89,5.071%,11088427922.00,Canada,2000,826886,Consumer Discretionary,Apparel
GILD,Gilead Sciences Inc. Common Stock,$137.64,-0.91,-0.657%,170869121474.00,United States,1992,7345794,Health Care,Biotechnology: Biological Products (No Diagnostic Substances)
GILT,Gilat Satellite Networks Ltd. Ordinary Shares,$19.17,0.52,2.788%,1446778073.00,Israel,,699478,Technology,Radio And Television Broadcasting And Communications Equipment
GIPR,Generation Income Properties Inc. Common Stock,$0.3075,0.0052,1.72%,1675315.00,United States,,182021,Real Estate,Real Estate Investment Trusts
GIS,General Mills Inc. Common Stock,$35.50,0.18,0.51%,18945683239.00,United States,,7901155,Consumer Staples,Packaged Foods
GITS,Global Interactive Technologies Inc. Common Stock,$2.32,-0.23,-9.02%,17447240.00,South Korea,2023,69070,Technology,Computer Software: Programming Data Processing
GIW,GigCapital8 Corp. Class A Ordinary Shares,$10.00,-0.005,-0.05%,0.00,United States,2025,20201,,
GIWWR,GigCapital8 Corp. Rights,$0.30,0.00,0.00%,0.00,United States,2025,2100,,
GIWWU,GigCapital8 Corp. Units,$10.23,0.01,0.098%,0.00,United States,2025,101,,
GIX,GigCapital9 Corp. Class A Ordinary Share,$9.85,0.00,0.00%,0.00,United States,2026,117,Finance,Blank Checks
GIXXR,GigCapital9 Corp. Rights,$0.25,0.00,0.00%,0.00,United States,2026,100600,,
GIXXU,GigCapital9 Corp. Units,$10.07,0.00,0.00%,0.00,United States,2026,123,Finance,Blank Checks
GJH,Synthetic Fixed-Income Securities Inc 6.375% (STRATS) Cl A-1,$9.91,0.16,1.641%,0.00,United States,,213,Finance,Finance: Consumer Services
GJO,Synthetic Fixed-Income Securities Inc. on behalf of STRATS(SM) Trust for Wal-Mart Stores Inc. Securities Series 2004-5,$24.86,0.00,0.00%,0.00,United States,,3,Finance,Finance: Consumer Services
GJP,Synthetic Fixed-Income Securities Inc. on behalf of STRATS (SM) Trust for Dominion Resources Inc. Securities Series 2005-6 Floating Rate Structured Repackaged Asset-Backed Trust Securities (STRATS) Certificates,$24.73,0.00,0.00%,0.00,United States,,102,Finance,Finance: Consumer Services
GJR,Synthetic Fixed-Income Securities Inc. STRATS Trust for Procter&Gamble Securities Series 2006-1,$24.9608,0.2408,0.974%,0.00,United States,,3204,Finance,Finance: Consumer Services
GJS,Goldman Sachs Group Securities STRATS Trust for Goldman Sachs Group Securities Series 2006-2,$23.22,0.00,0.00%,7245546346.00,United States,,55,Finance,Finance: Consumer Services
GJT,Synthetic Fixed-Income Securities Inc. Floating Rate Structured Repackaged Asset-Backed Trust Securities Certificates Series 2006-3,$23.26,0.00,0.00%,0.00,United States,,1,Finance,Finance: Consumer Services
GKOS,Glaukos Corporation Common Stock,$124.79,3.17,2.606%,7247654949.00,United States,2015,585734,Health Care,Medical/Dental Instruments
GL,Globe Life Inc. Common Stock,$151.86,2.18,1.456%,11913148815.00,United States,,459191,Finance,Life Insurance
GL^D,Globe Life Inc. 4.25% Junior Subordinated Debentures due 2061,$16.15,0.07,0.435%,,United States,,3323,,
GLAD,Gladstone Capital Corporation Common Stock,$19.22,0.34,1.801%,434238786.00,United States,2001,201267,Consumer Discretionary,Textiles
GLBE,Global-E Online Ltd. Ordinary Shares,$33.91,0.20,0.593%,5682240646.00,Israel,2021,847439,Technology,Computer Software: Prepackaged Software
GLBS,Globus Maritime Limited Common Stock,$2.07,0.04,1.97%,44675363.00,Greece,,86786,Consumer Discretionary,Marine Transportation
GLDG,GoldMining Inc. Common Shares,$1.38,0.06,4.545%,295319884.00,,,2239920,Basic Materials,Precious Metals
GLE,Global Engine Group Holding Limited Class A Ordinary Shares,$0.3983,-0.0066,-1.63%,7288890.00,Hong Kong,2024,49837,Technology,EDP Services
GLED,GalaxyEdge Acquisition Corporation Ordinary Shares,$9.88,0.01,0.101%,0.00,,2026,53711,Finance,Blank Checks
GLIBA,GCI Liberty Inc. Series A GCI Group Common Stock,$37.83,0.22,0.585%,1505961192.00,United States,,25132,Telecommunications,Cable & Other Pay Television Services
GLIBK,GCI Liberty Inc. Series C GCI Group Common Stock,$37.56,0.16,0.428%,1495212856.00,United States,,479821,Telecommunications,Cable & Other Pay Television Services
GLMD,Galmed Pharmaceuticals Ltd. Ordinary Shares,$0.7555,0.0165,2.233%,4986039.00,Israel,2014,283628,Health Care,Biotechnology: Pharmaceutical Preparations
GLND,Greenland Energy Company Common Stock,$6.10,-1.86,-23.367%,159546915.00,United States,,1208052,Energy,Oil & Gas Production
GLNG,Golar Lng Ltd,$51.84,-1.45,-2.721%,5266387653.00,Bermuda,,1765110,Consumer Discretionary,Marine Transportation
GLO,Clough Global Opportunities Fund Common Stock,$5.85,0.01,0.171%,0.00,United States,2006,81617,Finance,Finance/Investors Services
GLOB,Globant S.A. Common Shares,$49.97,0.64,1.297%,2157682413.00,United States,2014,1206044,Technology,EDP Services
GLOO,Gloo Holdings Inc. Class A Common Stock,$7.99,0.59,7.973%,646160281.00,United States,2025,268068,Technology,EDP Services
GLOP^A,GasLog Partners LP 8.625% Series A Cumulative Redeemable Perpetual Fixed to Floating Rate Preference Units,$25.77,0.02,0.078%,,Greece,,660,,
GLOP^B,GasLog Partners LP 8.200% Series B Cumulative Redeemable Perpetual Fixed to Floating Rate Preference Units,$25.60,-0.40,-1.538%,,Greece,,13110,,
GLOP^C,GasLog Partners LP 8.500% Series C Cumulative Redeemable Perpetual Fixed to Floating Rate Preference Units,$25.60,0.00,0.00%,,Greece,,1003,,
GLP,Global Partners LP Common Units representing Limited Partner Interests,$45.74,0.48,1.061%,1554957052.00,United States,2005,56137,Energy,Oil Refining/Marketing
GLP^B,Global Partners LP 9.50% Series B Fixed Rate Cumulative Redeemable Perpetual Preferred Units representing limited partner interests,$25.78,-0.005,-0.019%,,United States,,22105,,
GLPG,Galapagos NV American Depositary Shares,$29.28,0.42,1.455%,1929466239.00,Belgium,2015,91138,Health Care,Biotechnology: Pharmaceutical Preparations
GLPI,Gaming and Leisure Properties Inc. Common Stock,$47.73,0.56,1.187%,13518178471.00,United States,,2333559,Real Estate,Real Estate Investment Trusts
GLQ,Clough Global Equity Fund Clough Global Equity Fund Common Shares of Beneficial Interest,$8.11,0.06,0.745%,0.00,United States,2005,44287,Finance,Finance/Investors Services
GLRE,Greenlight Capital Re Ltd. Class A Ordinary Shares,$18.50,0.10,0.543%,628696656.00,Cayman Islands,2007,199557,Finance,Property-Casualty Insurers
GLSI,Greenwich LifeSciences Inc. Common Stock,$27.74,0.64,2.362%,384324912.00,United States,2020,239601,Health Care,Biotechnology: Pharmaceutical Preparations
GLU,Gabelli Global Utility Common Shares of Beneficial Ownership,$19.78,0.095,0.483%,118065060.00,United States,2004,3803,Finance,Finance/Investors Services
GLU^B,The Gabelli Global Utility and Income Trust Series B Cumulative Puttable and Callable Preferred Shares,$50.34,0.06,0.119%,,United States,,344,,
GLUE,Monte Rosa Therapeutics Inc. Common Stock,$19.78,1.08,5.775%,1582709893.00,United States,2021,890422,Health Care,Biotechnology: Biological Products (No Diagnostic Substances)
GLV,Clough Global Dividend and Income Fund Common Shares of beneficial interest,$6.12,-0.0354,-0.575%,77782648.00,United States,2004,16775,Finance,Finance/Investors Services
GLW,Corning Incorporated Common Stock,$164.38,-1.70,-1.024%,141029510157.00,United States,,10342292,Industrials,Telecommunications Equipment
GLXG,Galaxy Payroll Group Limited Class A Ordinary Shares,$2.02,-0.13,-6.047%,12042260.00,Hong Kong,2024,11489,Industrials,Diversified Commercial Services
GLXY,Galaxy Digital Inc. Class A Common Stock,$25.84,1.41,5.772%,10093370927.00,United States,,9490731,Finance,Investment Bankers/Brokers/Service
GM,General Motors Company Common Stock,$81.32,3.27,4.19%,73510665806.00,United States,2010,7295315,Industrials,Auto Manufacturing
GMAB,Genmab A/S ADS,$28.55,0.25,0.883%,18340065484.00,Denmark,2019,2195012,Health Care,Biotechnology: Pharmaceutical Preparations
GME,GameStop Corporation Common Stock,$24.55,-0.63,-2.502%,11007610104.00,United States,2002,8142179,Consumer Discretionary,Electronics Distribution
GMED,Globus Medical Inc. Class A Common Stock,$95.25,2.49,2.684%,12882853108.00,United States,2012,1147708,Health Care,Medical/Dental Instruments
GMEX,GMEX ROBOTICS CORPORATION Class A Ordinary Shares,$0.4617,-0.0383,-7.66%,650812.00,Australia,2023,519093,Consumer Discretionary,Recreational Games/Products/Toys
GMHS,Gamehaus Holdings Inc. Class A Ordinary Shares,$0.8959,-0.0836,-8.535%,47992788.00,China,,9375,Technology,EDP Services
GMM,Global Mofy AI Limited Class A Ordinary Shares,$1.33,-0.12,-8.276%,65925512.00,China,2023,22594,Technology,Computer Software: Programming Data Processing
GMTL,Guardian Metal Resources PLC ADS,$20.64,2.21,11.991%,800864941.00,,2026,749811,Basic Materials,Metal Mining
GNE,Genie Energy Ltd. Class B Common Stock Stock,$13.82,0.20,1.468%,366160264.00,United States,2011,100073,Utilities,Power Generation
GNK,Genco Shipping & Trading Limited Ordinary Shares New (Marshall Islands),$24.46,0.60,2.515%,1059553633.00,United States,,486160,Consumer Discretionary,Marine Transportation
GNL,Global Net Lease Inc. Common Stock,$9.71,0.09,0.936%,2066010449.00,United States,2015,2024740,Real Estate,Real Estate Investment Trusts
GNL^A,Global Net Lease Inc. 7.25% Series A Cumulative Redeemable Preferred Stock $0.01 par value per share,$22.66,0.14,0.622%,,United States,,2392,,
GNL^B,Global Net Lease Inc. 6.875% Series B Cumulative Redeemable Perpetual Preferred Stock,$21.61,0.05,0.232%,,United States,,3821,,
GNL^D,Global Net Lease Inc. 7.50% Series D Cumulative Redeemable Perpetual Preferred Stock,$23.80,0.01,0.042%,,United States,,2666,,
GNL^E,Global Net Lease Inc. 7.375% Series E Cumulative Redeemable Perpetual Preferred Stock,$22.50,-0.31,-1.359%,,United States,,4496,,
GNLN,Greenlane Holdings Inc. Class A Common Stock,$4.71,0.93,24.603%,2967041.00,United States,2019,58313,Consumer Discretionary,Durable Goods
GNLX,Genelux Corporation Common Stock,$2.79,0.02,0.722%,125008213.00,United States,2023,135698,Health Care,Biotechnology: Pharmaceutical Preparations
GNPX,Genprex Inc. Common Stock,$1.30,0.00,0.00%,11758313.00,United States,2018,396354,Health Care,Biotechnology: Pharmaceutical Preparations
GNRC,Generac Holdlings Inc. Common Stock,$212.10,4.69,2.261%,12445142907.00,United States,2010,683001,Consumer Discretionary,Metal Fabrications
GNS,Genius Group Limited Ordinary Shares,$0.347,0.006,1.76%,55464190.00,Singapore,2022,3445278,Consumer Discretionary,Services-Misc. Amusement & Recreation
GNSS,Genasys Inc. Common Stock,$2.05,0.11,5.67%,92685238.00,United States,,349669,Consumer Staples,Consumer Electronics/Appliances
GNT,GAMCO Natural Resources Gold & Income Trust,$9.09,-0.05,-0.547%,167941741.00,United States,2011,67680,Finance,Finance/Investors Services
GNT^A,GAMCO Natural Resources Gold & Income Tust  5.20% Series A Cumulative Preferred Shares (Liquidation Preference $25.00 per share),$20.78,0.04,0.193%,,United States,,2557,,
GNTA,Genenta Science S.p.A. American Depositary Shares,$0.7299,0.0072,0.996%,17219085.00,Italy,2021,37958,Health Care,Biotechnology: Biological Products (No Diagnostic Substances)
GNTX,Gentex Corporation Common Stock,$22.63,0.81,3.712%,4834839508.00,United States,,1975255,Consumer Discretionary,Auto Parts:O.E.M.
GNW,Genworth Financial Inc Common Stock,$8.72,0.15,1.75%,3379968330.00,United States,2004,4403198,Finance,Life Insurance
GO,Grocery Outlet Holding Corp. Common Stock,$7.58,0.43,6.014%,744000392.00,United States,2019,3926042,Consumer Staples,Food Chains
GOAI,Eva Live Inc. Common Stock,$4.26,0.32,8.122%,133518134.00,United States,,43254,Technology,Computer Software: Programming Data Processing
GOCO,GoHealth Inc. Class A Common Stock,$1.15,-0.05,-4.167%,33173054.00,United States,2020,37430,Finance,Specialty Insurers
GOF,Guggenheim Strategic Opportunities Fund Common Shares of Beneficial Interest,$11.29,0.01,0.089%,0.00,United States,,1090262,Finance,Finance/Investors Services
GOGO,Gogo Inc. Common Stock,$4.96,0.13,2.692%,668022214.00,United States,2013,1215634,Consumer Discretionary,Telecommunications Equipment
GOLD,Gold.com Inc. Common Stock,$48.18,1.54,3.302%,1218809075.00,United States,,678537,Industrials,Other Specialty Stores
GOLF,Acushnet Holdings Corp. Common Stock,$99.96,2.28,2.334%,5853693386.00,United States,2016,463617,Consumer Discretionary,Recreational Games/Products/Toys
GOOD,Gladstone Commercial Corporation Real Estate Investment Trust,$12.80,0.28,2.236%,619609510.00,United States,2003,376071,Real Estate,Real Estate
GOODN,Gladstone Commercial Corporation 6.625% Series E Cumulative Redeemable Preferred Stock,$22.22,-0.36,-1.594%,1075603384.00,United States,,2208,Real Estate,Real Estate
GOODO,Gladstone Commercial Corporation 6.00% Series G Cumulative Redeemable Preferred Stock par value $0.001 per share,$19.91,0.04,0.201%,963783231.00,United States,,2516,Real Estate,Real Estate
GOOG,Alphabet Inc. Class C Capital Stock,$339.40,6.63,1.992%,4105721800000.00,United States,2004,19635634,Technology,Computer Software: Programming Data Processing
GOOGL,Alphabet Inc. Class A Common Stock,$341.68,5.66,1.684%,4133302960000.00,United States,2004,25518977,Technology,Computer Software: Programming Data Processing
GOOS,Canada Goose Holdings Inc. Subordinate Voting Shares,$11.93,0.41,3.559%,1158742397.00,,2017,545332,Consumer Discretionary,Apparel
GORO,Gold Resource Corporation Common Stock,$1.58,-0.02,-1.25%,255736981.00,United States,,2040829,Basic Materials,Precious Metals
GOSS,Gossamer Bio Inc. Common Stock,$0.446,0.0086,1.966%,104674541.00,United States,2019,4081833,Health Care,Biotechnology: Pharmaceutical Preparations
GOTU,Gaotu Techedu Inc. American Depositary Shares,$2.00,0.03,1.523%,484103938.00,China,2019,492955,Real Estate,Other Consumer Services
GOVX,GeoVax Labs Inc. Common Stock,$1.24,0.01,0.813%,3586787.00,United States,,88927,Health Care,Biotechnology: Pharmaceutical Preparations
GP,GreenPower Motor Company Inc. Common Shares,$0.9799,0.0221,2.307%,4928202.00,Canada,,12823,Consumer Discretionary,Construction/Ag Equipment/Trucks
GPAC,General Purpose Acquisition Corp. Class A Ordinary Shares,$9.97,0.05,0.504%,0.00,United States,2026,9751,,
GPAT,GP-Act III Acquisition Corp. Class A Ordinary Share,$10.89,0.00,0.00%,0.00,United States,2024,100594,,
GPATW,GP-Act III Acquisition Corp. Warrants,$0.165,-0.005,-2.941%,0.00,United States,2024,84697,,
GPC,Genuine Parts Company Common Stock,$113.79,2.61,2.348%,15830704669.00,United States,,2036134,Consumer Discretionary,Automotive Aftermarket
GPCR,Structure Therapeutics Inc. American Depositary Shares,$50.75,-2.75,-5.14%,3595221959.00,United States,2023,917133,Health Care,Biotechnology: Pharmaceutical Preparations
GPGI,GPGI Inc. Class A Common Stock,$17.12,0.79,4.838%,4962420885.00,United States,,3754071,Finance,Finance: Consumer Services
GPI,Group 1 Automotive Inc. Common Stock,$349.94,14.46,4.31%,4154689595.00,United States,1997,126137,Consumer Discretionary,Retail-Auto Dealers and Gas Stations
GPJA,Georgia Power Company Series 2017A 5.00% Junior Subordinated Notes due October 1 2077,$22.21,-0.03,-0.135%,205697915.00,United States,2017,7233,Utilities,Electric Utilities: Central
GPK,Graphic Packaging Holding Company,$9.84,0.29,3.037%,2910090564.00,United States,,5485999,Consumer Discretionary,Containers/Packaging
GPMT,Granite Point Mortgage Trust Inc. Common Stock,$1.60,0.02,1.266%,76101829.00,United States,2017,136185,Real Estate,Real Estate Investment Trusts
GPMT^A,Granite Point Mortgage Trust Inc. 7.00% Series A Fixed-to-Floating Rate Cumulative Redeemable Preferred Stock,$19.7296,-0.0154,-0.078%,,United States,,1691,,
GPN,Global Payments Inc. Common Stock,$72.37,1.53,2.16%,19919336851.00,United States,,4018281,Real Estate,Real Estate
GPOR,Gulfport Energy Corporation Common Shares,$193.48,0.25,0.129%,3494449245.00,United States,2021,342511,Energy,Oil & Gas Production
GPRE,Green Plains Inc. Common Stock,$14.82,-1.14,-7.143%,1035011668.00,United States,,3595943,Industrials,Major Chemicals
GPRK,Geopark Ltd Common Shares,$8.82,-0.54,-5.769%,456057486.00,Bermuda,2014,1235747,Energy,Oil & Gas Production
GPRO,GoPro Inc. Class A Common Stock,$1.28,0.08,6.667%,209399327.00,United States,2014,19542191,Consumer Discretionary,Industrial Machinery/Components
GPUS,Hyperscale Data Inc. Common Stock,$0.1536,0.0076,5.205%,67491003.00,United States,1997,48081606,Technology,Industrial Machinery/Components
GPUS^D,Hyperscale Data Inc. 13.00% Series D Cumulative Redeemable Perpetual Preferred Stock,$21.3749,0.00,0.00%,,United States,,74,,
GRAB,Grab Holdings Limited Class A Ordinary Shares,$4.21,0.19,4.726%,17263028306.00,Singapore,,72593213,Real Estate,Real Estate
GRABW,Grab Holdings Limited Warrant,$0.10,0.01,11.111%,410048178.00,Singapore,,94049,Real Estate,Real Estate
GRAF,Graf Global Corp. Class A ordinary shares,$10.74,0.00,0.00%,0.00,,2024,1,,
GRAL,GRAIL Inc. Common Stock ,$51.71,2.24,4.528%,2121157386.00,United States,,739897,Health Care,Medical Specialities
GRAN,Grande Group Limited Class A Ordinary Shares,$1.17,-0.09,-7.143%,26617500.00,Hong Kong,2025,8285,Finance,Finance: Consumer Services
GRBK,Green Brick Partners Inc. Common Stock,$69.18,3.49,5.313%,2985621461.00,United States,2021,287332,Consumer Discretionary,Homebuilding
GRBK^A,Green Brick Partners Inc. Depositary Shares (each representing a 1/1000th fractional interest in a share of 5.75% Series A Cumulative Perpetual Preferred Stock),$22.985,0.475,2.11%,,United States,,6364,,
GRC,Gorman-Rupp Company (The) Common Stock,$68.26,0.60,0.887%,1796114595.00,United States,1971,835687,Industrials,Fluid Controls
GRCE,Grace Therapeutics Inc. Common Stock,$4.60,0.11,2.45%,61716981.00,Canada,,974025,Health Care,Biotechnology: Pharmaceutical Preparations
GRDN,Guardian Pharmacy Services Inc. Class A Common Stock,$37.54,0.59,1.597%,2377056600.00,United States,2024,403758,Consumer Staples,Retail-Drug Stores and Proprietary Stores
GRDX,GridAI Technologies Corp. Common Stock,$2.89,0.45,18.443%,9715900.00,United States,2016,148754,Health Care,Biotechnology: Pharmaceutical Preparations
GREE,Greenidge Generation Holdings Inc. Class A Common Stock,$1.32,0.13,10.924%,21422478.00,United States,,329677,Finance,Finance: Consumer Services
GREEL,Greenidge Generation Holdings Inc. 8.50% Senior Notes due 2026,$21.50,0.00,0.00%,336978466.00,United States,,502,Finance,Finance: Consumer Services
GRF,Eagle Capital Growth Fund Inc. Common Stock,$10.10,0.175,1.763%,0.00,United States,,3863,Finance,Finance/Investors Services
GRFS,Grifols S.A. American Depositary Shares,$8.75,0.15,1.744%,6016105445.00,Spain,,672545,Health Care,Biotechnology: Pharmaceutical Preparations
GRI,GRI Bio Inc. Common Stock,$2.55,0.06,2.41%,3684824.00,United States,2021,37962,Health Care,Biotechnology: Pharmaceutical Preparations
GRML,Greenland Mines Ltd. Common Stock,$0.42,0.0124,3.042%,0.00,United States,2022,5311824,,
GRMLW,Greenland Mines Ltd Warrant,$0.1927,0.0127,7.056%,23362690.00,United States,2022,33363,Health Care,Biotechnology: Biological Products (No Diagnostic Substances)
GRMN,Garmin Ltd. Common Stock (Switzerland),$267.42,3.06,1.158%,51473223559.00,Switzerland,2000,957008,Industrials,Industrial Machinery/Components
GRND,Grindr Inc. Common Stock,$13.19,0.25,1.932%,2442098334.00,Singapore,2021,1276599,Technology,Computer Software: Programming Data Processing
GRNQ,Greenpro Capital Corp. Common Stock,$2.87,0.00,0.00%,24756083.00,China,,9727,Technology,EDP Services
GRNT,Granite Ridge Resources Inc. Common Stock,$4.95,-0.42,-7.821%,652935319.00,United States,2022,961337,Energy,Oil & Gas Production
GRO,Brazil Potash Corp. Common Shares,$3.07,-0.17,-5.247%,166531889.00,,2024,853399,Industrials,Mining & Quarrying of Nonmetallic Minerals (No Fuels)
GROV,Grove Collaborative Holdings Inc. Class A Common Stock,$1.33,-0.03,-2.206%,55891512.00,,2021,18574,Consumer Discretionary,Catalog/Specialty Distribution
GROW,U.S. Global Investors Inc. Class A Common Stock,$2.74,-0.09,-3.18%,34394562.00,United States,,11803,Finance,Investment Managers
GROY,Gold Royalty Corp. Common Shares,$3.82,0.09,2.413%,881626204.00,Canada,2021,2239433,Basic Materials,Precious Metals
GRPN,Groupon Inc. Common Stock,$14.21,-1.31,-8.441%,551331516.00,United States,2011,4047466,Consumer Discretionary,Advertising
GRRR,Gorilla Technology Group Inc. Ordinary shares,$12.93,0.41,3.275%,357564397.00,Taiwan,,587710,Technology,Computer Software: Prepackaged Software
GRRRW,Gorilla Technology Group Inc. Warrant,$0.2801,-0.0497,-15.07%,7745846.00,Taiwan,,29365,Technology,Computer Software: Prepackaged Software
GRVY,GRAVITY Co. Ltd. American Depository Shares,$62.99,1.32,2.14%,437711211.00,South Korea,2005,185104,Real Estate,Real Estate
GRWG,GrowGeneration Corp. Common Stock,$1.12,0.03,2.752%,67301814.00,United States,,385612,Consumer Discretionary,RETAIL: Building Materials
GRX,The Gabelli Healthcare & Wellness Trust Common Shares of Beneficial Interest,$9.28,0.08,0.87%,158622789.00,United States,,18951,Finance,Finance/Investors Services
GS,Goldman Sachs Group Inc. (The) Common Stock,$925.95,25.95,2.883%,273149640595.00,United States,1999,2803548,Finance,Investment Bankers/Brokers/Service
GS^A,Goldman Sachs Group Inc. (The) Depositary Shares each representing 1/1000th Interest in a Share of Floating Rate Non-Cumulative Preferred Stock Series A,$19.57,-0.20,-1.012%,,United States,,94983,,
GS^C,Goldman Sachs Group Inc. (The) Depositary Share repstg 1/1000th Preferred Series C,$19.76,-0.10,-0.504%,,United States,,18151,,
GS^D,Goldman Sachs Group Inc. (The) Dep Shs repstg 1/1000 Pfd Ser D Fltg,$19.38,-0.12,-0.615%,,United States,,155818,,
GSAT,Globalstar Inc. Common Stock,$80.02,-0.01,-0.012%,10289861903.00,United States,2025,1988899,Consumer Discretionary,Telecommunications Equipment
GSBC,Great Southern Bancorp Inc. Common Stock,$68.29,1.40,2.093%,748848404.00,United States,1989,94648,Finance,Major Banks
GSBD,Goldman Sachs BDC Inc. Common Stock,$9.79,0.24,2.513%,1102051166.00,United States,2015,1416399,Finance,Investment Managers
GSHD,Goosehead Insurance Inc. Class A Common Stock,$43.85,0.60,1.387%,1561200802.00,United States,2018,340039,Finance,Specialty Insurers
GSHRW,Gesher Acquisition Corp. II Warrants,$0.22,0.00,0.00%,0.00,United States,2025,1084,Finance,Blank Checks
GSIT,GSI Technology Common Stock,$6.48,0.07,1.092%,234486595.00,United States,2007,607071,Technology,Semiconductors
GSIW,Garden Stage Limited Class A Ordinary Shares,$27.78,3.83,15.992%,36962790.00,Hong Kong,2023,7451,Finance,Investment Bankers/Brokers/Service
GSK,GSK plc American Depositary Shares (Each representing two Ordinary Shares),$58.35,1.22,2.135%,118999722526.00,United Kingdom,2022,2986341,Health Care,Biotechnology: Pharmaceutical Preparations
GSL,Global Ship Lease Inc New Class A Common Shares,$38.95,-0.27,-0.688%,1399015604.00,United Kingdom,,323055,Consumer Discretionary,Marine Transportation
GSL^B,Global Ship Lease Inc. Depository Shares Representing 1/100th Perpetual Preferred Series B% (Marshall Island),$27.23,0.215,0.796%,,United Kingdom,,8333,,
GSM,Ferroglobe PLC Ordinary Shares,$4.48,0.04,0.901%,837135116.00,United Kingdom,,759409,Basic Materials,Metal Mining
GSRF,GSR IV Acquisition Corp. Class A ordinary share,$10.08,0.01,0.099%,0.00,United States,2025,4469,,
GSRFR,GSR IV Acquisition Corp. Rights,$2.34,-0.11,-4.49%,0.00,United States,2025,1599,,
GSUN,Golden Sun Technology Group Limited Class A Ordinary Shares,$0.474,0.053,12.589%,4753684.00,China,2022,301415,Real Estate,Other Consumer Services
GT,The Goodyear Tire & Rubber Company Common Stock,$7.06,0.47,7.132%,2022811693.00,United States,,11002714,Consumer Discretionary,Automotive Aftermarket
GTBP,GT Biopharma Inc. Common Stock,$0.379,-0.0199,-4.989%,11958925.00,United States,,351343,Health Care,Biotechnology: Pharmaceutical Preparations
GTE,Gran Tierra Energy Inc. Common Stock,$7.52,-0.54,-6.70%,265446780.00,Canada,,660911,Energy,Oil & Gas Production
GTEC,Greenland Technologies Holding Corporation Class A Ordinary Shares,$0.6934,0.0133,1.956%,13197586.00,China,2018,100793,Industrials,Industrial Machinery/Components
GTEN,Gores Holdings X Inc. Class A ordinary shares,$10.34,0.00,0.00%,0.00,United States,2025,4601,,
GTENU,Gores Holdings X Inc. Units,$10.45,0.0799,0.77%,0.00,United States,2025,3989,,
GTENW,Gores Holdings X Inc. Warrants,$0.7849,0.2349,42.709%,0.00,United States,2025,3628,,
GTERA,Globa Terra Acquisition Corporation Class A Ordinary Shares,$10.22,0.00,0.00%,0.00,Mexico,2025,16,Finance,Blank Checks
GTERR,Globa Terra Acquisition Corporation Rights,$0.105,0.00,0.00%,0.00,Mexico,2025,112,Finance,Blank Checks
GTERU,Globa Terra Acquisition Corporation Units,$10.35,-0.03,-0.289%,0.00,Mexico,2025,1257,Finance,Blank Checks
GTERW,Globa Terra Acquisition Corporation Warrants,$0.0924,-0.0076,-7.60%,0.00,Mexico,2025,10968,Finance,Blank Checks
GTES,Gates Industrial Corporation plc Ordinary Shares,$25.58,0.72,2.896%,6493628780.00,United Kingdom,2018,2677348,Industrials,Industrial Machinery/Components
GTIM,Good Times Restaurants Inc. Common Stock,$1.27,0.00,0.00%,13408528.00,United States,,95126,Consumer Discretionary,Restaurants
GTLB,GitLab Inc. Class A Common Stock,$21.42,-0.41,-1.878%,3643542000.00,United States,2021,5182426,Technology,Computer Software: Prepackaged Software
GTLS,Chart Industries Inc. Common Stock,$208.30,0.64,0.308%,9970403022.00,United States,2006,1256350,Industrials,Metal Fabrications
GTM,ZoomInfo Technologies Inc Common Stock,$6.21,0.04,0.648%,1850923444.00,United States,2020,9272788,Technology,Computer Software: Prepackaged Software
GTN,Gray Media Inc. Common Stock,$5.91,0.17,2.962%,607440964.00,United States,,946539,Industrials,Broadcasting
GTX,Garrett Motion Inc. Common Stock,$19.91,0.63,3.268%,3749624258.00,Switzerland,,1917162,Consumer Discretionary,Auto Parts:O.E.M.
GTY,Getty Realty Corporation Common Stock,$34.61,0.56,1.645%,2070250138.00,United States,,447657,Finance,Real Estate
GUG,Guggenheim Active Allocation Fund Common Shares of Beneficial Interest,$15.69,0.04,0.256%,0.00,United States,2021,36860,Finance,Trusts Except Educational Religious and Charitable
GURE,Gulf Resources Inc. (NV) Common Stock,$5.42,-0.33,-5.739%,8344258.00,China,,19360,Industrials,Major Chemicals
GUT,Gabelli Utility Trust (The) Common Stock,$6.07,0.03,0.497%,445532106.00,United States,,156017,Finance,Trusts Except Educational Religious and Charitable
GUT^C,Gabelli Utility Trust (The) 5.375% Series C Cumulative Preferred Shares,$22.53,0.11,0.491%,,United States,,1471,,
GUTS,Fractyl Health Inc. Common Stock,$0.5694,0.055,10.692%,90334720.00,United States,2024,2987099,Health Care,Medical/Dental Instruments
GV,Visionary Holdings Inc. Common Shares,$0.223,-0.014,-5.907%,1250439.00,Canada,2022,507320,Real Estate,Other Consumer Services
GVA,Granite Construction Incorporated Common Stock,$124.27,0.85,0.689%,5406201444.00,United States,,1145104,Industrials,Military/Government/Technical
GVH,Globavend Holdings Limited Ordinary Shares,$2.84,0.06,2.158%,6494566.00,Australia,2023,56244,Industrials,Integrated Freight & Logistics
GWAV,Greenwave Technology Solutions Inc. Common Stock,$3.9921,0.1321,3.422%,3311970.00,United States,,16966,Industrials,Metal Fabrications
GWH,ESS Tech Inc. Common Stock,$1.16,0.02,1.754%,32390670.00,United States,,496570,Miscellaneous,Industrial Machinery/Components
GWRE,Guidewire Software Inc. Common Stock,$140.36,1.25,0.899%,11882522489.00,United States,2012,1252682,Technology,Computer Software: Prepackaged Software
GWRS,Global Water Resources Inc. Common Stock,$7.72,0.08,1.047%,222055254.00,United States,2016,61765,Utilities,Water Supply
GWW,W.W. Grainger Inc. Common Stock,$1162.94,29.42,2.595%,55041932756.00,United States,,271685,Industrials,Office Equipment/Supplies/Services
GXAI,Gaxos.ai Inc. Common Stock,$1.25,0.01,0.806%,12774918.00,United States,2023,4482993,Technology,Computer Software: Prepackaged Software
GXO,GXO Logistics Inc. Common Stock ,$58.79,1.72,3.014%,6744011309.00,United States,2021,1537873,Consumer Discretionary,Transportation Services
GYRE,Gyre Therapeutics Inc. Common Stock,$8.10,0.20,2.532%,785405249.00,United States,2006,89966,Health Care,Biotechnology: Pharmaceutical Preparations
GYRO,Gyrodyne LLC Common Stock,$7.4461,0.1461,2.001%,16376267.00,United States,,3345,Real Estate,Building operators
H,Hyatt Hotels Corporation Class A Common Stock,$172.48,8.40,5.119%,16237261853.00,United States,2009,1125591,Consumer Discretionary,Hotels/Resorts
HACQ,HCM IV Acquisition Corp. Class A Ordinary Share,$9.91,0.01,0.101%,0.00,United States,2026,60012,Finance,Blank Checks
HACQU,HCM IV Acquisition Corp. Unit,$10.03,0.01,0.10%,0.00,United States,2026,2000,,
HACQW,HCM IV Acquisition Corp. Warrants,$0.575,0.005,0.877%,0.00,United States,2026,126354,Finance,Blank Checks
HAE,Haemonetics Corporation Common Stock,$61.62,1.51,2.512%,2863564587.00,United States,1991,791931,Health Care,Medical/Dental Instruments
HAFC,Hanmi Financial Corporation Common Stock,$28.10,0.60,2.182%,836058541.00,United States,,374777,Finance,Major Banks
HAFN,Hafnia Limited Common Shares,$8.19,0.09,1.111%,4078535168.00,,2024,2609209,Consumer Discretionary,Transportation Services
HAIN,Hain Celestial Group Inc. (The) Common Stock,$0.8543,-0.0017,-0.199%,77735098.00,United States,,425551,Consumer Staples,Packaged Foods
HAL,Halliburton Company Common Stock,$37.15,-1.00,-2.621%,31026099528.00,United States,,15325391,Energy,Oilfield Services/Equipment
HALO,Halozyme Therapeutics Inc. Common Stock,$69.29,2.65,3.977%,8209084247.00,United States,,1674468,Health Care,Biotechnology: Biological Products (No Diagnostic Substances)
HAO,Haoxi Health Technology Limited Class A Ordinary Shares,$1.12,0.02,1.818%,66577087.00,China,2024,1148,Consumer Discretionary,Advertising
HAS,Hasbro Inc. Common Stock,$97.15,3.80,4.071%,13667621390.00,United States,,1483818,Consumer Discretionary,Recreational Games/Products/Toys
HASI,HA Sustainable Infrastructure Capital Inc. Common Stock,$40.64,0.57,1.423%,5219003593.00,United States,2013,841719,Finance,Finance/Investors Services
HAVA,Harvard Ave Acquisition Corporation Class A Ordinary Share,$10.04,0.005,0.05%,0.00,South Korea,2025,1600,,
HAVAR,Harvard Ave Acquisition Corporation Rights that convert on a 1/10th of 1 basis to Class A ordinary Shares,$0.12,0.00,0.00%,0.00,South Korea,2025,2,,
HAVAU,Harvard Ave Acquisition Corporation Unit,$10.13,0.00,0.00%,0.00,South Korea,2025,4,Finance,Blank Checks
HAYW,Hayward Holdings Inc. Common Stock,$15.27,0.43,2.898%,3323277334.00,United States,2021,2484559,Industrials,Industrial Machinery/Components
HBAN,Huntington Bancshares Incorporated Common Stock,$16.85,0.28,1.69%,34325466271.00,United States,,23736352,Finance,Major Banks
HBANL,Huntington Bancshares Incorporated Depositary Shares Each Representing a 1/40th Interest in a Share of 6.875% Series J Non-Cumulative Perpetual Preferred Stock,$25.49,0.07,0.275%,51926180133.00,United States,,17428,Finance,Major Banks
HBANM,Huntington Bancshares Incorporated Depositary Shares each representing a 1/1000th interest in a share of Huntington Series I Preferred Stock,$21.95,0.01,0.046%,44714776537.00,United States,,11943,Finance,Major Banks
HBANP,Huntington Bancshares Incorporated Depositary Shares 4.500% Series H Non-Cumulative Perpetual Preferred Stock,$17.17,0.00,0.00%,34977344562.00,United States,,42492,Finance,Major Banks
HBANZ,Huntington Bancshares Incorporated Depositary Shares Each Representing a 1/1000th Interest in a Share of 5.50% Series L Non-Cumulative Perpetual Preferred Stock,$21.27,0.13,0.615%,43329535168.00,United States,,3830,Finance,Major Banks
HBB,Hamilton Beach Brands Holding Company Class A Common Stock ,$20.69,0.84,4.232%,280913737.00,United States,2017,13310,Consumer Discretionary,Home Furnishings
HBCP,Home Bancorp Inc. Common Stock,$64.68,1.83,2.912%,506929241.00,United States,2008,187772,Finance,Banks
HBIO,Harvard Bioscience Inc. Common Stock,$6.13,0.22,3.723%,27413293.00,United States,2000,43811,Industrials,Biotechnology: Laboratory Analytical Instruments
HBM,Hudbay Minerals Inc. Ordinary Shares (Canada),$25.88,0.96,3.852%,10270351473.00,Canada,,5750044,Basic Materials,Metal Mining
HBNB,Hotel101 Global Holdings Corp. Class A Ordinary Shares,$6.425,0.245,3.964%,1504429157.00,Singapore,,5091,Consumer Discretionary,Hotels/Resorts
HBNC,Horizon Bancorp Inc. Common Stock,$18.01,0.43,2.446%,922579287.00,United States,,373267,Finance,Major Banks
HBT,HBT Financial Inc. Common Stock,$28.77,0.61,2.166%,1047208005.00,United States,2019,81723,Finance,Major Banks
HCA,HCA Healthcare Inc. Common Stock,$488.00,5.03,1.041%,109101655408.00,United States,2011,960802,Health Care,Hospital/Nursing Management
HCAC,Hall Chadwick Acquisition Corp Class A Ordinary Shares,$9.95,0.00,0.00%,0.00,Cayman Islands,2026,6986,Consumer Discretionary,Auto Parts:O.E.M.
HCACR,Hall Chadwick Acquisition Corp Rights,$0.32,0.02,6.667%,0.00,Cayman Islands,2026,7000,,
HCACU,Hall Chadwick Acquisition Corp. Unit,$10.35,0.00,0.00%,0.00,Cayman Islands,2025,44,Consumer Discretionary,Auto Parts:O.E.M.
HCAI,Huachen AI Parking Management Technology Holding Co. Ltd. Class A Ordinary Shares,$4.74,0.24,5.333%,5510250.00,China,2025,29114,Consumer Discretionary,Miscellaneous manufacturing industries
HCAT,Health Catalyst Inc Common Stock,$1.32,0.05,3.937%,97133762.00,United States,2019,787772,Technology,Computer Software: Programming Data Processing
HCC,Warrior Met Coal Inc. Common Stock,$86.37,0.55,0.641%,4560286769.00,United States,2017,880161,Energy,Coal Mining
HCHL,Happy City Holdings Limited Class A Ordinary shares,$1.31,-0.02,-1.504%,25167720.00,Hong Kong,2025,11907,Consumer Discretionary,Restaurants
HCI,HCI Group Inc. Common Stock,$157.65,1.43,0.915%,2048181706.00,United States,,278782,Finance,Property-Casualty Insurers
HCIC,Hennessy Capital Investment Corp. VIII Class A Ordinary Shares,$9.84,0.00,0.00%,0.00,United States,2026,153,,
HCICR,Hennessy Capital Investment Corp. VIII Share Rights,$0.15,-0.0001,-0.067%,0.00,United States,2026,3125,,
HCICU,Hennessy Capital Investment Corp. VIII Units,$9.98,0.00,0.00%,0.00,United States,2026,525,,
HCKT,Hackett Group Inc (The). Common Stock,$13.96,0.46,3.407%,352074355.00,United States,,283532,Consumer Discretionary,Professional Services
HCM,HUTCHMED (China) Limited American Depositary Shares,$15.74,0.38,2.474%,2746087348.00,Hong Kong,2016,31657,Health Care,Biotechnology: Pharmaceutical Preparations
HCMA,HCM III Acquisition Corp. Class A Ordinary Share,$10.13,0.01,0.099%,803367106.00,United States,2025,734,Consumer Discretionary,Hotels/Resorts
HCMAU,HCM III Acquisition Corp. Units,$10.24,0.01,0.098%,0.00,United States,2025,651,,
HCMAW,HCM III Acquisition Corp. Warrants,$0.402,0.00,0.00%,31880906.00,United States,2025,3,Consumer Discretionary,Hotels/Resorts
HCSG,Healthcare Services Group Inc. Common Stock,$19.17,0.45,2.404%,1321848180.00,United States,1983,440460,Health Care,Hospital/Nursing Management
HCTI,Healthcare Triangle Inc. Common Stock,$2.47,0.02,0.816%,4859942.00,United States,2021,87968,Technology,EDP Services
HCWB,HCW Biologics Inc. Common Stock,$0.437,0.018,4.296%,2942803.00,United States,2021,364288,Health Care,Biotechnology: Pharmaceutical Preparations
HCWC,Healthy Choice Wellness Corp. Class A Common Stock,$0.2715,-0.0037,-1.344%,6176849.00,,2024,232358,Consumer Staples,Food Chains
HCXY,Hercules Capital Inc. 6.25% Notes due 2033,$24.82,0.07,0.283%,4509190452.00,United States,2018,4679,Finance,Investment Managers
HD,Home Depot Inc. (The) Common Stock,$349.40,12.25,3.633%,348012063705.00,United States,,4923280,Consumer Discretionary,RETAIL: Building Materials
HDB,HDFC Bank Limited Common Stock,$27.51,1.08,4.086%,140796909208.00,India,2001,9090658,Finance,Commercial Banks
HDL,SUPER HI INTERNATIONAL HOLDING LTD. American Depositary Shares,$14.55,-0.81,-5.273%,946185045.00,Singapore,2024,4081,Consumer Discretionary,Restaurants
HDSN,Hudson Technologies Inc. Common Stock,$6.34,0.15,2.423%,269252331.00,United States,,234843,Consumer Discretionary,Industrial Specialties
HE,Hawaiian Electric Industries Inc. Common Stock,$15.79,0.03,0.19%,2725677316.00,United States,,2089434,Utilities,Electric Utilities: Central
HEI,Heico Corporation Common Stock,$291.57,6.91,2.427%,40679379596.00,United States,2000,559409,Industrials,Aerospace
HEI/A,Heico Corporation,$221.50,5.43,2.513%,,United States,,322838,,
HELE,Helen of Troy Limited Common Stock,$18.86,1.07,6.015%,435139863.00,Bermuda,,1296373,Consumer Discretionary,Home Furnishings
HELP,Cybin Inc. Common Stock,$5.50,0.00,0.00%,275196873.00,Canada,,985934,Health Care,Biotechnology: Pharmaceutical Preparations
HEPS,D-Market Electronic Services & Trading American Depositary Shares,$2.80,0.00,0.00%,899872137.00,Turkey,2021,463624,Consumer Discretionary,Catalog/Specialty Distribution
HEQ,John Hancock Diversified Income Fund Common Shares of Beneficial Interest,$11.51,0.19,1.678%,0.00,United States,2011,44278,Finance,Investment Managers
HERE,Here Group Limited American Depositary Shares,$3.59,0.11,3.161%,195240768.00,China,2023,95688,Real Estate,Other Consumer Services
HERZ,Herzfeld Credit Income Fund Inc. Common Stock,$17.10,0.41,2.457%,0.00,United States,,9916,Finance,Investment Managers
HESM,Hess Midstream LP Class A Representing Limited Partner Interests,$37.87,0.09,0.238%,4900500850.00,United States,2017,2269099,Energy,Oil & Gas Production
HFBL,Home Federal Bancorp Inc. of Louisiana Common Stock,$19.25,0.05,0.26%,59186762.00,United States,2010,1763,Finance,Savings Institutions
HFFG,HF Foods Group Inc. Common Stock,$2.16,0.04,1.887%,114574677.00,United States,2017,76028,Consumer Discretionary,Food Distributors
HFRO,Highland Opportunities and Income Fund Common Shares of Beneficial Interest,$6.11,0.02,0.328%,0.00,United States,2017,63437,Finance,Finance/Investors Services
HFRO^A,Highland Opportunities and Income Fund 5.375% Series A Cumulative Preferred Shares,$16.55,0.05,0.303%,,United States,,9856,,
HFRO^B,Highland Opportunities and Income Fund 5.375% Series B Cumulative Preferred Shares,$16.36,0.0111,0.068%,,United States,,21086,,
HFWA,Heritage Financial Corporation Common Stock,$27.49,0.54,2.004%,1130693939.00,United States,,299024,Finance,Banks
HG,Hamilton Insurance Group Ltd. Class B Common Shares,$32.03,0.50,1.586%,3192839155.00,Bermuda,2023,509879,Finance,Property-Casualty Insurers
HGBL,Heritage Global Inc. Common Stock,$1.46,0.02,1.389%,50722667.00,United States,,43106,Real Estate,Real Estate
HGLB,Highland Global Allocation Fund Common Stock,$8.35,0.06,0.724%,0.00,,2019,71616,Finance,Trusts Except Educational Religious and Charitable
HGTY,Hagerty Inc. Class A Common Stock,$10.83,0.30,2.849%,3710560402.00,United States,2021,185143,Finance,Specialty Insurers
HGV,Hilton Grand Vacations Inc. Common Stock ,$49.02,3.01,6.542%,3983309709.00,United States,2016,1095148,Consumer Discretionary,Hotels/Resorts
HHH,Howard Hughes Holdings Inc. Common Stock,$65.94,1.18,1.822%,3932420457.00,United States,,322019,Real Estate,Real Estate Investment Trusts
HHS,Harte Hanks Inc. Common Stock,$2.89,0.02,0.697%,21428755.00,United States,,18077,Consumer Discretionary,Advertising
HIFS,Hingham Institution for Savings Common Stock,$307.64,6.84,2.274%,660626136.00,United States,,82714,Finance,Banks
HIG,The Hartford Insurance Group Inc. Common Stock,$139.84,1.56,1.128%,38458962091.00,United States,,1662043,Finance,Property-Casualty Insurers
HIG^G,The Hartford Insurance Group Inc. Depositary Shares each representing a 1/1000th interest in a share of 6.000% Non-Cumulative Preferred Stock Series G,$25.06,0.04,0.16%,,United States,,28949,,
HIHO,Highway Holdings Limited Common Stock,$0.8882,0.0693,8.463%,4087341.00,Hong Kong,,26217,Industrials,Metal Fabrications
HII,Huntington Ingalls Industries Inc. Common Stock,$394.81,-1.36,-0.343%,15546500883.00,United States,,636959,Industrials,Marine Transportation
HIMS,Hims & Hers Health Inc. Class A Common Stock,$28.82,1.83,6.78%,6569195236.00,United States,2019,58768751,Health Care,Medical/Nursing Services
HIMX,Himax Technologies Inc. American Depositary Shares,$11.10,-0.17,-1.508%,1936127645.00,Taiwan,2006,3299562,Technology,Semiconductors
HIND,Vyome Holdings Inc. Common Stock,$2.21,-0.01,-0.45%,15510947.00,United States,2016,21488,Health Care,Medical/Dental Instruments
HIO,Western Asset High Income Opportunity Fund Inc. Common Stock,$3.75,0.03,0.806%,0.00,United States,,496978,Finance,Finance/Investors Services
HIPO,Hippo Holdings Inc. Common Stock,$28.89,0.99,3.548%,750301554.00,United States,2021,86911,Finance,Property-Casualty Insurers
HIT,Health In Tech Inc. Class A Common Stock,$1.50,0.06,4.167%,89937414.00,United States,2024,127276,Finance,Specialty Insurers
HITI,High Tide Inc. Common Shares,$2.43,0.02,0.83%,213591795.00,Canada,,365355,Consumer Discretionary,Other Specialty Stores
HIVE,HIVE Digital Technologies Ltd. Common Shares,$2.51,0.325,14.874%,625481852.00,Canada,,72700541,Finance,Finance: Consumer Services
HIW,Highwoods Properties Inc. Common Stock,$23.56,0.47,2.036%,2597704372.00,United States,1994,1030622,Real Estate,Real Estate Investment Trusts
HIX,Western Asset High Income Fund II Inc. Common Stock,$4.09,0.06,1.489%,0.00,United States,1998,269019,Finance,Finance/Investors Services
HKD,AMTD Digital Inc. American Depositary Shares (every five of which represent two Class A Ordinary Shares),$1.81,0.00,0.00%,228356788.00,,2022,502574,Finance,Finance: Consumer Services
HKIT,Hitek Global Inc. Class A Ordinary Share,$1.01,-0.08,-7.339%,710260.00,China,2023,210569,Technology,Computer Software: Prepackaged Software
HKPD,Cellyan Biotechnology Co. Ltd Class A Ordinary Shares,$0.73,0.03,4.286%,17154990.00,Hong Kong,2025,13320,Health Care,Other Pharmaceuticals
HL,Hecla Mining Company Common Stock,$19.54,0.43,2.25%,13102857510.00,United States,,12703270,Industrials,Mining & Quarrying of Nonmetallic Minerals (No Fuels)
HL^B,Hecla Mining Company Preferred Stock,$70.50,1.38,1.997%,,United States,,119,,
HLF,Herbalife Ltd. Common Shares,$17.02,0.85,5.257%,1760035987.00,Cayman Islands,2004,1278157,Health Care,Other Pharmaceuticals
HLI,Houlihan Lokey Inc. Class A Common Stock,$162.50,3.72,2.343%,11340111088.00,United States,2015,597855,Finance,Investment Managers
HLIO,Helios Technologies Inc. Common Stock,$68.73,1.81,2.705%,2275451876.00,United States,2021,369304,Industrials,Metal Fabrications
HLIT,Harmonic Inc. Common Stock,$10.50,0.28,2.74%,1157544738.00,United States,1995,1081311,Technology,Radio And Television Broadcasting And Communications Equipment
HLLY,Holley Inc. Common Stock,$3.32,0.24,7.792%,405157312.00,United States,2020,873934,Consumer Discretionary,Auto Parts:O.E.M.
HLMN,Hillman Solutions Corp. Common Stock,$8.87,0.32,3.743%,1743761327.00,United States,2020,2022419,Consumer Discretionary,Industrial Machinery/Components
HLN,Haleon plc American Depositary Shares (Each representing two Ordinary Shares),$9.75,0.16,1.668%,43419048514.00,United Kingdom,2022,6796864,Consumer Discretionary,Package Goods/Cosmetics
HLNE,Hamilton Lane Incorporated Class A Common Stock,$106.78,2.61,2.506%,5955666673.00,United States,2017,606095,Finance,Investment Managers
HLP,Hongli Group Inc. Ordinary Shares,$1.11,0.02,1.835%,81517013.00,China,2023,421330,Industrials,Industrial Machinery/Components
HLT,Hilton Worldwide Holdings Inc. Common Stock ,$341.03,10.65,3.224%,78026277713.00,United States,2016,1874716,Consumer Discretionary,Hotels/Resorts
HLX,Helix Energy Solutions Group Inc. Common Stock,$9.16,-0.31,-3.273%,1349232203.00,United States,,1658501,Energy,Oilfield Services/Equipment
HLXC,Helix Acquisition Corp. III Class A Ordinary Shares,$10.30,0.01,0.097%,0.00,United States,2026,381,,
HMC,Honda Motor Company Ltd. Common Stock,$25.00,0.64,2.627%,36220913100.00,Japan,,2399277,Industrials,Auto Manufacturing
HMH,HMH Holding Inc. Class A Common Stock,$18.51,-0.49,-2.579%,797734651.00,United States,2026,365511,Consumer Discretionary,Oil and Gas Field Machinery
HMN,Horace Mann Educators Corporation Common Stock,$45.41,0.67,1.498%,1833709021.00,United States,1991,193127,Finance,Property-Casualty Insurers
HMR,Heidmar Maritime Holdings Corp. Common Stock,$0.835,-0.0058,-0.69%,48566390.00,Greece,,74958,Consumer Discretionary,Marine Transportation
HMY,Harmony Gold Mining Company Limited,$18.67,1.16,6.625%,11851113407.00,South Africa,,8036636,Basic Materials,Precious Metals
HNGE,Hinge Health Inc. Class A Common Stock,$43.32,0.40,0.932%,3412023557.00,United States,2025,483217,Technology,EDP Services
HNI,HNI Corporation Common Stock,$37.94,2.20,6.156%,2731410930.00,United States,,808647,Consumer Discretionary,Office Equipment/Supplies/Services
HNNA,Hennessy Advisors Inc. Common Stock,$9.9999,0.1799,1.832%,78920981.00,United States,,3639,Finance,Investment Managers
HNNAZ,Hennessy Advisors Inc. 4.875% Notes due 2026,$25.01,-0.03,-0.12%,194766876.00,United States,,544,Finance,Investment Managers
HNRG,Hallador Energy Company Common Stock,$15.75,-0.83,-5.006%,742303674.00,United States,,1608895,Energy,Coal Mining
HNST,The Honest Company Inc. Common Stock,$3.38,0.02,0.595%,379681609.00,United States,2021,1759129,Consumer Discretionary,Catalog/Specialty Distribution
HNVR,Hanover Bancorp Inc. Common Stock,$22.67,0.31,1.386%,162592142.00,United States,2022,20327,Finance,Major Banks
HOFT,Hooker Furnishings Corporation Common Stock,$12.62,0.02,0.159%,136014826.00,United States,,46672,Consumer Discretionary,Home Furnishings
HOG,Harley-Davidson Inc. Common Stock,$23.49,1.05,4.679%,2562665510.00,United States,,4098486,Consumer Discretionary,Motor Vehicles
HOLO,MicroCloud Hologram Inc. Ordinary Shares,$2.24,-0.02,-0.885%,51323686.00,United States,2021,596043,Technology,Computer Software: Programming Data Processing
HOLOW,MicroCloud Hologram Inc. Warrant,$0.0828,-0.0023,-2.703%,1897143.00,United States,2021,15163,Technology,Computer Software: Programming Data Processing
HOMB,Home BancShares Inc. Common Stock,$26.89,0.15,0.561%,5287493046.00,United States,2006,2487703,Finance,Major Banks
HON,Honeywell International Inc. Common Stock,$233.55,4.17,1.818%,147989685942.00,United States,,4071877,Industrials,Aerospace
HOOD,Robinhood Markets Inc. Class A Common Stock,$90.75,3.90,4.491%,81702986393.00,United States,2021,49689773,Finance,Investment Bankers/Brokers/Service
HOPE,Hope Bancorp Inc. Common Stock,$12.53,0.27,2.202%,1603171587.00,United States,,1056328,Finance,Major Banks
HOTH,Hoth Therapeutics Inc. Common Stock,$0.73,-0.0132,-1.776%,11868086.00,United States,2019,932251,Health Care,Biotechnology: Pharmaceutical Preparations
HOUR,Hour Loop Inc. Common Stock,$2.35,0.15,6.818%,82682142.00,United States,2022,28148,Consumer Discretionary,Catalog/Specialty Distribution
HOV,Hovnanian Enterprises Inc. Class A Common Stock,$116.08,11.37,10.859%,689305560.00,United States,1983,119462,Consumer Discretionary,Homebuilding
HOVNP,Hovnanian Enterprises Inc Dep Shr Srs A Pfd,$21.25,0.46,2.213%,126186623.00,United States,,13933,Consumer Discretionary,Homebuilding
HOVR,New Horizon Aircraft Ltd. Class A Ordinary Share,$1.83,0.05,2.809%,82831927.00,United States,2023,690774,Industrials,Aerospace
HOVRW,New Horizon Aircraft Ltd. Warrant,$0.3266,0.0116,3.683%,14783009.00,United States,2023,37226,Industrials,Aerospace
HOWL,Werewolf Therapeutics Inc. Common Stock,$0.9457,0.0341,3.741%,45958010.00,United States,2021,215647,Health Care,Biotechnology: Pharmaceutical Preparations
HP,Helmerich & Payne Inc. Common Stock,$33.64,-1.30,-3.721%,3358936776.00,United States,,1409051,Energy,Oil & Gas Production
HPAI,Helport AI Limited Ordinary Shares,$1.53,0.09,6.25%,57599772.00,Singapore,,15460,Technology,Computer Software: Prepackaged Software
HPAIW,Helport AI Limited Warrants,$0.079,-0.0183,-18.808%,2974106.00,Singapore,,29430,Technology,Computer Software: Prepackaged Software
HPE,Hewlett Packard Enterprise Company Common Stock,$26.44,0.55,2.124%,35082022113.00,United States,2015,17882535,Technology,Retail: Computer Software & Peripheral Equipment
HPE^C,Hewlett Packard Enterprise Company 7.625% Series C Mandatory Convertible Preferred Stock,$71.57,1.58,2.257%,,United States,,250725,,
HPF,John Hancock Pfd Income Fund II Pfd Income Fund II,$15.93,0.12,0.759%,0.00,United States,2002,55717,Finance,Finance Companies
HPI,John Hancock Preferred Income Fund Common Shares of Beneficial Interest,$16.08,0.10,0.626%,0.00,United States,2002,56552,Finance,Trusts Except Educational Religious and Charitable
HPK,HighPeak Energy Inc. Common Stock,$5.345,-0.305,-5.398%,675384066.00,United States,,1356671,Energy,Oil & Gas Production
HPP,Hudson Pacific Properties Inc. Common Stock,$7.54,0.47,6.648%,408984861.00,United States,2010,2219252,Finance,Real Estate
HPP^C,Hudson Pacific Properties Inc. 4.750% Series C Cumulative Redeemable Preferred Stock,$14.55,0.30,2.105%,,United States,,3469,,
HPQ,HP Inc. Common Stock,$19.88,0.16,0.811%,18245562858.00,United States,,15875391,Technology,Computer Manufacturing
HPS,John Hancock Preferred Income Fund III Preferred Income Fund III,$14.64,0.23,1.596%,0.00,United States,2003,58428,Finance,Investment Managers
HQ,Horizon Quantum Holdings Ltd. Class A Ordinary Shares,$11.78,0.03,0.255%,607590419.00,Singapore,,506001,Technology,EDP Services
HQH,abrdn Healthcare Investors Shares of Beneficial Interest,$19.98,0.22,1.113%,945927645.00,United States,1987,156392,Finance,Finance Companies
HQI,HireQuest Inc. Common Stock (DE),$10.44,0.26,2.554%,146160000.00,United States,,19384,Consumer Discretionary,Professional Services
HQL,abrdn Life Sciences Investors Shares of Beneficial Interest,$18.01,0.12,0.671%,462490244.00,United States,1992,134737,Finance,Investment Managers
HQWWW,Horizon Quantum Holdings Ltd. Warrant,$3.40,0.00,0.00%,0.00,Singapore,,51079,Technology,EDP Services
HQY,HealthEquity Inc. Common Stock,$86.04,1.51,1.786%,7268522052.00,United States,2014,1081594,Real Estate,Real Estate
HR,Healthcare Realty Trust Incorporated Common Stock,$18.55,0.24,1.311%,6428206423.00,United States,,2606954,Real Estate,Real Estate Investment Trusts
HRB,H&R Block Inc. Common Stock,$32.16,0.21,0.657%,4076593174.00,United States,,2058243,Consumer Discretionary,Other Consumer Services
HRI,Herc Holdings Inc. Common Stock ,$110.18,6.08,5.841%,3676735026.00,United States,2016,947505,Industrials,Misc Corporate Leasing Services
HRL,Hormel Foods Corporation Common Stock,$21.19,0.29,1.388%,11660522346.00,United States,,5616886,Consumer Staples,Meat/Poultry/Fish
HRMY,Harmony Biosciences Holdings Inc. Common Stock,$29.99,0.57,1.937%,1735442996.00,United States,2020,671863,Health Care,Biotechnology: Pharmaceutical Preparations
HROW,Harrow Inc. Common Stock,$41.50,0.85,2.091%,1545032758.00,United States,,777006,Health Care,Biotechnology: Pharmaceutical Preparations
HRTG,Heritage Insurance Holdings Inc. Common Stock,$27.22,-0.07,-0.257%,836223388.00,United States,2014,320991,Finance,Property-Casualty Insurers
HRTX,Heron Therapeutics Inc. Common Stock,$1.00,0.06,6.383%,188537136.00,United States,,2630135,Health Care,Biotechnology: Pharmaceutical Preparations
HRZN,Horizon Technology Finance Corporation Common Stock,$4.38,-0.05,-1.129%,209384634.00,United States,2010,1932863,Finance,Finance: Consumer Services
HSAI,Hesai Group American Depositary Share each ADS represents one Class B ordinary share,$23.25,-1.29,-5.257%,3079873188.00,China,2023,3178267,Industrials,Industrial Machinery/Components
HSBC,HSBC Holdings plc. Common Stock,$92.16,1.64,1.812%,316574021100.00,United Kingdom,,1407528,Finance,Savings Institutions
HSCS,HeartSciences Inc. Common Stock,$2.1499,0.0899,4.364%,6846787.00,United States,2022,19325,Health Care,Industrial Specialties
HSCSW,HeartSciences Inc. Warrant,$0.0648,0.0038,6.23%,206369.00,United States,2022,898,Health Care,Industrial Specialties
HSDT,Solana Company Class A Common Stock (DE),$2.12,0.06,2.913%,116365886.00,United States,,379472,Health Care,Biotechnology: Electromedical & Electrotherapeutic Apparatus
HSHP,Himalaya Shipping Ltd. Common Shares,$14.24,0.46,3.338%,665720000.00,,2023,169681,Consumer Discretionary,Marine Transportation
HSIC,Henry Schein Inc. Common Stock,$78.83,1.62,2.098%,9045588860.00,United States,1995,1002561,Health Care,Medical Specialities
HSLV,Highlander Silver Corp. Common Shares,$6.47,0.05,0.779%,1315264742.00,,,209174,,
HSPT,Horizon Space Acquisition II Corp. Ordinary share,$7.55,0.37,5.153%,0.00,United States,2025,872,Finance,Blank Checks
HSPTR,Horizon Space Acquisition II Corp. Right,$0.30,0.0199,7.105%,0.00,United States,2025,18536,Finance,Blank Checks
HSPTU,Horizon Space Acquisition II Corp. Units,$8.47,0.00,0.00%,0.00,United States,2024,1,,
HST,Host Hotels & Resorts Inc. Common Stock,$21.12,0.55,2.674%,14516479275.00,United States,,5804067,Real Estate,Real Estate Investment Trusts
HSTM,HealthStream Inc. Common Stock,$21.73,0.37,1.732%,639332063.00,United States,2000,172282,Technology,Computer Software: Programming Data Processing
HSY,The Hershey Company Common Stock,$192.63,1.27,0.664%,39044358084.00,United States,,3196785,Consumer Staples,Specialty Foods
HTB,HomeTrust Bancshares Inc. Common Stock,$45.55,0.92,2.061%,766064455.00,United States,,80407,Finance,Savings Institutions
HTBK,Heritage Commerce Corp Common Stock,$13.45,0.40,3.065%,828429670.00,United States,,3933129,Finance,Major Banks
HTCO,High-Trend International Group Class A Ordinary Shares,$10.87,-0.24,-2.16%,80278472.00,Singapore,,186650,Consumer Discretionary,Marine Transportation
HTCR,Heartcore Enterprises Inc. Common Stock,$3.52,0.01,0.285%,4476687.00,Japan,2022,35075,Technology,EDP Services
HTD,John Hancock Tax Advantaged Dividend Income Fund Common Shares of Beneficial Interest,$25.45,0.06,0.236%,0.00,United States,2004,26849,Finance,Finance Companies
HTFC,Horizon Technology Finance Corporation 6.25% Notes due 2027,$24.53,-0.03,-0.122%,1043646487.00,United States,2022,4727,Finance,Finance: Consumer Services
HTFL,Heartflow Inc. Common Stock,$31.34,1.54,5.168%,2687648010.00,United States,2025,1095553,Health Care,Medical/Dental Instruments
HTGC,Hercules Capital Inc. Common Stock,$15.96,0.32,2.046%,2931779175.00,United States,2012,1950726,Finance,Investment Managers
HTH,Hilltop Holdings Inc.,$37.92,0.98,2.653%,2254327201.00,United States,,271340,Finance,Major Banks
HTHT,H World Group Limited American Depositary Shares,$55.67,0.84,1.532%,17087298194.00,China,2010,1373898,Consumer Discretionary,Hotels/Resorts
HTLD,Heartland Express Inc. Common Stock,$11.63,0.30,2.648%,901249661.00,United States,1986,330762,Industrials,Trucking Freight/Courier Services
HTLM,HomesToLife Ltd Ordinary Shares,$2.02,0.04,2.02%,181168750.00,Singapore,2024,12024,Consumer Discretionary,Other Specialty Stores
HTO,H2O America Common Stock,$58.05,-1.37,-2.306%,2428785297.00,United States,,1053884,Utilities,Water Supply
HTOO,Fusion Fuel Green PLC Class A Ordinary Shares,$3.03,0.09,3.061%,9144061.00,Ireland,,27256,Energy,Industrial Machinery/Components
HTT,High Templar Tech Limited American depositary shares each representing one Class A ordinary share,$2.56,-0.02,-0.775%,397525770.00,China,2017,53087,Finance,Finance: Consumer Services
HTZ,Hertz Global Holdings Inc Common Stock,$7.43,0.45,6.447%,2320839838.00,United States,,22123417,Consumer Discretionary,Rental/Leasing Companies
HTZWW,Hertz Global Holdings Inc Warrant,$3.58,0.19,5.605%,1118251227.00,United States,,310353,Consumer Discretionary,Rental/Leasing Companies
HUBB,Hubbell Inc Common Stock,$535.57,13.86,2.657%,28398456788.00,United States,2015,579397,Technology,Electrical Products
HUBC,Hub Cyber Security Ltd. Ordinary Shares,$0.1483,-0.035,-19.094%,323848.00,Israel,,39426611,Telecommunications,Computer Communications Equipment
HUBCW,Hub Cyber Security Ltd. Warrant 2/27/28,$0.0115,-0.002,-14.815%,25113.00,Israel,,246578,Telecommunications,Computer Communications Equipment
HUBCZ,Hub Cyber Security Ltd. Warrant ,$0.0098,-0.0004,-3.922%,21401.00,Israel,,70539,Telecommunications,Computer Communications Equipment
HUBG,Hub Group Inc. Class A Common Stock,$42.66,1.34,3.243%,2608808737.00,United States,1996,944820,Industrials,Integrated Freight & Logistics
HUBS,HubSpot Inc. Common Stock,$222.49,-0.49,-0.22%,11734241855.00,United States,2014,1412042,Technology,Computer Software: Prepackaged Software
HUDI,Huadi International Group Co. Ltd. Ordinary Shares,$1.272,0.052,4.262%,18188560.00,China,2021,32653,Industrials,Steel/Iron Ore
HUHU,HUHUTECH International Group Inc. Ordinary Shares,$10.54,0.02,0.19%,268704114.00,China,2024,41949,Telecommunications,Metal Fabrications
HUIZ,Huize Holding Limited American Depositary Shares,$1.57,-0.15,-8.721%,15839064.00,China,2020,12514,Finance,Specialty Insurers
HUM,Humana Inc. Common Stock,$205.14,4.38,2.182%,24739056670.00,United States,,1895681,Health Care,Medical Specialities
HUMA,Humacyte Inc. Common Stock,$0.7102,0.0266,3.891%,157677971.00,United States,2020,5049860,Health Care,Biotechnology: Biological Products (No Diagnostic Substances)
HUMAW,Humacyte Inc. Warrant,$0.0751,0.0037,5.182%,16673635.00,United States,2020,586,Health Care,Biotechnology: Biological Products (No Diagnostic Substances)
HUN,Huntsman Corporation Common Stock,$13.35,-0.39,-2.838%,2322581456.00,United States,2005,6556530,Industrials,Major Chemicals
HURA,TuHURA Biosciences Inc. Common Stock,$2.92,-0.04,-1.351%,185649302.00,United States,,1550721,Health Care,Biotechnology: Pharmaceutical Preparations
HURC,Hurco Companies Inc. Common Stock,$16.36,-0.03,-0.183%,105463987.00,United States,,10558,Industrials,Industrial Machinery/Components
HURN,Huron Consulting Group Inc. Common Stock,$129.17,-2.30,-1.749%,2141213889.00,United States,2004,220617,Consumer Discretionary,Professional Services
HUT,Hut 8 Corp. Common Stock,$74.90,3.98,5.612%,8305457572.00,United States,,6002101,Finance,Finance: Consumer Services
HUYA,HUYA Inc. American depositary shares each  representing one Class A ordinary share,$3.18,-0.02,-0.625%,710760875.00,United States,2018,674826,Technology,Computer Software: Programming Data Processing
HVII,Hennessy Capital Investment Corp. VII Ordinary Shares,$10.405,0.005,0.048%,,United States,2025,1456,,
HVIIR,Hennessy Capital Investment Corp. VII Rights,$0.315,0.02,6.78%,0.00,United States,2025,1363,Finance,Blank Checks
HVIIU,Hennessy Capital Investment Corp. VII Unit,$10.57,0.00,0.00%,0.00,United States,2025,105,Finance,Blank Checks
HVMC,Highview Merger Corp. Class A Ordinary Share,$10.10,0.03,0.298%,0.00,United States,2025,787,,
HVMCU,Highview Merger Corp. Units,$10.24,0.00,0.00%,0.00,United States,2025,100,Finance,Blank Checks
HVMCW,Highview Merger Corp. Warrants,$0.29,0.01,3.571%,0.00,United States,2025,125000,,
HVT,Haverty Furniture Companies Inc. Common Stock,$23.28,0.67,2.963%,376808753.00,United States,,86626,Consumer Discretionary,Other Specialty Stores
HVT/A,Haverty Furniture Companies Inc.,$23.84,0.00,0.00%,,United States,,266,,
HWBK,Hawthorn Bancshares Inc. Common Stock,$35.26,1.25,3.675%,243357821.00,United States,,14015,Finance,Major Banks
HWC,Hancock Whitney Corporation Common Stock,$68.74,1.98,2.966%,5605508060.00,United States,,827509,Finance,Major Banks
HWCPZ,Hancock Whitney Corporation 6.25% Subordinated Notes due 2060,$22.8404,0.0404,0.177%,1935837600.00,United States,,22319,Finance,Major Banks
HWH,HWH International Inc. Common Stock,$1.17,0.00,0.00%,8747388.00,United States,2022,2622,Health Care,Other Pharmaceuticals
HWKN,Hawkins Inc. Common Stock,$151.08,3.59,2.434%,3157888210.00,United States,,210449,Consumer Discretionary,Specialty Chemicals
HWM,Howmet Aerospace Inc. Common Stock,$255.69,8.09,3.267%,102458449389.00,United States,,2276351,Industrials,Metal Fabrications
HXHX,Haoxin Holdings Limited Class A Ordinary Shares,$0.6297,-0.0203,-3.123%,8658375.00,China,2025,71091,Industrials,Trucking Freight/Courier Services
HXL,Hexcel Corporation Common Stock,$88.76,5.77,6.953%,6692058957.00,United States,,1735934,Industrials,Major Chemicals
HY,Hyster-Yale Inc. Class A common stock,$38.26,2.10,5.808%,553003383.00,United States,,64849,Industrials,Construction/Ag Equipment/Trucks
HYFM,Hydrofarm Holdings Group Inc. Common Stock,$0.9834,0.0334,3.516%,4685519.00,United States,2020,74870,Consumer Discretionary,Consumer Specialties
HYFT,MindWalk Holdings Corp. Common Stock,$1.33,0.01,0.758%,62126782.00,Canada,,363175,Health Care,Biotechnology: Pharmaceutical Preparations
HYI,Western Asset High Yield Opportunity Fund Inc. Common Stock,$11.035,0.065,0.593%,0.00,,2010,47278,Finance,Investment Managers
HYLN,Hyliion Holdings Corp. Class A Common Stock,$2.00,0.08,4.167%,356634308.00,United States,2019,831439,Consumer Discretionary,Construction/Ag Equipment/Trucks
HYMC,Hycroft Mining Holding Corporation Class A Common Stock,$44.17,3.45,8.472%,4021594621.00,United States,2018,2826259,Basic Materials,Precious Metals
HYNE,Hoyne Bancorp Inc. Common Stock,$15.83,0.37,2.393%,128174529.00,United States,2025,4087,Finance,Banks
HYPD,Hyperion DeFi Inc. Common Stock,$4.46,0.55,14.066%,50806737.00,United States,2018,877964,Health Care,Biotechnology: Pharmaceutical Preparations
HYPR,Hyperfine Inc. Class A Common Stock,$1.31,-0.02,-1.504%,129061458.00,United States,2021,1208085,Health Care,Biotechnology: Electromedical & Electrotherapeutic Apparatus
HYT,Blackrock Corporate High Yield Fund Inc. Common Stock,$8.64,0.03,0.348%,0.00,United States,2003,712053,Finance,Finance Companies
HZO,MarineMax Inc.  (FL) Common Stock,$30.54,1.78,6.189%,672717224.00,United States,1998,542951,Consumer Discretionary,Auto & Home Supply Stores
IAC,IAC Inc. Common Stock,$44.36,0.87,2.00%,3411637283.00,United States,,1332293,Technology,Computer Software: Programming Data Processing
IACO,Idea Acquisition Corp. Class A Ordinary Shares,$9.85,-0.06,-0.605%,0.00,United States,2026,32960,Finance,Blank Checks
IACOU,Idea Acquisition Corp. Units,$10.00,0.00,0.00%,0.00,United States,2026,26747,Finance,Blank Checks
IACOW,Idea Acquisition Corp. Warrants,$0.30,0.00,0.00%,0.00,United States,2026,50360,Finance,Blank Checks
IAE,Voya Asia Pacific High Dividend Equity Income Fund ING Asia Pacific High Dividend Equity Income Fund Common Shares of Beneficial Interest,$8.02,0.14,1.777%,0.00,United States,2007,37292,Finance,Trusts Except Educational Religious and Charitable
IAF,abrdn Australia Equity Fund Inc. Common Stock,$13.21,0.17,1.304%,0.00,United States,1985,13503,Finance,Finance/Investors Services
IAG,Iamgold Corporation Ordinary Shares,$19.25,0.35,1.852%,11207772903.00,Canada,,5176790,Basic Materials,Precious Metals
IART,Integra LifeSciences Holdings Corporation Common Stock,$11.14,0.30,2.768%,868220497.00,United States,,719596,Health Care,Medical/Dental Instruments
IAUX,i-80 Gold Corp. Common Shares,$1.66,0.05,3.106%,1394569785.00,Canada,2022,12811186,Basic Materials,Precious Metals
IBAC,IB Acquisition Corp. Common Stock,$10.76,0.01,0.093%,0.00,United States,2024,3260,Finance,Blank Checks
IBACR,IB Acquisition Corp. Right,$0.1125,0.00,0.00%,0.00,United States,2024,3197,Finance,Blank Checks
IBCP,Independent Bank Corporation Common Stock,$34.79,0.79,2.324%,716272036.00,United States,,194055,Finance,Major Banks
IBEX,IBEX Limited Common Shares,$29.72,0.23,0.78%,398412054.00,Bermuda,2020,98145,Technology,EDP Services
IBG,Innovation Beverage Group Limited Ordinary Shares,$1.28,0.02,1.587%,1368168.00,Australia,2024,331098,Consumer Staples,Beverages (Production/Distribution)
IBIO,iBio Inc. Common Stock,$2.06,-0.05,-2.37%,71159736.00,United States,,776290,Health Care,Biotechnology: Pharmaceutical Preparations
IBKR,Interactive Brokers Group Inc. Class A Common Stock,$81.71,2.335,2.942%,36411322336.00,United States,2019,5486532,Finance,Investment Bankers/Brokers/Service
IBM,International Business Machines Corporation Common Stock,$253.47,2.47,0.984%,237763580382.00,United States,,5623851,Technology,Computer Manufacturing
IBN,ICICI Bank Limited Common Stock,$28.80,0.42,1.48%,102751768973.00,India,,9188432,Finance,Commercial Banks
IBO,Impact BioMedical Inc. Common Stock,$0.645,-0.0181,-2.73%,69544694.00,,2024,108795,Health Care,Biotechnology: Pharmaceutical Preparations
IBOC,International Bancshares Corporation Common Stock,$72.31,1.76,2.495%,4496070861.00,United States,,415819,Finance,Major Banks
IBP,Installed Building Products Inc. Common Stock,$297.64,15.50,5.494%,8017925434.00,United States,2014,414716,Consumer Discretionary,Homebuilding
IBRX,ImmunityBio Inc. Common Stock,$7.70,0.45,6.207%,7916458211.00,United States,2015,21471952,Health Care,Biotechnology: Biological Products (No Diagnostic Substances)
IBTA,Ibotta Inc. Class A Common Stock,$35.25,-0.20,-0.564%,840557048.00,United States,2024,126525,Consumer Discretionary,Advertising
ICCC,ImmuCell Corporation Common Stock,$7.98,0.44,5.836%,72193456.00,United States,1987,46682,Health Care,Biotechnology: In Vitro & In Vivo Diagnostic Substances
ICCM,IceCure Medical Ltd. Ordinary Shares,$0.359,-0.0042,-1.156%,29143636.00,Israel,,217618,Health Care,Medical/Dental Instruments
ICE,Intercontinental Exchange Inc. Common Stock,$161.24,-2.51,-1.533%,91331295904.00,United States,2005,4881718,Finance,Investment Bankers/Brokers/Service
ICFI,ICF International Inc. Common Stock,$70.53,-2.38,-3.264%,1288814438.00,United States,2006,338699,Consumer Discretionary,Professional Services
ICG,Intchains Group Limited American Depositary Shares,$1.68,0.345,25.843%,202915275.00,China,2023,19729485,Technology,Semiconductors
ICHR,Ichor Holdings Ordinary Shares,$65.75,2.07,3.251%,2284464748.00,United States,2016,582351,Technology,Semiconductors
ICL,ICL Group Ltd. Ordinary Shares,$5.24,-0.09,-1.689%,6763125100.00,Israel,2014,1427269,Industrials,Agricultural Chemicals
ICLR,ICON plc Ordinary Shares,$119.68,4.10,3.547%,9664981005.00,Ireland,1998,1175799,Health Care,Biotechnology: Commercial Physical & Biological Resarch
ICMB,Investcorp Credit Management BDC Inc. Common Stock,$2.13,0.08,3.902%,30741165.00,United States,2014,52358,Finance,Finance: Consumer Services
ICON,Icon Energy Corp. Common stock,$1.07,-0.04,-3.604%,3439054.00,Greece,2024,127722,Consumer Discretionary,Marine Transportation
ICR^A,InPoint Commercial Real Estate Income Inc. 6.75% Series A Cumulative Redeemable Preferred Stock,$21.3642,0.00,0.00%,,,,77,,
ICU,SeaStar Medical Holding Corporation Common Stock,$4.20,0.04,0.962%,16773620.00,United States,2021,263163,Health Care,Medical/Dental Instruments
ICUCW,SeaStar Medical Holding Corporation Warrant,$0.0268,0.00,0.00%,107032.00,United States,2021,1061,Health Care,Medical/Dental Instruments
ICUI,ICU Medical Inc. Common Stock,$129.96,3.92,3.11%,3248010744.00,United States,1992,321705,Health Care,Medical/Dental Instruments
IDA,IDACORP Inc. Common Stock,$147.96,-0.12,-0.081%,8131251586.00,United States,,473155,Utilities,Electric Utilities: Central
IDAI,T Stamp Inc. Class A Common Stock,$2.53,-0.10,-3.802%,13371070.00,United States,,41811,Technology,Computer Software: Prepackaged Software
IDCC,InterDigital Inc. Common Stock,$373.02,-2.14,-0.57%,9581677453.00,United States,,352614,Miscellaneous,Multi-Sector Companies
IDE,Voya Infrastructure Industrials and Materials Fund Common Shares of Beneficial Interest,$13.64,0.18,1.337%,0.00,United States,2010,73696,Finance,Finance/Investors Services
IDN,Intellicheck Inc. Common Stock,$8.49,0.23,2.785%,171829619.00,United States,1999,304694,Technology,Computer Software: Prepackaged Software
IDR,Idaho Strategic Resources Inc. Common Stock,$43.32,3.64,9.173%,684728959.00,United States,2022,291182,Basic Materials,Precious Metals
IDT,IDT Corporation Class B Common Stock,$52.15,0.88,1.716%,1307725395.00,United States,,124076,Telecommunications,Telecommunications Equipment
IDXX,IDEXX Laboratories Inc. Common Stock,$589.25,19.30,3.386%,46856534806.00,United States,1991,493541,Health Care,Biotechnology: In Vitro & In Vivo Diagnostic Substances
IDYA,IDEAYA Biosciences Inc. Common Stock,$33.91,1.40,4.306%,2977773656.00,United States,2019,1613338,Health Care,Biotechnology: Pharmaceutical Preparations
IE,Ivanhoe Electric Inc. Common Stock,$15.40,0.43,2.872%,2410248595.00,Canada,2022,2921379,Basic Materials,Metal Mining
IEAG,Infinite Eagle Acquisition Corp. Class A Ordinary Shares,$10.03,0.015,0.15%,0.00,United States,2026,1035037,Finance,Blank Checks
IEAGR,Infinite Eagle Acquisition Corp. Rights,$0.18,0.00,0.00%,0.00,United States,2026,2200,Finance,Blank Checks
IEAGU,Infinite Eagle Acquisition Corp. Unit,$10.20,0.02,0.196%,0.00,United States,2026,1469,,
IEP,Icahn Enterprises L.P. Common Stock,$7.74,-0.07,-0.896%,4932001158.00,United States,,1059585,Consumer Discretionary,Auto Parts:O.E.M.
IESC,IES Holdings Inc. Common Stock,$537.58,54.20,11.213%,10712893702.00,United States,,277146,Industrials,Engineering & Construction
IEX,IDEX Corporation Common Stock,$205.92,5.21,2.596%,15279802687.00,United States,1989,636093,Industrials,Fluid Controls
IFBD,Infobird Co. Ltd Ordinary Shares,$1.05,-0.005,-0.474%,8598003.00,China,2021,4550,Technology,Computer Software: Prepackaged Software
IFF,International Flavors & Fragrances Inc. Common Stock,$75.88,3.82,5.301%,19385631714.00,United States,,2833894,Industrials,Major Chemicals
IFN,Aberdeen India Fund Inc. Common Stock,$12.34,0.17,1.397%,0.00,United States,,152067,Finance,Finance/Investors Services
IFRX,InflaRx N.V. Common Stock,$1.59,0.39,32.50%,114945646.00,Germany,2017,7909713,Health Care,Biotechnology: Pharmaceutical Preparations
IFS,Intercorp Financial Services Inc. Common Shares,$49.19,0.00,0.00%,5678872609.00,,2019,428177,Finance,Commercial Banks
IGA,Voya Global Advantage and Premium Opportunity Fund Common Shares of Beneficial Interest,$9.72,0.03,0.31%,0.00,United States,2005,33884,Finance,Investment Managers
IGAC,Invest Green Acquisition Corporation Class A Ordinary Shares,$9.95,0.02,0.201%,0.00,United States,2025,1500,Finance,Blank Checks
IGACR,Invest Green Acquisition Corporation Rights,$0.1899,-0.0001,-0.053%,0.00,United States,2025,9998,,
IGACU,Invest Green Acquisition Corporation Units,$10.08,0.02,0.199%,0.00,United States,2025,16188,Finance,Blank Checks
IGC,IGC Pharma Inc. Common Stock,$0.3359,0.0149,4.642%,32185274.00,United States,,736235,Health Care,Biotechnology: Pharmaceutical Preparations
IGD,Voya Global Equity Dividend and Premium Opportunity Fund,$6.02,0.06,1.007%,0.00,United States,2005,307949,Finance,Trusts Except Educational Religious and Charitable
IGI,Western Asset Investment Grade Opportunity Trust Inc. Common Stock,$16.3301,0.0251,0.154%,0.00,United States,2009,3721,Finance,Investment Managers
IGIC,International General Insurance Holdings Ltd. Ordinary Share,$26.96,0.47,1.774%,1216136915.00,Jordan,2018,37504,Finance,Property-Casualty Insurers
IGR,CBRE Global Real Estate Income Fund Common Shares of Beneficial Interest,$4.89,0.07,1.452%,0.00,United States,2004,527709,Finance,Finance Companies
IH,iHuman Inc. American depositary shares each representing five Class A ordinary shares,$1.71,0.0239,1.417%,88101898.00,United States,2020,10317,Real Estate,Other Consumer Services
IHD,Voya Emerging Markets High Income Dividend Equity Fund Common Shares,$7.24,0.06,0.836%,0.00,United States,2011,218688,Finance,Investment Managers
IHG,Intercontinental Hotels Group American Depositary Shares (Each representing one Ordinary Share),$146.85,5.85,4.149%,22231856901.00,United Kingdom,,153727,Consumer Discretionary,Hotels/Resorts
IHRT,iHeartMedia Inc. Class A Common Stock,$4.10,0.36,9.626%,617633602.00,United States,,1208654,Consumer Discretionary,Broadcasting
IHS,IHS Holding Limited Ordinary Shares,$8.25,0.00,0.00%,2768050082.00,Cayman Islands,2021,477339,Telecommunications,Telecommunications Equipment
IHT,InnSuites Hospitality Trust Shares of Beneficial Interest,$1.2146,0.0146,1.217%,11180191.00,United States,1999,33064,Finance,Investment Bankers/Brokers/Service
IIF,Morgan Stanley India Investment Fund Inc. Common Stock,$23.01,0.49,2.176%,0.00,United States,1994,25713,Finance,Trusts Except Educational Religious and Charitable
III,Information Services Group Inc. Common Stock,$4.28,0.11,2.638%,204046179.00,United States,,269220,Consumer Discretionary,Professional Services
IIIN,Insteel Industries Inc. Common Stock,$26.22,-2.29,-8.032%,508573084.00,United States,,788507,Industrials,Steel/Iron Ore
IIIV,i3 Verticals Inc. Class A Common Stock,$21.19,0.15,0.713%,645783283.00,United States,2018,517223,Technology,Computer Software: Prepackaged Software
IIM,Invesco Value Municipal Income Trust Common Stock,$12.40,-0.05,-0.402%,583648644.00,United States,,162613,Finance,Investment Managers
IINN,Inspira Technologies Oxy B.H.N. Ltd. Ordinary Shares,$0.4982,0.0032,0.646%,21879448.00,Israel,2021,295161,Health Care,Medical/Dental Instruments
IINNW,Inspira Technologies Oxy B.H.N. Ltd. Warrant,$0.081,-0.0286,-26.095%,3557277.00,Israel,2021,43897,Health Care,Medical/Dental Instruments
IIPR,Innovative Industrial Properties Inc. Common Stock,$52.94,0.95,1.827%,1489512693.00,United States,2016,291674,Finance,Real Estate
IIPR^A,Innovative Industrial Properties Inc. 9.00% Series A Cumulative Redeemable Preferred Stock,$20.98,-0.03,-0.143%,,United States,,122375,,
IKT,Inhibikase Therapeutics Inc. Common Stock,$1.83,0.13,7.647%,241619724.00,United States,2020,1599719,Health Care,Biotechnology: Biological Products (No Diagnostic Substances)
ILAG,Intelligent Living Application Group Inc. Ordinary Shares,$3.71,0.39,11.747%,7707332.00,Hong Kong,2022,1516,Consumer Discretionary,Office Equipment/Supplies/Services
ILLR,Triller Group Inc. Common Stock,$0.392,0.015,3.979%,77407060.00,United States,2019,690100,Finance,Investment Managers
ILLRW,Triller Group Inc. Warrant,$0.035,-0.0149,-29.86%,6911345.00,United States,2019,43368,Finance,Investment Managers
ILLUU,Illumination Acquisition Corp I Units,$9.98,0.00,0.00%,0.00,United States,2026,502,Finance,Blank Checks
ILMN,Illumina Inc. Common Stock,$134.50,1.78,1.341%,20431480068.00,United States,2000,1537171,Health Care,Medical Specialities
ILPT,Industrial Logistics Properties Trust Common Shares of Beneficial Interest,$6.45,0.24,3.865%,429912682.00,United States,2018,434226,Real Estate,Real Estate Investment Trusts
IMA,ImageneBio Inc. Common Stock,$5.90,0.12,2.076%,62860258.00,United States,2021,66348,Health Care,Biotechnology: Biological Products (No Diagnostic Substances)
IMAX,Imax Corporation Common Stock,$35.09,-2.01,-5.418%,1894614967.00,Canada,,2821175,Consumer Discretionary,Industrial Machinery/Components
IMCC,IM Cannabis Corp. Common Shares,$0.379,-0.0043,-1.122%,2234134.00,Canada,,145671,Health Care, Medicinal Chemicals and Botanical Products 
IMCR,Immunocore Holdings plc American Depositary Shares,$31.45,0.07,0.223%,1512378482.00,United Kingdom,2021,782951,Health Care,Biotechnology: Biological Products (No Diagnostic Substances)
IMDX,Insight Molecular Diagnostics Inc. Common Stock,$3.84,0.33,9.402%,123525036.00,United States,,266254,Health Care,Biotechnology: In Vitro & In Vivo Diagnostic Substances
IMKTA,Ingles Markets Incorporated Class A Common Stock,$91.39,2.07,2.318%,1735896023.00,United States,1987,138453,Consumer Staples,Food Chains
IMMP,Immutep Limited American Depositary Shares,$0.584,0.0044,0.759%,85960148.00,Australia,,12032152,Health Care,Biotechnology: Pharmaceutical Preparations
IMMR,Immersion Corporation Common Stock,$6.45,0.30,4.878%,213497915.00,United States,1999,740136,Technology,Computer peripheral equipment
IMMX,Immix Biopharma Inc. Common Stock,$10.35,0.39,3.916%,548675152.00,United States,2021,1045524,Health Care,Biotechnology: Pharmaceutical Preparations
IMNM,Immunome Inc. Common Stock,$24.63,1.37,5.89%,2786470691.00,United States,2020,1022413,Health Care,Biotechnology: Pharmaceutical Preparations
IMNN,Imunon Inc. Common Stock,$3.10,0.00,0.00%,12160568.00,United States,,54369,Health Care,Biotechnology: Pharmaceutical Preparations
IMO,Imperial Oil Limited Common Stock,$121.94,-3.83,-3.045%,58969330420.00,Canada,1929,911612,Energy,Integrated oil Companies
IMOS,ChipMOS TECHNOLOGIES INC. American Depositary Shares,$47.09,-2.08,-4.23%,1648110256.00,Taiwan,,127546,Technology,Semiconductors
IMPP,Imperial Petroleum Inc. Common Shares,$4.25,-0.12,-2.746%,194432132.00,Greece,,608004,Consumer Discretionary,Marine Transportation
IMPPP,Imperial Petroleum Inc. 8.75% Series A Cumulative Redeemable Perpetual Preferred Shares,$26.4993,0.2493,0.95%,1212309506.00,Greece,,384,Consumer Discretionary,Marine Transportation
IMRN,Immuron Limited American Depositary Shares,$0.9578,0.1128,13.349%,6422527.00,Australia,2017,207158,Health Care,Biotechnology: Pharmaceutical Preparations
IMRX,Immuneering Corporation Class A Common Stock,$5.56,-0.01,-0.18%,359470269.00,United States,2021,813126,Health Care,Biotechnology: Pharmaceutical Preparations
IMSR,Terrestrial Energy Inc. Common Stock  ,$7.605,0.515,7.264%,805637698.00,United States,2024,5123127,,
IMSRW,Terrestrial Energy Inc. Warrant,$3.61,0.32,9.726%,0.00,United States,2024,58234,,
IMTE,Integrated Media Technology Limited Ordinary Shares,$0.689,0.0058,0.849%,2374593.00,Australia,,34754,Consumer Staples,Consumer Electronics/Appliances
IMTX,Immatics N.V. Ordinary Shares,$11.17,0.30,2.76%,1497858754.00,Germany,,358296,Health Care,Biotechnology: Biological Products (No Diagnostic Substances)
IMUX,Immunic Inc. Common Stock,$1.00,0.00,0.00%,130464825.00,United States,2014,3300206,Health Care,Biotechnology: Pharmaceutical Preparations
IMVT,Immunovant Inc. Common Stock,$29.30,1.95,7.13%,5963492874.00,United States,2019,3421835,Health Care,Biotechnology: Biological Products (No Diagnostic Substances)
IMXI,International Money Express Inc. Common Stock,$15.86,0.00,0.00%,477968585.00,United States,2017,226653,Real Estate,Real Estate
INAB,IN8bio Inc. Common Stock,$1.44,-0.01,-0.69%,14179808.00,United States,2021,18619,Health Care,Biotechnology: Biological Products (No Diagnostic Substances)
INAC,Indigo Acquisition Corp. Ordinary Shares,$10.1501,0.00,0.00%,0.00,United States,2025,89,,
INACR,Indigo Acquisition Corp. Right,$0.14,0.00,0.00%,0.00,United States,2025,1800,,
INBK,First Internet Bancorp Common Stock,$24.22,1.20,5.213%,211117554.00,United States,,72973,Finance,Major Banks
INBKZ,First Internet Bancorp 6.0% Fixed-to-Floating Rate Subordinated Notes Due 2029,$24.65,-0.05,-0.202%,214777767.00,United States,,2007,Finance,Major Banks
INBS,Intelligent Bio Solutions Inc. Common Stock,$2.66,-0.04,-1.481%,5323120.00,United States,2020,293261,Health Care,Medical/Dental Instruments
INBX,Inhibrx Biosciences Inc. Common Stock,$88.23,5.12,6.161%,1288778786.00,United States,,416599,Health Care,Biotechnology: Biological Products (No Diagnostic Substances)
INCR,Intercure Ltd. Ordinary Shares,$0.7701,0.0031,0.404%,42110096.00,Israel,,48897,Health Care,Biotechnology: Pharmaceutical Preparations
INCY,Incyte Corp. Common Stock,$97.82,2.50,2.623%,19467597021.00,United States,,1530027,Health Care,Biotechnology: Commercial Physical & Biological Resarch
INDB,Independent Bank Corp. Common Stock,$77.95,-0.46,-0.587%,3786205874.00,United States,,996133,Finance,Major Banks
INDI,indie Semiconductor Inc. Class A Common Stock,$3.38,0.09,2.736%,755973183.00,United States,,3679860,Technology,Semiconductors
INDO,Indonesia Energy Corporation Limited Ordinary Shares,$3.17,-0.16,-4.805%,47510293.00,,2019,828673,Energy,Oil & Gas Production
INDP,Indaptus Therapeutics Inc. Common Stock,$3.45,0.41,13.487%,7736018.00,United States,,94631,Health Care,Biotechnology: Pharmaceutical Preparations
INDV,Indivior Pharmaceuticals Inc. Common Stock,$32.70,1.19,3.777%,4079973114.00,United Kingdom,,1257587,Health Care,Biotechnology: Pharmaceutical Preparations
INEO,INNEOVA Holdings Limited Class A Ordinary Shares,$0.6139,0.0839,15.83%,9927146.00,Singapore,2024,373603,Consumer Discretionary,Motor Vehicles
INFQ,Infleqtion Inc. Common Stock,$17.42,1.85,11.882%,3770940968.00,,2026,34524341,Technology,EDP Services
INFU,InfuSystems Holdings Inc. Common Stock,$10.58,0.35,3.421%,213652499.00,United States,,141927,Health Care,Medical/Dental Instruments
INFY,Infosys Limited American Depositary Shares,$14.46,0.08,0.556%,60069924520.00,India,,13916669,Technology,EDP Services
ING,ING Group N.V. Common Stock,$28.86,-0.38,-1.30%,83764351676.00,Netherlands,1997,2544128,Finance,Commercial Banks
INGM,Ingram Micro Holding Corporation Common Stock,$29.80,0.31,1.051%,6903066713.00,United States,2024,1022671,Technology,Retail: Computer Software & Peripheral Equipment
INGN,Inogen Inc Common Stock,$6.82,0.23,3.49%,185724627.00,United States,2014,276351,Health Care,Industrial Specialties
INGR,Ingredion Incorporated Common Stock,$115.25,1.42,1.247%,7266993093.00,United States,,489948,Consumer Staples,Packaged Foods
INHD,Inno Holdings Inc. Common Stock,$0.183,-0.0015,-0.813%,1539620.00,United States,2023,6584502,Industrials,Steel/Iron Ore
INKT,MiNK Therapeutics Inc. Common Stock,$14.21,0.08,0.566%,70564842.00,United States,2021,151092,Health Care,Biotechnology: Biological Products (No Diagnostic Substances)
INLF,INLIF LIMITED Class A Ordinary Shares,$3.5601,-0.2199,-5.817%,49151631.00,China,2025,53098,Industrials,Industrial Machinery/Components
INLX,Intellinetics Inc. Common Stock,$7.225,0.00,0.00%,32326615.00,,2022,73,Technology,Computer Software: Prepackaged Software
INM,InMed Pharmaceuticals Inc. Common Shares,$0.71,0.01,1.429%,1990972.00,Canada,,17653,Health Care,Biotechnology: Pharmaceutical Preparations
INMB,INmune Bio Inc. Common stock,$1.45,0.11,8.209%,38548624.00,United States,2019,406079,Health Care,Biotechnology: Biological Products (No Diagnostic Substances)
INMD,InMode Ltd. Ordinary Shares,$14.65,0.32,2.233%,928205688.00,Israel,2019,872447,Health Care,Biotechnology: Electromedical & Electrotherapeutic Apparatus
INN,Summit Hotel Properties Inc. Common Stock,$4.77,0.05,1.059%,518969732.00,United States,2011,946483,Real Estate,Real Estate Investment Trusts
INN^E,Summit Hotel Properties Inc. 6.250% Series E Cumulative Redeemable Preferred Stock,$18.25,0.32,1.785%,,United States,,18319,,
INN^F,Summit Hotel Properties Inc. 5.875% Series F Cumulative Redeemable Preferred Stock $0.01 par value per share,$17.72,0.2832,1.624%,,United States,,11436,,
INNV,InnovAge Holding Corp. Common Stock,$8.24,-0.13,-1.553%,1118163641.00,United States,2021,269998,Health Care,Medical/Nursing Services
INO,Inovio Pharmaceuticals Inc. Common Stock,$1.19,0.03,2.586%,82631012.00,United States,,2034018,Health Care,Medical/Dental Instruments
INOD,Innodata Inc. Common Stock,$46.93,3.51,8.084%,1530030491.00,United States,1993,1183207,Technology,EDP Services
INR,Infinity Natural Resources Inc. Class A Common Stock,$15.78,-0.22,-1.375%,1002525602.00,United States,2025,332314,Energy,Oil & Gas Production
INSE,Inspired Entertainment Inc. Common Stock,$7.40,0.17,2.351%,200240840.00,United States,2014,149725,Technology,Computer Software: Prepackaged Software
INSG,Inseego Corp. Common Stock,$15.18,0.52,3.547%,246349359.00,United States,,146719,Telecommunications,Telecommunications Equipment
INSM,Insmed Incorporated Common Stock,$144.48,1.69,1.184%,31186318488.00,United States,,2048642,Health Care,Biotechnology: Pharmaceutical Preparations
INSP,Inspire Medical Systems Inc. Common Stock,$57.59,1.14,2.019%,1658242947.00,United States,2018,635161,Health Care,Medical/Dental Instruments
INSW,International Seaways Inc. Common Stock ,$76.47,0.84,1.111%,3785624103.00,United States,2016,517524,Consumer Discretionary,Marine Transportation
INTA,Intapp Inc. Common Stock,$22.82,-0.26,-1.127%,1834631905.00,United States,2021,688165,Technology,Computer Software: Prepackaged Software
INTC,Intel Corporation Common Stock,$68.50,0.00,0.00%,343412786955.00,United States,,118550362,Technology,Semiconductors
INTG,Intergroup Corporation (The) Common Stock,$33.30,-5.09,-13.259%,71555440.00,United States,,43531,Real Estate,Building operators
INTJ,Intelligent Group Limited Class A Ordinary Shares ,$9.949,0.949,10.544%,15296568.00,Hong Kong,2024,13325,Consumer Discretionary,Professional Services
INTR,Inter & Co. Inc. Class A Common Shares,$8.42,-0.04,-0.473%,3702309120.00,Brazil,,2700122,Finance,Commercial Banks
INTS,Intensity Therapeutics Inc. Common stock,$5.30,-0.02,-0.376%,13464745.00,United States,2023,59782,Health Care,Biotechnology: Biological Products (No Diagnostic Substances)
INTT,inTest Corporation Common Stock,$15.89,-0.91,-5.417%,198554194.00,United States,1997,891736,Industrials,Electrical Products
INTU,Intuit Inc. Common Stock,$393.25,6.14,1.586%,108753287500.00,United States,1993,3151686,Technology,Computer Software: Prepackaged Software
INTZ,Intrusion Inc. Common Stock,$0.9087,-0.0035,-0.384%,18509370.00,United States,,67991,Telecommunications,Computer Communications Equipment
INUV,Inuvo Inc.,$2.04,0.03,1.493%,30015999.00,United States,,208295,Consumer Discretionary,Advertising
INV,Innventure Inc. Common Stock,$4.60,-0.10,-2.128%,368318867.00,United States,,1047469,Finance,Blank Checks
INVA,Innoviva Inc. Common Stock,$24.24,0.64,2.712%,1795005015.00,United States,2004,683960,Health Care,Biotechnology: Pharmaceutical Preparations
INVE,Identiv Inc. Common Stock,$3.72,0.03,0.813%,89086820.00,United States,,122912,Technology,Computer peripheral equipment
INVH,Invitation Homes Inc. Common Stock,$27.03,0.76,2.893%,16471706094.00,United States,2017,4821487,Finance,Real Estate
INVX,Innovex International Inc. Common Stock,$25.73,-0.56,-2.13%,1764143744.00,United States,,354560,Consumer Discretionary,Oil and Gas Field Machinery
INVZ,Innoviz Technologies Ltd. Ordinary shares,$0.67,-0.02,-2.899%,143730786.00,Israel,,3124530,Consumer Discretionary,Auto Parts:O.E.M.
IONQ,IonQ Inc. Common Stock,$46.09,1.41,3.156%,16898472444.00,United States,2021,48748729,Technology,EDP Services
IONR,ioneer Ltd American Depositary Shares,$4.10,0.15,3.797%,273450488.00,Australia,,154411,Industrials,Mining & Quarrying of Nonmetallic Minerals (No Fuels)
IONS,Ionis Pharmaceuticals Inc. Common Stock,$75.71,0.45,0.598%,12506687153.00,United States,,1719446,Health Care,Biotechnology: Pharmaceutical Preparations
IOR,Income Opportunity Realty Investors Inc. Common Stock,$18.255,0.00,0.00%,74228079.00,United States,1987,12,Real Estate,Real Estate Investment Trusts
IOSP,Innospec Inc. Common Stock,$76.19,1.10,1.465%,1896404681.00,United States,,174629,Industrials,Major Chemicals
IOT,Samsara Inc. Class A Common Stock,$30.62,0.99,3.341%,17781533014.00,United States,2021,9115490,Technology,EDP Services
IOTR,iOThree Limited Ordinary Shares,$2.74,0.03,1.107%,7028103.00,Singapore,2025,6789,Consumer Discretionary,Telecommunications Equipment
IOVA,Iovance Biotherapeutics Inc. Common Stock,$3.86,0.06,1.579%,1590171803.00,United States,,10644493,Health Care,Biotechnology: Biological Products (No Diagnostic Substances)
IP,International Paper Company Common Stock,$37.13,0.94,2.597%,19659823014.00,United States,,6013032,Basic Materials,Paper
IPAR,Interparfums Inc. Common Stock,$98.83,4.80,5.105%,3169654512.00,United States,,241942,Consumer Discretionary,Package Goods/Cosmetics
IPCX,Inflection Point Acquisition Corp. III Class A Ordinary Shares,$10.2967,0.0167,0.162%,0.00,United States,2025,583,Finance,Blank Checks
IPCXR,Inflection Point Acquisition Corp. III Rights,$0.386,-0.0038,-0.975%,0.00,United States,2025,106700,Finance,Blank Checks
IPDN,Professional Diversity Network Inc. Common Stock,$0.9117,0.0172,1.923%,9340170.00,United States,2013,59073,Technology,Computer Software: Programming Data Processing
IPEX,Inflection Point Acquisition Corp. V Class A Ordinary Shares,$10.43,0.00,0.00%,,United States,2025,80,Health Care,Biotechnology: Pharmaceutical Preparations
IPEXR,Inflection Point Acquisition Corp. V Rights,$0.66,0.00,0.00%,0.00,United States,2025,22,Finance,Blank Checks
IPEXU,Inflection Point Acquisition Corp. V Units,$10.61,0.00,0.00%,0.00,United States,2025,2,Finance,Blank Checks
IPFXU,Inflection Point Acquisition Corp. VI Units,$10.10,0.00,0.00%,0.00,United States,2026,32,Finance,Blank Checks
IPGP,IPG Photonics Corporation Common Stock,$125.02,4.31,3.571%,5306271493.00,United States,2006,467216,Technology,Semiconductors
IPHA,Innate Pharma S.A. ADS,$1.66,0.04,2.469%,155691471.00,France,2019,50319,Health Care,Biotechnology: Biological Products (No Diagnostic Substances)
IPI,Intrepid Potash Inc Common Stock,$35.19,-4.09,-10.412%,471789268.00,United States,2008,495368,Industrials,Mining & Quarrying of Nonmetallic Minerals (No Fuels)
IPM,Intelligent Protection Management Corp. Common Stock ,$1.73,-0.02,-1.143%,15718311.00,United States,,29444,Technology,Computer Software: Programming Data Processing
IPOD,Dune Acquisition Corporation II Class A Ordinary Shares,$10.345,0.005,0.048%,0.00,United States,2025,2219,Finance,Blank Checks
IPODU,Dune Acquisition Corporation II Units,$10.45,0.00,0.00%,0.00,United States,2025,1,Finance,Blank Checks
IPODW,Dune Acquisition Corporation II Warrants,$0.30,0.02,7.143%,0.00,United States,2025,145145,Finance,Blank Checks
IPSC,Century Therapeutics Inc. Common Stock,$2.60,0.16,6.557%,467279150.00,United States,2021,1905119,Health Care,Biotechnology: Biological Products (No Diagnostic Substances)
IPST,IP Strategy Holdings Inc. Common Stock,$0.3906,-0.0584,-13.007%,4016707.00,United States,2024,3130664,Consumer Staples,Beverages (Production/Distribution)
IPW,iPower Inc. Common Stock,$1.15,0.05,4.545%,1520849.00,United States,2021,6157322,Consumer Discretionary,RETAIL: Building Materials
IPWR,Ideal Power Inc. Common Stock,$3.48,0.18,5.455%,42071074.00,United States,2013,150313,Technology,Semiconductors
IPX,IperionX Limited American Depositary Share,$32.88,-0.53,-1.586%,1115894822.00,United States,,198845,Basic Materials,Other Metals and Minerals
IQ,iQIYI Inc. American Depositary Shares,$1.41,0.01,0.714%,1360684876.00,China,2018,6011381,Consumer Discretionary,Consumer Electronics/Video Chains
IQI,Invesco Quality Municipal Income Trust Common Stock,$9.90,0.07,0.712%,523549590.00,United States,,140408,Finance,Finance Companies
IQST,iQSTEL Inc. Common Stock,$1.61,-0.04,-2.424%,8163896.00,United States,,195581,Telecommunications,Telecommunications Equipment
IQV,IQVIA Holdings Inc. Common Stock,$176.46,4.51,2.623%,29948378989.00,United States,2013,1635274,Health Care,Biotechnology: Commercial Physical & Biological Resarch
IR,Ingersoll Rand Inc. Common Stock,$85.80,2.13,2.546%,33600823885.00,United States,2017,6630984,Industrials,Industrial Machinery/Components
IRAB,Iris Acquisition Corp II Class A Ordinary Shares,$9.89,0.045,0.457%,0.00,,2026,15710,,
IRD,Opus Genetics Inc. Common Stock,$5.75,0.00,0.00%,409107009.00,United States,,747956,Health Care,Biotechnology: Pharmaceutical Preparations
IRDM,Iridium Communications Inc Common Stock,$41.85,-1.56,-3.594%,4424297170.00,United States,,3872286,Telecommunications,Telecommunications Equipment
IREN,IREN Limited Ordinary Shares,$48.12,0.42,0.881%,15989332030.00,Australia,2021,30774301,Technology,EDP Services
IRHO,Iron Horse Acquisitions II Corp. Common Stock,$9.90,0.01,0.101%,0.00,United States,2026,39715,,
IRHOR,Iron Horse Acquisitions Corp. II Rights,$0.1105,0.00,0.00%,0.00,United States,2026,3704,,
IRHOU,Iron Horse Acquisitions II Corp. Units,$9.99,-0.01,-0.10%,0.00,United States,2025,3377,Finance,Blank Checks
IRIX,IRIDEX Corporation Common Stock,$1.06,0.02,1.923%,18345845.00,United States,1996,97043,Health Care,Biotechnology: Electromedical & Electrotherapeutic Apparatus
IRM,Iron Mountain Incorporated (Delaware)Common Stock REIT,$118.07,0.34,0.289%,35123323923.00,United States,,1939276,Real Estate,Real Estate Investment Trusts
IRMD,iRadimed Corporation Common Stock,$93.71,1.83,1.992%,1197854260.00,United States,2014,82891,Health Care,Medical/Dental Instruments
IRON,Disc Medicine Inc. Common Stock,$71.77,2.32,3.341%,2738747865.00,United States,,456927,Health Care,Biotechnology: Pharmaceutical Preparations
IRS,IRSA Inversiones Y Representaciones S.A. Global Depositary Shares (Each representing ten shares of Common Stock),$15.98,-0.17,-1.053%,125957684.00,Argentina,,119387,Real Estate,Homebuilding
IRT,Independence Realty Trust Inc. Common Stock,$16.15,0.49,3.129%,3805704040.00,United States,2013,1737811,Real Estate,Real Estate Investment Trusts
IRTC,iRhythm Holdings Inc. Common Stock,$125.32,2.71,2.21%,4117100489.00,United States,2016,398158,Health Care,Medical/Dental Instruments
IRWD,Ironwood Pharmaceuticals Inc. Class A Common Stock,$4.43,0.10,2.309%,722348340.00,United States,2010,1957684,Health Care,Biotechnology: Pharmaceutical Preparations
ISBA,Isabella Bank Corporation Common stock,$45.75,-3.62,-7.332%,335349147.00,United States,,41251,Finance,Major Banks
ISD,PGIM High Yield Bond Fund Inc.,$13.41,0.08,0.60%,0.00,United States,2012,111620,Finance,Trusts Except Educational Religious and Charitable
ISOU,IsoEnergy Ltd. Common Shares,$11.89,-0.31,-2.541%,720012826.00,,2025,103605,,
ISPC,iSpecimen Inc. Common Stock,$0.1365,0.02,17.167%,4048897.00,United States,2021,597548586,Health Care,Biotechnology: Commercial Physical & Biological Resarch
ISPR,Ispire Technology Inc. Common Stock,$1.87,-0.02,-1.058%,107132046.00,United States,2023,29944,Health Care, Medicinal Chemicals and Botanical Products 
ISRG,Intuitive Surgical Inc. Common Stock,$469.21,11.13,2.43%,166630658503.00,United States,2000,2698073,Health Care,Industrial Specialties
ISSC,Innovative Solutions and Support Inc. Common Stock,$21.97,0.61,2.856%,390590196.00,United States,2000,538409,Technology,EDP Services
ISTR,Investar Holding Corporation Common Stock,$28.70,0.58,2.063%,394459258.00,United States,2014,281197,Finance,Major Banks
IT,Gartner Inc. Common Stock,$154.62,-0.91,-0.585%,10438425732.00,United States,1993,1423925,Consumer Discretionary,Other Consumer Services
ITGR,Integer Holdings Corporation Common Stock,$90.20,1.83,2.071%,3073122389.00,United States,,360992,Health Care,Biotechnology: Electromedical & Electrotherapeutic Apparatus
ITHA,ITHAX Acquisition Corp III Class A Ordinary Shares,$9.91,0.01,0.101%,0.00,United States,2026,23200,,
ITHAU,ITHAX Acquisition Corp III Units,$10.00,0.00,0.00%,0.00,United States,2025,17051,,
ITHAW,ITHAX Acquisition Corp III Warrants,$0.24,0.00,0.00%,0.00,United States,2026,6199,,
ITIC,Investors Title Company Common Stock,$241.27,7.17,3.063%,455516795.00,United States,,16708,Finance,Specialty Insurers
ITOC,iTonic Holdings Ltd Class A Ordinary Shares,$0.3174,0.0021,0.666%,5411670.00,China,2024,38358,Health Care,Biotechnology: Electromedical & Electrotherapeutic Apparatus
ITP,IT Tech Packaging Inc. Common Stock,$0.204,0.004,2.00%,3460946.00,China,,2108800,Consumer Discretionary,Containers/Packaging
ITRG,Integra Resources Corp. Common Shares,$3.13,0.08,2.623%,632757075.00,,,3132999,Basic Materials,Precious Metals
ITRI,Itron Inc. Common Stock,$98.43,1.43,1.474%,4362398209.00,United States,1993,810619,Industrials,Electrical Products
ITRN,Ituran Location and Control Ltd. Ordinary Shares,$55.97,1.05,1.912%,1113443673.00,Israel,2005,189787,Technology,Electronic Components
ITT,ITT Inc. Common Stock ,$219.02,6.56,3.088%,19580967527.00,United States,2011,860279,Industrials,Fluid Controls
ITUB,Itau Unibanco Banco Holding SA American Depositary Shares (Each repstg 500 Preferred shares),$9.38,0.05,0.536%,106534970573.00,Brazil,,27982845,Finance,Major Banks
ITW,Illinois Tool Works Inc. Common Stock,$272.26,6.65,2.504%,78432136972.00,United States,,1470699,Industrials,Industrial Machinery/Components
IVA,Inventiva S.A. American Depository Shares,$5.67,0.04,0.71%,1177701383.00,France,2020,446893,Health Care,Biotechnology: Pharmaceutical Preparations
IVDA,Iveda Solutions Inc. Common Stock,$0.285,-0.014,-4.682%,3174826.00,United States,,800434,Technology,Computer Software: Prepackaged Software
IVDAW,Iveda Solutions Inc. Warrant,$0.06,-0.0149,-19.893%,668384.00,United States,,1300,Technology,Computer Software: Prepackaged Software
IVF,INVO Fertility Inc. Common Stock,$2.10,-0.03,-1.408%,2923660.00,United States,,35981,Health Care,Medical/Dental Instruments
IVR,INVESCO MORTGAGE CAPITAL INC Common Stock,$8.36,0.11,1.333%,726872957.00,United States,2009,1943370,Real Estate,Real Estate Investment Trusts
IVR^C,INVESCO MORTGAGE CAPITAL INC 7.5% Fixed-to-Floating Series C Cumulative Redeemable Preferred Stock Liquation Preference $25.00 per Share,$24.36,0.06,0.247%,,United States,,8203,,
IVT,InvenTrust Properties Corp. Common Stock,$32.62,0.52,1.62%,2534549241.00,United States,2021,647446,Real Estate,Real Estate Investment Trusts
IVVD,Invivyd Inc. Common Stock,$1.74,0.03,1.754%,492078722.00,United States,2021,1896640,Health Care,Biotechnology: Biological Products (No Diagnostic Substances)
IVZ,Invesco Ltd Common Stock,$24.81,0.80,3.332%,10998789718.00,United States,,7681641,Finance,Investment Managers
IX,ORIX Corporation American Depositary Shares,$32.23,0.49,1.544%,37482273124.00,Japan,,232292,Finance,Diversified Financial Services
IXHL,Incannex Healthcare Inc. Common Stock,$3.65,0.04,1.108%,43596742.00,Australia,,504140,Health Care,Biotechnology: Pharmaceutical Preparations
IZEA,IZEA Worldwide Inc. Common Stock,$4.35,-0.03,-0.685%,75412126.00,United States,,54741,Consumer Discretionary,Advertising
IZM,ICZOOM Group Inc. Class A Ordinary Shares,$0.4053,0.0022,0.546%,4870940.00,China,2023,141237,Consumer Discretionary,Consumer Electronics/Video Chains
J,Jacobs Solutions Inc. Common Stock,$128.93,2.68,2.123%,15142404707.00,United States,2022,733556,Industrials,Military/Government/Technical
JACK,Jack In The Box Inc. Common Stock,$12.98,0.62,5.016%,247087488.00,United States,,805182,Consumer Discretionary,Restaurants
JACS,Jackson Acquisition Company II Class A Ordinary Shares,$10.59,0.04,0.379%,0.00,,2025,148,,
JAGU,Jaguar Uranium Corp. Class A Common Shares,$2.83,-0.04,-1.394%,57148389.00,,2026,337869,,
JAGX,Jaguar Health Inc. Common Stock,$0.396,-0.0191,-4.601%,5155634.00,United States,2015,580301,Health Care,Biotechnology: Pharmaceutical Preparations
JAKK,JAKKS Pacific Inc. Common Stock,$22.54,0.98,4.545%,257957024.00,United States,1996,67054,Consumer Discretionary,Recreational Games/Products/Toys
JAN,Janus Living Inc. Class A-1 Common Stock,$25.75,-0.11,-0.425%,8443417996.00,,2026,808142,Real Estate,Real Estate Investment Trusts
JANX,Janux Therapeutics Inc. Common Stock,$15.82,0.63,4.147%,962356798.00,United States,2021,1148213,Health Care,Biotechnology: Pharmaceutical Preparations
JATT,JATT II Acquisition Corp Ordinary Shares,$10.50,0.50,5.00%,0.00,United States,,279324,,
JAZZ,Jazz Pharmaceuticals plc Common Stock (Ireland),$203.42,5.59,2.826%,12522606397.00,Ireland,2007,634852,Health Care,Biotechnology: Pharmaceutical Preparations
JBDI,JBDI Holdings Limited Ordinary Shares,$0.601,0.0018,0.30%,11436467.00,Singapore,2024,4416,,
JBGS,JBG SMITH Properties Common Shares ,$15.84,0.27,1.734%,1194912354.00,United States,2017,994945,Real Estate,Real Estate Investment Trusts
JBHT,J.B. Hunt Transport Services Inc. Common Stock,$245.08,6.76,2.837%,23185568662.00,United States,,1281419,Industrials,Trucking Freight/Courier Services
JBI,Janus International Group Inc. Common Stock,$5.54,0.30,5.725%,769274267.00,United States,2021,1607901,Industrials,Building Products
JBIO,Jade Biosciences Inc. Common Stock,$22.85,0.97,4.433%,1126877158.00,United States,2021,703969,Health Care,Biotechnology: Pharmaceutical Preparations
JBK,Lehman ABS 3.50 3.50% Adjustable Corp Backed Tr Certs GS Cap I,$26.31,0.00,0.00%,0.00,United States,,3,Finance,Finance: Consumer Services
JBL,Jabil Inc. Common Stock,$321.69,11.59,3.738%,33939138471.00,United States,1993,1317702,Technology,Electrical Products
JBLU,JetBlue Airways Corporation Common Stock,$5.87,0.36,6.534%,2172602451.00,United States,2002,37063061,Consumer Discretionary,Air Freight/Delivery Services
JBS,JBS N.V. Class A Common Shares,$17.71,-0.19,-1.061%,18965229244.00,,2025,3089484,Consumer Staples,Meat/Poultry/Fish
JBSS,John B. Sanfilippo & Son Inc. Common Stock,$81.22,0.32,0.396%,949202708.00,United States,1991,98348,Consumer Staples,Specialty Foods
JBTM,JBT Marel Corporation Common Stock,$132.23,3.65,2.839%,6882585913.00,United States,,390318,Industrials,Industrial Machinery/Components
JCAP,Jefferson Capital Inc. Common Stock,$21.28,0.65,3.151%,1177403759.00,United States,2025,807098,Finance,Finance Companies
JCE,Nuveen Core Equity Alpha Fund Common Shares of Beneficial Interest,$15.92,0.05,0.315%,0.00,United States,2007,39194,Finance,Trusts Except Educational Religious and Charitable
JCI,Johnson Controls International plc Ordinary Share,$140.87,3.32,2.414%,86213068562.00,Switzerland,,3582523,Industrials,Industrial Machinery/Components
JCSE,JE Cleantech Holdings Limited Ordinary Shares,$1.37,0.01,0.735%,7206556.00,Singapore,2022,36955,Consumer Discretionary,Miscellaneous manufacturing industries
JCTC,Jewett-Cameron Trading Company Common Shares,$1.95,0.02,1.036%,6864220.00,United States,,15663,Consumer Discretionary,RETAIL: Building Materials
JD,JD.com Inc. American Depositary Shares,$31.60,0.27,0.862%,45924105347.00,China,2014,10607992,Consumer Discretionary,Other Specialty Stores
JDZG,JIADE LIMITED Class A Ordinary Shares,$1.18,-0.09,-7.087%,5091460.00,China,2024,196462,Real Estate,Other Consumer Services
JEF,Jefferies Financial Group Inc. Common Stock,$48.09,1.53,3.286%,9831149644.00,United States,,2992043,Finance,Investment Bankers/Brokers/Service
JELD,JELD-WEN Holding Inc. Common Stock,$1.28,0.07,5.785%,110470580.00,United States,2017,3016063,Basic Materials,Forest Products
JEM,707 Cayman Holdings Limited Ordinary Shares,$1.55,-0.13,-7.738%,2791965.00,China,2025,68072,Consumer Discretionary,Clothing/Shoe/Accessory Stores
JENA,Jena Acquisition Corporation II Class A Ordinary Shares,$10.23,0.00,0.00%,0.00,,2025,21636,Finance,Blank Checks
JF,J and Friends Holdings Limited American Depositary Shares,$1.01,0.04,4.124%,16107440.00,China,2018,15495,Technology,Computer Software: Programming Data Processing
JFB,JFB Construction Holdings Class A Common Stock,$5.52,0.14,2.602%,78427608.00,United States,2025,176372,Consumer Discretionary,General Bldg Contractors - Nonresidential Bldgs
JFIN,Jiayin Group Inc. American Depositary Shares,$4.67,-0.03,-0.638%,249235780.00,China,2019,50304,Finance,Finance: Consumer Services
JFR,Nuveen Floating Rate Income Fund Common Stock,$7.56,0.03,0.398%,0.00,United States,2004,726432,Finance,Trusts Except Educational Religious and Charitable
JFU,9F Inc. American Depositary Shares,$2.86,-0.115,-3.866%,33671732.00,China,2019,7669,Finance,Finance: Consumer Services
JG,Aurora Mobile Limited American Depositary Shares,$7.17,0.00,0.00%,42750265.00,China,2018,577,Technology,Computer Software: Programming Data Processing
JGH,Nuveen Global High Income Fund Common Shares of Beneficial Interest,$12.73,0.04,0.315%,0.00,United States,2014,82385,Finance,Investment Managers
JHG,Janus Henderson Group plc Ordinary Shares,$51.56,0.00,0.00%,7944138348.00,United Kingdom,2017,1168139,Finance,Investment Managers
JHI,John Hancock Investors Trust Common Stock,$13.51,0.00,0.00%,118138830.00,United States,,5653,Finance,Trusts Except Educational Religious and Charitable
JHS,John Hancock Income Securities Trust Common Stock,$11.315,0.103,0.919%,131781109.00,United States,,4473,Finance,Finance Companies
JHX,James Hardie Industries plc. Ordinary Shares,$21.75,1.67,8.317%,12685470000.00,Ireland,2025,13054809,Industrials,Building Materials
JILL,J. Jill Inc. Common Stock,$12.66,0.47,3.856%,188713062.00,United States,2017,59644,Consumer Discretionary,Apparel
JJSF,J & J Snack Foods Corp. Common Stock,$80.53,0.93,1.168%,1531028549.00,United States,1986,204647,Consumer Staples,Specialty Foods
JKHY,Jack Henry & Associates Inc. Common Stock,$154.06,-0.09,-0.058%,11118104714.00,United States,1985,877760,Technology,EDP Services
JKS,JinkoSolar Holding Company Limited American Depositary Shares (each representing 4 Common Shares),$21.36,0.02,0.094%,1127184822.00,China,2010,1457685,Technology,Semiconductors
JL,J-Long Group Limited Class A Ordinary Shares,$6.08,-0.14,-2.251%,22871142.00,Hong Kong,2024,20725,Consumer Discretionary,Clothing/Shoe/Accessory Stores
JLHL,Julong Holding Limited Class A Ordinary Shares,$6.35,-3.37,-34.671%,136198813.00,China,2025,793285,Consumer Discretionary,Military/Government/Technical
JLL,Jones Lang LaSalle Incorporated Common Stock,$346.43,12.16,3.638%,16230755445.00,United States,,390962,Finance,Real Estate
JLS,Nuveen Mortgage and Income Fund,$18.56,0.105,0.569%,0.00,United States,2009,10172,Finance,Investment Managers
JMIA,Jumia Technologies AG American Depositary Shares each representing two Ordinary Shares,$8.16,0.45,5.837%,1010637240.00,,2019,4209791,Consumer Discretionary,Catalog/Specialty Distribution
JMM,Nuveen Multi-Market Income Fund (MA),$5.95,0.00,0.00%,0.00,United States,,132,Finance,Trusts Except Educational Religious and Charitable
JMSB,John Marshall Bancorp Inc. Common Stock,$21.03,0.27,1.301%,298911083.00,United States,,184506,Finance,Major Banks
JNJ,Johnson & Johnson Common Stock,$234.18,-0.36,-0.153%,564049043625.00,United States,,8908094,Health Care,Biotechnology: Pharmaceutical Preparations
JOB,GEE Group Inc. Common Stock,$0.2386,-0.0028,-1.16%,26215146.00,United States,1968,107644,Consumer Discretionary,Diversified Commercial Services
JOBY,Joby Aviation Inc. Common Stock,$9.22,0.00,0.00%,9029461665.00,United States,2020,24978360,Industrials,Aerospace
JOE,St. Joe Company (The) Common Stock,$68.32,1.58,2.367%,3931253112.00,United States,,853635,Real Estate,Homebuilding
JOF,Japan Smaller Capitalization Fund Inc Common Stock,$11.24,0.13,1.17%,0.00,United States,1990,156902,Finance,Trusts Except Educational Religious and Charitable
JOUT,Johnson Outdoors Inc. Class A Common Stock,$51.40,2.13,4.323%,537286976.00,United States,,110099,Consumer Discretionary,Recreational Games/Products/Toys
JOYY,JOYY Inc. American Depositary Shares,$62.85,-0.11,-0.175%,3250727197.00,Singapore,2012,267740,Technology,EDP Services
JPC,Nuveen Preferred & Income Opportunities Fund,$7.90,0.04,0.509%,0.00,United States,2003,1197854,Finance,Investment Managers
JPM,JP Morgan Chase & Co. Common Stock,$310.29,0.34,0.11%,832265928682.00,United States,,11079015,Finance,Major Banks
JPM^C,J P Morgan Chase & Co Depositary Shares each representing a 1/400th interest in a share of 6.00% Non-Cumulative  Preferred Stock Series EE,$25.38,0.10,0.396%,,United States,,142227,,
JPM^D,J P Morgan Chase & Co Depositary Shares each representing a 1/400th  interest in a share of 5.75% Non-Cumulative  Preferred Stock Series DD,$24.72,0.11,0.447%,,United States,,168787,,
JPM^J,J P Morgan Chase & Co Depositary Shares each representing a 1/400th interest in a share of JPMorgan Chase & Co. 4.75% Non-Cumulative Preferred Stock Series GG,$20.02,0.03,0.15%,,United States,,53723,,
JPM^K,J P Morgan Chase & Co Depositary Shares each representing a 1/400th interest in a share of 4.55% Non-Cumulative Preferred Stock Series JJ,$19.20,0.08,0.418%,,United States,,89839,,
JPM^L,J P Morgan Chase & Co Depositary Shares each representing a 1/400th interest in a share of 4.625% Non-Cumulative Preferred Stock Series LL,$19.48,0.06,0.309%,,United States,,108835,,
JPM^M,J P Morgan Chase & Co Depositary Shares each representing a 1/400th interest in a share of 4.20% Non-Cumulative Preferred Stock Series MM,$18.07,0.12,0.669%,,United States,,79588,,
JQC,Nuveen Credit Strategies Income Fund Shares of Beneficial Interest,$4.85,0.04,0.832%,0.00,United States,2003,1005928,Finance,Finance Companies
JRI,Nuveen Real Asset Income and Growth Fund Common Shares of Beneficial Interest,$13.09,0.18,1.394%,0.00,United States,2012,211149,Finance,Finance Companies
JRS,Nuveen Real Estate Income Fund Common Shares of Beneficial Interest,$8.18,0.13,1.615%,0.00,United States,2001,85614,Finance,Finance/Investors Services
JRSH,Jerash Holdings (US) Inc. Common Stock,$3.22,0.07,2.222%,40893807.00,United States,2018,55970,Consumer Discretionary,Apparel
JRVR,James River Group Holdings Inc. Common Stock,$6.49,0.04,0.62%,298336110.00,Bermuda,2014,274166,Finance,Property-Casualty Insurers
JSM,Navient Corporation 6% Senior Notes due December 15 2043,$18.57,0.24,1.309%,1846434376.00,United States,,16837,Finance,Investment Bankers/Brokers/Service
JSPR,Jasper Therapeutics Inc. Common Stock,$1.02,0.0541,5.601%,28556755.00,United States,2020,455948,Health Care,Biotechnology: Biological Products (No Diagnostic Substances)
JSPRW,Japer Therapeutics Inc. Warrants,$0.0209,0.00,0.00%,585134.00,United States,2020,51,Health Care,Biotechnology: Biological Products (No Diagnostic Substances)
JTAI,Jet.AI Inc. Common Stock,$7.28,-0.37,-4.837%,4339229.00,United States,2021,205825,Consumer Discretionary,Transportation Services
JUNS,Jupiter Neurosciences Inc. Common Stock,$0.4372,0.0384,9.629%,15862163.00,United States,2024,354755,Health Care,Biotechnology: Pharmaceutical Preparations
JVA,Coffee Holding Co. Inc. Common Stock,$4.60,0.12,2.679%,26259555.00,United States,2005,79847,Consumer Staples,Packaged Foods
JWEL,Jowell Global Ltd. Ordinary Shares,$2.40,0.00,0.00%,5209140.00,China,2021,124,Consumer Discretionary,Other Consumer Services
JXG,JX Luxventure Group Inc. Common Stock,$4.11,-0.04,-0.964%,7671816.00,China,2013,2902,Consumer Staples,Apparel
JXN,Jackson Financial Inc. Class A Common Stock ,$109.69,3.57,3.364%,7723665371.00,United States,2021,565537,Finance,Life Insurance
JXN^A,Jackson Financial Inc. Depositary Shares each representing a 1/1000th interest in a share of Fixed-Rate Reset Noncumulative Perpetual Preferred Stock Series A,$26.10,0.12,0.462%,,United States,,15836,,
JYD,Jayud Global Logistics Limited Class A Ordinary Shares,$3.11,-0.12,-3.715%,10181829.00,China,2023,4488,Industrials,Integrated Freight & Logistics
JYNT,The Joint Corp. Common Stock,$9.22,0.08,0.875%,132055856.00,United States,2014,30098,Miscellaneous,Multi-Sector Companies
JZ,Jianzhi Education Technology Group Company Limited American Depositary Shs,$0.8201,-0.0354,-4.138%,38749217.00,China,2022,68752,Real Estate,Other Consumer Services
JZXN,Jiuzi Holdings Inc. Ordinary Shares,$0.9801,-0.0399,-3.912%,1302397.00,China,2021,30588,Consumer Discretionary,Retail-Auto Dealers and Gas Stations
KAI,Kadant Inc Common Stock,$331.84,9.62,2.986%,3918294379.00,United States,1992,145905,Industrials,Industrial Machinery/Components
KALA,KALA BIO Inc. Common Stock,$0.1989,0.0078,4.082%,184875875.00,United States,2017,1687306,Health Care,Biotechnology: Pharmaceutical Preparations
KALU,Kaiser Aluminum Corporation Common Stock,$148.35,4.29,2.978%,2404819219.00,United States,,258753,Industrials,Metal Fabrications
KALV,KalVista Pharmaceuticals Inc. Common Stock,$20.48,0.92,4.703%,1035188081.00,United Kingdom,2015,1088430,Health Care,Biotechnology: Pharmaceutical Preparations
KAPA,Kairos Pharma Ltd. Common Stock,$0.6116,0.0001,0.016%,13095089.00,,2024,50984,Health Care,Biotechnology: Pharmaceutical Preparations
KARO,Karooooo Ltd. Ordinary Shares,$53.35,3.07,6.106%,1648157555.00,Singapore,2021,151872,Technology,Computer Software: Prepackaged Software
KB,KB Financial Group Inc,$112.19,2.78,2.541%,41914264665.00,South Korea,,177033,Finance,Commercial Banks
KBDC,Kayne Anderson BDC Inc. Common Stock,$14.65,0.16,1.104%,981221811.00,,2024,346917,,
KBH,KB Home Common Stock,$54.28,2.35,4.525%,3400546793.00,United States,1986,1341912,Consumer Discretionary,Homebuilding
KBON,Karbon Capital Partners Corp. Class A Ordinary Shares,$10.06,0.00,0.00%,0.00,United States,2026,164,Finance,Blank Checks
KBONU,Karbon Capital Partners Corp. Units,$10.23,-0.01,-0.098%,0.00,United States,2025,668,Finance,Blank Checks
KBONW,Karbon Capital Partners Corp. Warrant,$0.65,0.074,12.847%,0.00,United States,2026,10489,Finance,Blank Checks
KBR,KBR Inc. Common Stock,$36.42,-0.27,-0.736%,4605465205.00,United States,2006,1487257,Industrials,Military/Government/Technical
KBSX,FST Corp. Ordinary Shares,$1.275,0.0251,2.008%,57076654.00,Taiwan,,1303,Consumer Discretionary,Recreational Games/Products/Toys
KC,Kingsoft Cloud Holdings Limited American Depositary Shares,$18.21,0.98,5.688%,4956500741.00,China,2020,2079797,Technology,Computer Software: Prepackaged Software
KCHV,Kochav Defense Acquisition Corp. Class A Ordinary Shares,$10.32,0.00,0.00%,0.00,United States,2025,16,,
KCHVR,Kochav Defense Acquisition Corp. Right,$0.2401,-0.0049,-2.00%,0.00,United States,2025,227,Finance,Blank Checks
KD,Kyndryl Holdings Inc. Common Stock,$14.40,0.46,3.30%,3246439565.00,United States,2021,3273880,Technology,EDP Services
KDK,Kodiak AI Inc. Common Stock ,$10.38,0.29,2.874%,1894924886.00,United States,,1809991,Technology,EDP Services
KDKRW,Kodiak AI Inc. Warrants,$1.87,0.01,0.538%,341378568.00,United States,,63990,Technology,EDP Services
KDP,Keurig Dr Pepper Inc. Common Stock,$26.53,0.49,1.882%,36045410545.00,United States,,11330578,Consumer Staples,Beverages (Production/Distribution)
KE,Kimball Electronics Inc. Common Stock,$26.81,0.37,1.399%,649180933.00,United States,,129831,Technology,Electrical Products
KEEL,Keel Infrastructure Corp. Common Stock,$2.88,0.14,5.109%,1735855413.00,Canada,,27890744,Finance,Finance: Consumer Services
KELYA,Kelly Services Inc. Class A Common Stock,$9.51,0.19,2.039%,325352582.00,United States,,386156,Consumer Discretionary,Professional Services
KELYB,Kelly Services Inc. Class B Common Stock,$16.10,0.47,3.007%,550807211.00,United States,,4768,Consumer Discretionary,Professional Services
KEN,Kenon Holdings Ltd. Ordinary Shares,$82.88,1.91,2.359%,4318743943.00,Singapore,2015,15528,Utilities,Electric Utilities: Central
KEP,Korea Electric Power Corporation Common Stock,$15.79,0.53,3.473%,20273225552.00,South Korea,1994,937483,Utilities,Electric Utilities: Central
KEQU,Kewaunee Scientific Corporation Common Stock,$36.70,1.71,4.887%,105196293.00,United States,,7412,Industrials,Medical Specialities
KEX,Kirby Corporation Common Stock,$142.09,-1.39,-0.969%,7619007890.00,United States,,1292064,Consumer Discretionary,Marine Transportation
KEY,KeyCorp Common Stock,$21.80,0.13,0.60%,23384722507.00,United States,,18016841,Finance,Major Banks
KEY^I,KeyCorp Depositary Shares Each Representing a 1/40th Ownership Interest in a Share of Fixed-to-Floating Rate Perpetual Non-Cumulative Preferred Stock Series E,$25.11,-0.02,-0.08%,,United States,,15156,,
KEY^J,KeyCorp Depositary Shares each representing a 1/40th ownership interest in a share of Fixed Rate Perpetual Non-Cumulative Preferred Stock Series F,$21.68,0.03,0.139%,,United States,,15074,,
KEY^K,KeyCorp Depositary Shares each representing a 1/40th ownership interest in a share of Fixed Rate Perpetual Non-Cumulative Preferred Stock Series G,$21.67,0.03,0.139%,,United States,,21101,,
KEY^L,KeyCorp Depositary Shares each representing a 1/40th ownership interest in a share of Fixed Rate Perpetual Non-Cumulative Preferred Stock Series H,$25.05,0.05,0.20%,,United States,,13834,,
KEYS,Keysight Technologies Inc. Common Stock,$334.34,4.38,1.327%,57340144178.00,United States,2014,1354417,Industrials,Industrial Machinery/Components
KF,Korea Fund Inc. (The) New Common Stock,$54.72,1.72,3.245%,0.00,United States,,16656,Finance,Investment Managers
KFFB,Kentucky First Federal Bancorp Common Stock,$4.77,0.00,0.00%,38573631.00,United States,2005,165,Finance,Savings Institutions
KFII,K&F Growth Acquisition Corp. II Class A Ordinary shares,$10.48,0.00,0.00%,0.00,United States,2025,2,,
KFIIR,K&F Growth Acquisition Corp. II Rights,$0.1459,-0.0041,-2.733%,0.00,United States,2025,17432,,
KFRC,Kforce Inc. Common Stock,$30.56,-0.43,-1.388%,557036587.00,United States,1995,154997,Consumer Discretionary,Professional Services
KFS,Kingsway Financial Services Inc. Common Stock (DE),$11.97,0.25,2.133%,346491568.00,Canada,,109319,Finance,Property-Casualty Insurers
KFY,Korn Ferry Common Stock,$65.76,0.34,0.52%,3412094841.00,United States,1999,593105,Consumer Discretionary,Diversified Commercial Services
KG,Kestrel Group Ltd.,$11.62,0.67,6.119%,89961378.00,Bermuda,2008,20213,Finance,Property-Casualty Insurers
KGC,Kinross Gold Corporation Common Stock,$34.94,1.07,3.159%,41922515713.00,Canada,2001,7960838,Basic Materials,Precious Metals
KGEI,Kolibri Global Energy Inc. Common stock,$4.91,-0.34,-6.476%,174178842.00,United States,,323086,Energy,Oil & Gas Production
KGS,Kodiak Gas Services Inc. Common Stock,$63.25,1.01,1.623%,5432827315.00,United States,2023,1844202,Utilities,Natural Gas Distribution
KHC,The Kraft Heinz Company Common Stock,$22.47,-0.12,-0.531%,26644078993.00,United States,,12780490,Consumer Staples,Packaged Foods
KIDS,OrthoPediatrics Corp. Common Stock,$16.75,0.22,1.331%,423419682.00,United States,2017,201914,Health Care,Medical/Dental Instruments
KIDZ,Classover Holdings Inc. Class B Common Stock,$1.70,0.01,0.592%,2219263.00,United States,,783488,Real Estate,Other Consumer Services
KIDZW,Classover Holdings Inc. Warrants,$0.0154,0.002,14.925%,20104.00,United States,,1090,Real Estate,Other Consumer Services
KIM,Kimco Realty Corporation (HC) Common Stock,$24.19,0.44,1.853%,16313813698.00,United States,,4338258,Real Estate,Real Estate Investment Trusts
KIM^L,Kimco Realty Corporation Class L Depositary Shares each of which represents a one-one thousandth fractional interest in a share of 5.125% Class L Cumulative Redeemable Preferred Stock liquidation preference $25000.00 per share,$19.67,0.07,0.357%,,United States,,17733,,
KIM^M,Kimco Realty Corporation Class M Depositary Shares each of which represents a one-one thousandth fractional interest in a share of 5.25% Class M Cumulative Redeemable Preferred Stock liquidation preference $25000.00 per share,$20.14,-0.01,-0.05%,,United States,,56175,,
KIM^N,Kimco Realty Corporation Depositary Shares each representing 1/1000th interest in a share of 7.25% Class N Cumulative Convertible Perpetual Preferred Stock,$60.55,0.40,0.665%,,United States,,304,,
KINS,Kingstone Companies Inc. Common Stock,$18.64,0.07,0.377%,269848018.00,United States,,246043,Finance,Property-Casualty Insurers
KIO,KKR Income Opportunities Fund Common Shares,$11.18,0.07,0.63%,0.00,United States,2013,167196,Finance,Investment Managers
KITT,Nauticus Robotics Inc. Common stock,$0.4051,-0.1029,-20.256%,14128731.00,United States,2021,5891667,Industrials,Industrial Machinery/Components
KITTW,Nauticus Robotics Inc. Warrant,$0.0329,-0.0132,-28.633%,1147458.00,United States,2021,338211,Industrials,Industrial Machinery/Components
KKR,KKR & Co. Inc. Common Stock,$103.60,1.58,1.549%,92364672618.00,United States,,5826975,Finance,Investment Managers
KKR^D,KKR & Co. Inc. 6.25% Series D Mandatory Convertible Preferred Stock,$44.34,0.64,1.465%,,United States,,197935,,
KKRS,KKR Group Finance Co. IX LLC 4.625% Subordinated Notes due 2061,$16.84,0.13,0.778%,15013717055.00,United States,2021,24005,Finance,Investment Managers
KKRT,KKR & Co. Inc. 6.875% Subordinated Notes due 2065,$25.21,0.35,1.408%,0.00,United States,2025,31618,Finance,Investment Managers
KLAC,KLA Corporation Common Stock,$1791.44,56.59,3.262%,234815884010.00,United States,1980,724803,Technology,Electronic Components
KLAR,Klarna Group plc Ordinary Shares,$15.06,0.39,2.658%,10627006155.00,,2025,8214846,Finance,Finance: Consumer Services
KLC,KinderCare Learning Companies Inc. Common Stock,$3.09,0.08,2.658%,365719413.00,United States,2024,1026467,Consumer Discretionary,Other Consumer Services
KLIC,Kulicke and Soffa Industries Inc. Common Stock,$81.88,2.22,2.787%,4284495130.00,Singapore,,736216,Technology,Semiconductors
KLRA,Kailera Therapeutics Inc. Common Stock,$26.00,10.00,62.50%,0.00,United States,,8107429,Health Care,Biotechnology: Pharmaceutical Preparations
KLRS,Kalaris Therapeutics Inc. Common Stock,$6.32,-0.27,-4.097%,144906875.00,United States,2020,106003,Health Care,Biotechnology: Biological Products (No Diagnostic Substances)
KLTR,Kaltura Inc. Common Stock,$1.17,0.04,3.54%,174020604.00,United States,2021,408941,Technology,Computer Software: Prepackaged Software
KLXE,KLX Energy Services Holdings Inc. Common Stock,$2.28,-0.11,-4.603%,44844755.00,United States,,258056,Energy,Oilfield Services/Equipment
KMB,Kimberly-Clark Corporation Common Stock,$98.84,0.87,0.888%,32807542711.00,United States,,4074372,Consumer Discretionary,Containers/Packaging
KMDA,Kamada Ltd. Ordinary Shares,$8.49,0.25,3.034%,489754615.00,Israel,2013,51362,Health Care,Biotechnology: Pharmaceutical Preparations
KMI,Kinder Morgan Inc. Common Stock,$32.02,0.23,0.723%,71238700794.00,United States,2011,14355388,Utilities,Natural Gas Distribution
KMPB,Kemper Corporation 5.875% Fixed-Rate Reset Junior Subordinated Debentures due 2062,$23.90,0.07,0.294%,1405208674.00,United States,2022,3940,Finance,Property-Casualty Insurers
KMPR,Kemper Corporation,$33.15,0.30,0.913%,1949065587.00,United States,,575438,Finance,Property-Casualty Insurers
KMRK,K-Tech Solutions Company Limited Class A Ordinary Shares,$3.95,0.52,15.16%,83345000.00,Hong Kong,2025,123614,Consumer Discretionary,Recreational Games/Products/Toys
KMT,Kennametal Inc. Common Stock,$38.95,0.64,1.671%,2967942948.00,United States,,1067996,Industrials,Industrial Machinery/Components
KMTS,Kestra Medical Technologies Ltd. Common Stock,$22.81,2.40,11.759%,1331496182.00,United States,2025,394456,Health Care,Medical/Dental Instruments
KMX,CarMax Inc,$40.88,0.39,0.963%,5797630829.00,United States,,4157164,Consumer Discretionary,Retail-Auto Dealers and Gas Stations
KN,Knowles Corporation Common Stock,$29.69,0.69,2.379%,2539375724.00,United States,2014,720737,Consumer Staples,Consumer Electronics/Appliances
KNDI,Kandi Technologies Group Inc. Ordinary Shares,$0.827,0.0115,1.41%,72245260.00,China,,70695,Industrials,Auto Manufacturing
KNF,Knife Riv Holding Co. Common Stock,$89.12,5.27,6.285%,5057903558.00,United States,2023,561695,Industrials,Mining & Quarrying of Nonmetallic Minerals (No Fuels)
KNOP,KNOT Offshore Partners LP Common Units representing Limited Partner Interests,$10.12,-0.01,-0.099%,344536220.00,United Kingdom,2013,78694,Consumer Discretionary,Marine Transportation
KNRX,KNOREX LTD. Class A Ordinary Shares,$1.29,-0.02,-1.527%,39245816.00,,2025,13708,Technology,Computer Software: Programming Data Processing
KNSA,Kiniksa Pharmaceuticals International plc Class A Ordinary Shares,$44.90,-0.42,-0.927%,3436438427.00,United States,2018,1013453,Health Care,Biotechnology: Pharmaceutical Preparations
KNSL,Kinsale Capital Group Inc. Common Stock,$360.78,1.74,0.485%,8318827719.00,United States,,185304,Finance,Property-Casualty Insurers
KNTK,Kinetik Holdings Inc. Class A Common Stock,$46.67,-0.71,-1.499%,7567463028.00,United States,2022,986622,Utilities,Natural Gas Distribution
KNX,Knight-Swift Transportation Holdings Inc.,$64.42,0.09,0.14%,10465535406.00,United States,2017,4644334,Industrials,Trucking Freight/Courier Services
KO,Coca-Cola Company (The) Common Stock,$75.74,0.56,0.745%,325996538904.00,United States,,15006792,Consumer Staples,Beverages (Production/Distribution)
KOD,Kodiak Sciences Inc Common Stock,$44.90,4.49,11.111%,2776969363.00,United States,2018,1040854,Health Care,Biotechnology: Biological Products (No Diagnostic Substances)
KODK,Eastman Kodak Company Common New,$13.16,0.33,2.572%,1284528729.00,United States,,1352828,Consumer Discretionary,Industrial Machinery/Components
KOF,Coca Cola Femsa S.A.B. de C.V.  American Depositary Shares each representing 10 Units (each Unit consists of 3 Series B Shares and 5 Series L Shares),$103.94,1.36,1.326%,21836050510.00,Mexico,1993,82524,Consumer Staples,Beverages (Production/Distribution)
KOP,Koppers Holdings Inc. Common Stock,$37.69,0.71,1.92%,728820123.00,United States,2006,161861,Basic Materials,Forest Products
KOPN,Kopin Corporation Common Stock,$2.98,0.03,1.017%,546422977.00,United States,1992,4398840,Technology,Semiconductors
KORE,KORE Group Holdings Inc. Common Stock,$9.14,-0.01,-0.109%,160744595.00,United States,,10334,Telecommunications,Telecommunications Equipment
KOS,Kosmos Energy Ltd. Common Shares (DE),$2.48,-0.15,-5.703%,1434741717.00,Bermuda,2011,20145677,Energy,Oil & Gas Production
KOSS,Koss Corporation Common Stock,$4.17,0.07,1.707%,39475046.00,United States,,36643,Consumer Staples,Consumer Electronics/Appliances
KOYN,CSLM Digital Asset Acquisition Corp III Class A Ordinary Shares,$10.09,0.00,0.00%,0.00,United States,2025,6244,,
KOYNU,CSLM Digital Asset Acquisition Corp III Units,$10.20,0.01,0.098%,0.00,United States,2025,1101,,
KOYNW,CSLM Digital Asset Acquisition Corp III Warrants,$0.2467,-0.0022,-0.884%,0.00,United States,2025,253989,,
KPLT,Katapult Holdings Inc. Common Stock,$7.20,0.11,1.551%,34308418.00,United States,2019,7442,Consumer Discretionary,Diversified Commercial Services
KPLTW,Katapult Holdings Inc. Warrant,$0.0022,-0.0005,-18.519%,10483.00,United States,2019,8759,Consumer Discretionary,Diversified Commercial Services
KPRX,Kiora Pharmaceuticals Inc.  Common Stock,$2.52,0.03,1.205%,9955583.00,United States,,33335,Health Care,Biotechnology: Pharmaceutical Preparations
KPTI,Karyopharm Therapeutics Inc. Common Stock,$8.61,-0.05,-0.577%,194097951.00,United States,2013,165490,Health Care,Biotechnology: Pharmaceutical Preparations
KR,Kroger Company (The) Common Stock,$68.19,0.42,0.62%,41771530914.00,United States,,6469886,Consumer Staples,Food Chains
KRAQ,KRAKacquisition Corp Class A Ordinary Shares,$9.91,0.02,0.202%,0.00,United States,2026,30216,,
KRAQU,KRAKacquisition Corp Unit,$10.04,0.01,0.10%,0.00,United States,2026,7716,,
KRAQW,KRAKacquisition Corp Warrants,$0.50,-0.09,-15.254%,0.00,United States,2026,50006,,
KRC,Kilroy Realty Corporation Common Stock,$31.45,0.58,1.879%,3675954688.00,United States,1997,2919985,Real Estate,Real Estate Investment Trusts
KREF,KKR Real Estate Finance Trust Inc. Common Stock,$6.69,0.07,1.057%,430004052.00,United States,2017,645865,Real Estate,Real Estate Investment Trusts
KREF^A,KKR Real Estate Finance Trust Inc. 6.50% Series A Cumulative Redeemable Preferred Stock,$17.62,-0.13,-0.732%,,United States,,10297,,
KRG,Kite Realty Group Trust Common Stock,$26.72,0.73,2.809%,5425540115.00,United States,2004,1940516,Real Estate,Real Estate Investment Trusts
KRKR,36Kr Holdings Inc. American Depositary Shares,$3.55,0.02,0.567%,145764473.00,China,2019,5783,Real Estate,Real Estate
KRMD,KORU Medical Systems Inc. Common Stock (DE),$4.33,0.15,3.589%,201401290.00,United States,,94002,Health Care,Medical/Dental Instruments
KRMN,Karman Holdings Inc. Common Stock,$83.58,-4.33,-4.925%,11076548070.00,United States,2025,3963031,Industrials,Military/Government/Technical
KRNT,Kornit Digital Ltd. Ordinary Shares,$16.37,0.40,2.505%,758593608.00,Israel,2015,280906,Industrials,Industrial Machinery/Components
KRNY,Kearny Financial Corp Common Stock,$8.12,0.20,2.525%,525681906.00,United States,2005,334462,Finance,Savings Institutions
KRO,Kronos Worldwide Inc Common Stock,$6.32,-0.01,-0.158%,727135693.00,United States,,388903,Basic Materials,Major Chemicals
KROS,Keros Therapeutics Inc. Common Stock,$11.67,-0.05,-0.427%,230103610.00,United States,2020,371528,Health Care,Biotechnology: Pharmaceutical Preparations
KRP,Kimbell Royalty Partners Common Units Representing Limited Partner Interests,$14.08,-0.37,-2.561%,1519063434.00,United States,2017,1104796,Energy,Oil & Gas Production
KRRO,Korro Bio Inc. Common Stock,$14.39,0.92,6.83%,207540797.00,United States,2019,87302,Health Care,Biotechnology: Pharmaceutical Preparations
KRSP,Rice Acquisition Corporation 3 Class A Ordinary Shares,$10.29,-0.02,-0.194%,0.00,,2025,244,,
KRT,Karat Packaging Inc. Common Stock,$30.20,1.45,5.043%,602904676.00,United States,2021,264458,Industrials,Plastic Products
KRUS,Kura Sushi USA Inc. Class A Common Stock,$59.58,2.80,4.931%,723770810.00,United States,2019,449435,Consumer Discretionary,Restaurants
KRYS,Krystal Biotech Inc. Common Stock,$274.21,10.15,3.844%,8071575911.00,United States,2017,327265,Health Care,Biotechnology: Biological Products (No Diagnostic Substances)
KSCP,Knightscope Inc. Class A Common Stock,$3.36,-0.22,-6.145%,54710588.00,United States,2022,738976,Telecommunications,Telecommunications Equipment
KSPI,Joint Stock Company Kaspi.kz American Depository Shares,$84.91,3.68,4.53%,16076304513.00,Kazakhstan,2024,612463,,
KSS,Kohl's Corporation Common Stock,$14.52,0.19,1.326%,1629915753.00,United States,1992,5102648,Consumer Discretionary,Department/Specialty Retail Stores
KT,KT Corporation Common Stock,$22.69,-0.01,-0.044%,11155899089.00,South Korea,,1880527,Telecommunications,Telecommunications Equipment
KTB,Kontoor Brands Inc. Common Stock ,$77.29,4.97,6.872%,4270592558.00,United States,2019,709417,Industrials,Garments and Clothing
KTCC,Key Tronic Corporation Common Stock,$2.79,0.04,1.455%,30297361.00,United States,1983,30948,Technology,Electrical Products
KTF,DWS Municipal Income Trust,$9.20,0.01,0.109%,363408630.00,United States,1988,221910,Finance,Finance Companies
KTH,Structures Products Cp 8% CorTS Issued by Peco Energy Cap Tr II Preferred Stock,$28.95,0.01,0.035%,0.00,United States,,306,Finance,Finance: Consumer Services
KTN,Structured Products Corp 8.205% CorTS 8.205% Corporate Backed Trust Securities (CorTS),$26.0343,0.0593,0.228%,0.00,United States,,299,Finance,Finance: Consumer Services
KTOS,Kratos Defense & Security Solutions Inc. Common Stock,$70.99,-3.42,-4.596%,13298814252.00,United States,,7152121,Industrials,Military/Government/Technical
KTTA,Pasithea Therapeutics Corp. Common Stock,$0.7424,0.0064,0.87%,18515417.00,United States,2021,213400,Health Care,Biotechnology: Pharmaceutical Preparations
KTTAW,Pasithea Therapeutics Corp. Warrant,$0.0075,0.0004,5.634%,187050.00,United States,2021,11000,Health Care,Biotechnology: Pharmaceutical Preparations
KTWO,K2 Capital Acquisition Corporation Class A Ordinary Share,$9.955,0.055,0.556%,199509748.00,Cayman Islands,2026,180597,,
KTWOR,K2 Capital Acquisition Corporation Rights,$0.20,0.00,0.00%,4008232.00,Cayman Islands,2026,350000,,
KULR,KULR Technology Group Inc. Common Stock,$2.56,0.07,2.811%,118371927.00,United States,,1603315,Technology,Electrical Products
KURA,Kura Oncology Inc. Common Stock,$9.68,0.74,8.277%,859222975.00,United States,,3580198,Health Care,Biotechnology: Pharmaceutical Preparations
KUST,Kustom Entertainment Inc. Common Stock,$0.788,0.0081,1.039%,2074854.00,United States,,354079,Technology,Radio And Television Broadcasting And Communications Equipment
KVAC,Keen Vision Acquisition Corporation Ordinary Shares,$12.02,0.00,0.00%,0.00,United States,2023,2,,
KVACW,Keen Vision Acquisition Corporation Warrant,$0.0164,-0.0017,-9.392%,0.00,United States,2023,212078,,
KVHI,KVH Industries Inc. Common Stock,$10.28,0.60,6.198%,200243442.00,United States,1996,281644,Technology,Radio And Television Broadcasting And Communications Equipment
KVUE,Kenvue Inc. Common Stock,$17.61,0.15,0.859%,33809726166.00,United States,2023,16495259,Consumer Discretionary,Specialty Chemicals
KVYO,Klaviyo Inc. Series A Common Stock,$18.67,0.27,1.467%,5690132895.00,United States,2023,6761924,Technology,Computer Software: Prepackaged Software
KW,Kennedy-Wilson Holdings Inc. Common Stock,$10.89,0.01,0.092%,1507878557.00,United States,,726349,Finance,Real Estate
KWM,K Wave Media Ltd. Ordinary Shares,$0.3666,-0.0043,-1.159%,26851189.00,Cayman Islands,,370113,Consumer Discretionary,Movies/Entertainment
KWMWW,K Wave Media Ltd. Warrant,$0.02,0.00,0.00%,1464877.00,Cayman Islands,,69815,Consumer Discretionary,Movies/Entertainment
KWR,Quaker Houghton Common Stock,$139.81,9.06,6.929%,2423617115.00,United States,,203449,Industrials,Major Chemicals
KXIN,Kaixin Holdings Ordinary Shares,$6.59,0.25,3.943%,10898298.00,China,2017,4127,Consumer Discretionary,Retail-Auto Dealers and Gas Stations
KYIV,Kyivstar Group Ltd. Common Shares,$12.24,0.41,3.466%,2825770758.00,United Arab Emirates,,745189,Telecommunications,Telecommunications Equipment
KYIVW,Kyivstar Group Ltd. Warrant,$4.75,0.15,3.261%,1096602214.00,United Arab Emirates,,17066,Telecommunications,Telecommunications Equipment
KYMR,Kymera Therapeutics Inc. Common Stock,$87.71,1.57,1.823%,7160854378.00,United States,2020,587364,Health Care,Biotechnology: Biological Products (No Diagnostic Substances)
KYN,Kayne Anderson Energy Infrastructure Fund Inc.,$13.22,-0.32,-2.363%,1799658827.00,United States,2004,1431201,Finance,Finance/Investors Services
KYNB,Kyntra Bio Inc. Common Stock,$7.32,0.13,1.808%,29622774.00,United States,2014,4064,Health Care,Biotechnology: Pharmaceutical Preparations
KYTX,Kyverna Therapeutics Inc. Common Stock,$9.93,0.40,4.197%,601065809.00,United States,2024,919264,Health Care,Biotechnology: Biological Products (No Diagnostic Substances)
KZIA,Kazia Therapeutics Limited American Depositary Shares,$11.10,0.18,1.648%,126838579.00,Australia,,410217,Health Care,Biotechnology: Pharmaceutical Preparations
KZR,Kezar Life Sciences Inc. Common Stock,$7.33,-0.04,-0.543%,54033293.00,United States,2018,66485,Health Care,Biotechnology: Pharmaceutical Preparations
L,Loews Corporation Common Stock,$111.35,1.51,1.375%,22912233172.00,United States,,785686,Finance,Property-Casualty Insurers
LAB,Standard BioTools Inc. Common Stock,$0.9299,0.0062,0.671%,362727493.00,United States,2011,2471280,Industrials,Biotechnology: Laboratory Analytical Instruments
LAC,Lithium Americas Corp. Common Shares,$4.84,-0.03,-0.616%,1521212000.00,Canada,2023,11036897,Basic Materials,Metal Mining
LAD,Lithia Motors Inc. Common Stock,$283.04,8.17,2.972%,6616034526.00,United States,,391866,Consumer Discretionary,Retail-Auto Dealers and Gas Stations
LADR,Ladder Capital Corp Class A Common Stock,$10.38,0.24,2.367%,1320684342.00,United States,2014,882764,Real Estate,Real Estate Investment Trusts
LAES,SEALSQ Corp Ordinary Shares,$2.70,-0.05,-1.818%,601489797.00,Switzerland,,18486557,Technology,Semiconductors
LAFA,LaFayette Acquisition Corp. Ordinary Share,$9.99,0.00,0.00%,0.00,France,2025,376824,,
LAFAU,LaFayette Acquisition Corp. Unit,$10.09,0.03,0.298%,0.00,France,2025,7420,,
LAKE,Lakeland Industries Inc. Common Stock,$11.20,2.28,25.561%,109828634.00,United States,1986,392328,Health Care,Industrial Specialties
LAMR,Lamar Advertising Company Class A Common Stock,$135.04,-0.11,-0.081%,13698665697.00,United States,1996,601726,Real Estate,Real Estate Investment Trusts
LAND,Gladstone Land Corporation Common Stock,$10.30,-0.02,-0.194%,429554506.00,United States,2013,448240,Real Estate,Real Estate Investment Trusts
LANDO,Gladstone Land Corporation 6.00% Series B Cumulative Redeemable Preferred Stock,$20.51,-0.24,-1.157%,855355624.00,United States,,26875,Real Estate,Real Estate Investment Trusts
LANDP,Gladstone Land Corporation 6.00% Series C Cumulative Redeemable Preferred Stock,$20.06,-0.05,-0.249%,836588679.00,United States,,18692,Real Estate,Real Estate Investment Trusts
LANV,Lanvin Group Holdings Limited Ordinary Shares,$1.69,0.11,6.962%,236221109.00,Cayman Islands,2022,12681,Consumer Discretionary,Apparel
LAR,Lithium Argentina AG Common Shares,$8.80,-0.41,-4.452%,1441440000.00,Canada,2023,5759902,Basic Materials,Metal Mining
LARK,Landmark Bancorp Inc. Common Stock,$27.54,0.60,2.227%,167947843.00,United States,,9176,Finance,Major Banks
LASE,Laser Photonics Corporation Common Stock,$1.15,-0.07,-5.738%,26191485.00,United States,2022,3743303,Miscellaneous,Industrial Machinery/Components
LASR,nLIGHT Inc. Common Stock,$70.43,0.95,1.367%,3929382597.00,United States,2018,1081492,Technology,Semiconductors
LATA,Galata Acquisition Corp. II Class A Ordinary Shares,$10.07,0.02,0.199%,0.00,United States,2025,5601,Finance,Blank Checks
LATAU,Galata Acquisition Corp. II Units,$10.17,0.00,0.00%,0.00,United States,2025,234,,
LAUR,Laureate Education Inc. Common Stock,$33.84,0.66,1.989%,4739720854.00,United States,2017,1942923,Real Estate,Other Consumer Services
LAW,CS Disco Inc. Common Stock,$4.29,0.06,1.418%,271681466.00,United States,2021,207828,Technology,Computer Software: Prepackaged Software
LAZ,Lazard Inc. Common Stock,$49.04,0.71,1.469%,5479178243.00,Bermuda,2005,1036212,Finance,Investment Managers
LB,LandBridge Company LLC Class A Shares Representing Limited Liability Company Interests,$67.23,-2.21,-3.183%,5182701201.00,,2024,319369,Energy,Oil & Gas Production
LBGJ,Li Bang International Corporation Inc. Class A Ordinary Shares,$1.11,0.02,1.835%,1540103.00,China,2024,41337,Industrials,Industrial Machinery/Components
LBRDA,Liberty Broadband Corporation Class A Common Stock,$55.13,0.19,0.346%,7911029855.00,United States,,129943,Telecommunications,Cable & Other Pay Television Services
LBRDK,Liberty Broadband Corporation Class C Common Stock,$55.23,0.19,0.345%,7925379628.00,United States,,837251,Telecommunications,Cable & Other Pay Television Services
LBRDP,Liberty Broadband Corporation Series A Cumulative Redeemable Preferred Stock,$23.60,0.09,0.383%,3386546428.00,United States,,2062,Telecommunications,Cable & Other Pay Television Services
LBRT,Liberty Energy Inc. Class A common stock,$26.30,-1.66,-5.937%,4261955134.00,United States,2018,4805901,Energy,Oilfield Services/Equipment
LBRX,LB Pharmaceuticals Inc Common Stock,$30.52,2.24,7.921%,875155720.00,United States,2025,341545,Health Care,Biotechnology: Pharmaceutical Preparations
LBTYA,Liberty Global Ltd. Class A Common Shares,$12.56,-0.06,-0.475%,4207960660.00,United Kingdom,,1722112,Telecommunications,Cable & Other Pay Television Services
LBTYB,Liberty Global Ltd. Class B Common Shares,$14.75,0.00,0.00%,4941673546.00,United Kingdom,,332,Telecommunications,Cable & Other Pay Television Services
LBTYK,Liberty Global Ltd. Class C Common Shares,$12.19,0.01,0.082%,4084000036.00,United Kingdom,,1405481,Telecommunications,Cable & Other Pay Television Services
LC,LendingClub Corporation Common Stock,$17.44,0.84,5.06%,2008749629.00,United States,2014,2516221,Finance,Finance: Consumer Services
LCCC,Lakeshore Acquisition III Corp. Ordinary Shares,$10.32,-0.02,-0.193%,0.00,United States,2025,17104,Finance,Blank Checks
LCCCR,Lakeshore Acquisition III Corp. Rights,$0.1601,-0.0099,-5.824%,0.00,United States,2025,595,Finance,Blank Checks
LCCCU,Lakeshore Acquisition III Corp. Unit,$10.47,0.00,0.00%,0.00,United States,2025,262,Finance,Blank Checks
LCFY,Locafy Limited Ordinary Share,$4.60,0.02,0.437%,8275653.00,Australia,2022,5258,Technology,Computer Software: Programming Data Processing
LCID,Lucid Group Inc. Common Stock,$7.30,-0.40,-5.195%,2392094974.00,United States,,30280196,Industrials,Auto Manufacturing
LCII,LCI Industries,$123.43,4.04,3.384%,2997432996.00,United States,1995,1447522,Consumer Discretionary,Auto Parts:O.E.M.
LCNB,LCNB Corporation Common Stock,$17.15,0.595,3.594%,244181117.00,United States,,34704,Finance,Major Banks
LCTX,Lineage Cell Therapeutics Inc. Common Stock,$1.71,0.07,4.268%,425939675.00,United States,,1993237,Health Care,Biotechnology: Biological Products (No Diagnostic Substances)
LCUT,Lifetime Brands Inc. Common Stock,$6.975,-0.325,-4.452%,158013094.00,United States,1991,215153,Consumer Discretionary,Industrial Machinery/Components
LDI,loanDepot Inc. Class A Common Stock,$1.79,0.16,9.816%,409590159.00,United States,2021,3345073,Finance,Finance: Consumer Services
LDOS,Leidos Holdings Inc. Common Stock,$155.17,-1.30,-0.831%,19569746974.00,United States,,1044556,Technology,EDP Services
LDP,Cohen & Steers Limited Duration Preferred and Income Fund Inc.,$20.91,0.06,0.288%,0.00,United States,2012,45280,Finance,Finance Companies
LE,Lands' End Inc. Common Stock,$12.44,0.44,3.667%,381657832.00,United States,,649301,Consumer Discretionary,Clothing/Shoe/Accessory Stores
LEA,Lear Corporation Common Stock,$125.39,6.25,5.246%,6348114389.00,United States,,624527,Consumer Discretionary,Auto Parts:O.E.M.
LECO,Lincoln Electric Holdings Inc. Common Shares,$261.40,8.92,3.533%,14330931387.00,United States,,350566,Industrials,Industrial Machinery/Components
LEDS,SemiLEDS Corporation Common Stock,$1.42,0.18,14.516%,11725867.00,Taiwan,2010,30904,Technology,Semiconductors
LEE,Lee Enterprises Incorporated Common Stock,$8.30,-0.26,-3.037%,184508494.00,United States,,20199,Consumer Discretionary,Newspapers/Magazines
LEG,Leggett & Platt Incorporated Common Stock,$12.03,0.87,7.796%,1640601512.00,United States,,3783401,Consumer Discretionary,Home Furnishings
LEGH,Legacy Housing Corporation Common Stock (TX),$21.78,1.20,5.831%,518632787.00,United States,2018,62699,Consumer Discretionary,Homebuilding
LEGN,Legend Biotech Corporation American Depositary Shares,$21.17,0.09,0.427%,3915511068.00,United States,2020,1809139,Health Care,Biotechnology: Pharmaceutical Preparations
LEGO,Legato Merger Corp. IV Ordinary Shares,$9.88,0.04,0.407%,299433516.00,,2026,122,Industrials,Steel/Iron Ore
LEGT,Legato Merger Corp. III Ordinary Shares,$11.03,0.00,0.00%,0.00,,2024,143611,,
LEN,Lennar Corporation Class A Common Stock,$92.79,3.99,4.493%,22854018886.00,United States,,3619282,Consumer Discretionary,Homebuilding
LENZ,LENZ Therapeutics Inc. Common Stock,$10.18,0.54,5.602%,319187731.00,United States,2021,567354,Health Care,Biotechnology: Biological Products (No Diagnostic Substances)
LEO,BNY Mellon Strategic Municipals Inc. Common Stock,$6.43,0.04,0.626%,400530191.00,United States,1987,215391,Finance,Trusts Except Educational Religious and Charitable
LESL,Leslie's Inc. Common Stock,$1.82,0.00,0.00%,16956167.00,United States,2020,395003,Consumer Discretionary,Other Specialty Stores
LEU,Centrus Energy Corp. Class A Common Stock,$203.63,1.61,0.797%,4005725261.00,United States,2014,1072376,Industrials,Mining & Quarrying of Nonmetallic Minerals (No Fuels)
LEVI,Levi Strauss & Co Class A Common Stock,$22.90,0.69,3.107%,8807254148.00,United States,2019,2398236,Consumer Discretionary,Apparel
LEXX,Lexaria Bioscience Corp. Common Stock,$1.03,0.045,4.569%,25634069.00,Canada,,351300,Health Care,Biotechnology: Pharmaceutical Preparations
LFACU,Leapfrog Acquisition Corporation Units,$10.04,0.00,0.00%,0.00,United States,2025,154,,
LFACW,Leapfrog Acquisition Corporation Warrants,$0.28,0.03,12.00%,0.00,United States,2026,2900,Finance,Blank Checks
LFCR,Lifecore Biomedical Inc. Common Stock,$5.38,0.18,3.462%,201568974.00,United States,,219239,Health Care,Biotechnology: Pharmaceutical Preparations
LFMD,LifeMD Inc. Common Stock,$4.09,0.15,3.807%,196213022.00,United States,,1051812,Health Care,Medical/Nursing Services
LFMDP,LifeMD Inc. 8.875% Series A Cumulative Perpetual Preferred Stock,$23.92,-0.01,-0.042%,1147534348.00,United States,,2019,Health Care,Medical/Nursing Services
LFS,LEIFRAS Co. Ltd. American Depositary Shares  ,$1.97,-0.11,-5.288%,51536419.00,Japan,2025,54316,Consumer Discretionary,Other Consumer Services
LFST,LifeStance Health Group Inc. Common Stock,$6.89,0.22,3.298%,2685606317.00,United States,2021,1857429,Health Care,Medical/Nursing Services
LFT,Lument Finance Trust Inc. Common Stock,$1.32,0.03,2.326%,69167030.00,United States,2013,67845,Real Estate,Real Estate Investment Trusts
LFT^A,Lument Finance Trust Inc. 7.875% Series A Cumulative Redeemable Preferred Stock,$20.15,0.04,0.199%,,United States,,1338,,
LFUS,Littelfuse Inc. Common Stock,$389.49,3.21,0.831%,9800391392.00,United States,,246749,Energy,Electrical Products
LFVN,Lifevantage Corporation Common Stock (Delaware),$4.78,0.21,4.595%,61152256.00,United States,,172476,Health Care,Biotechnology: Pharmaceutical Preparations
LFWD,Lifeward Ltd. Ordinary Shares,$6.79,0.11,1.647%,10376627.00,Israel,2014,4310,Health Care,Industrial Specialties
LGCB,Linkage Global Inc. Class A Ordinary Shares,$1.19,-0.1185,-9.056%,13283401.00,Japan,2023,141699,Consumer Discretionary,Catalog/Specialty Distribution
LGCL,Lucas GC Limited Ordinary Shares,$1.92,-0.01,-0.518%,82157618.00,China,2024,2426,Technology,Computer Software: Programming Data Processing
LGCY,Legacy Education Inc. Common Stock,$13.45,0.20,1.509%,169646007.00,,2024,42304,Real Estate,Other Consumer Services
LGHL,Lion Group Holding Ltd. American Depositary Share,$0.8625,0.036,4.356%,822564.00,China,,50856,Finance,Investment Bankers/Brokers/Service
LGI,Lazard Global Total Return and Income Fund Common Stock,$17.60,0.23,1.324%,0.00,United States,2004,30380,,
LGIH,LGI Homes Inc. Common Stock,$43.56,4.36,11.122%,1007677226.00,United States,2013,637645,Consumer Discretionary,Homebuilding
LGL,LGL Group Inc. (The) Common Stock,$7.18,-0.03,-0.416%,46960323.00,United States,1946,16055,Technology,Industrial Machinery/Components
LGN,Legence Corp. Class A Common stock,$73.77,4.97,7.224%,7969958244.00,United States,2025,4220103,Consumer Discretionary,Engineering & Construction
LGND,Ligand Pharmaceuticals Incorporated Common Stock,$231.82,8.58,3.843%,4622755307.00,United States,,169015,Health Care,Biotechnology: Pharmaceutical Preparations
LGO,Largo Inc. Common Shares,$1.31,-0.01,-0.758%,109612940.00,Canada,,1202639,Industrials,Mining & Quarrying of Nonmetallic Minerals (No Fuels)
LGPS,LogProstyle Inc. Common Shares,$0.759,0.094,14.135%,17951951.00,,2025,55092,Consumer Discretionary,Homebuilding
LGVN,Longeveron Inc. Class A Common Stock,$1.10,0.00,0.00%,25594529.00,United States,2021,920146,Health Care,Biotechnology: Pharmaceutical Preparations
LH,Labcorp Holdings Inc. Common Stock,$270.68,4.32,1.622%,22246389611.00,United States,,550209,Health Care,Medical Specialities
LHAI,Linkhome Holdings Inc. Common stock,$1.27,0.036,2.917%,20612100.00,United States,2025,106184,Finance,Real Estate
LHSW,Lianhe Sowell International Group Ltd Class A Ordinary Shares,$0.205,0.0118,6.108%,10660000.00,China,2025,2932812,Technology,Computer Software: Prepackaged Software
LHX,L3Harris Technologies Inc. Common Stock,$350.35,-3.06,-0.866%,65440438313.00,United States,,1267620,Industrials,Industrial Machinery/Components
LI,Li Auto Inc. American Depositary Shares,$18.39,-0.13,-0.702%,19645218700.00,China,2020,2828378,Industrials,Auto Manufacturing
LICN,Lichen International Limited Class A Ordinary Shares,$5.52,0.17,3.178%,90124074.00,China,2023,10703,Consumer Discretionary,Professional Services
LIDR,AEye Inc. Class A Common Stock,$1.80,0.03,1.695%,81622654.00,United States,2021,911983,Consumer Discretionary,Auto Parts:O.E.M.
LIDRW,AEye Inc. Warrant,$0.0493,-0.0007,-1.40%,2235554.00,United States,2021,79641,Consumer Discretionary,Auto Parts:O.E.M.
LIEN,Chicago Atlantic BDC Inc. Common Stock,$9.55,0.15,1.596%,217936635.00,United States,2022,50390,Finance,Finance: Consumer Services
LIF,Life360 Inc. Common Stock,$48.75,2.70,5.863%,3909682384.00,United States,2024,1581482,Technology,EDP Services
LIFE,Ethos Technologies Inc. Class A Common Stock,$16.20,0.88,5.744%,1018488379.00,United States,2026,665951,Finance,Specialty Insurers
LII,Lennox International Inc. Common Stock,$487.11,7.89,1.646%,16942324888.00,United States,1999,461517,Industrials,Industrial Machinery/Components
LILA,Liberty Latin America Ltd. Class A Common Stock,$8.61,0.17,2.014%,1722861000.00,United States,,303457,Telecommunications,Cable & Other Pay Television Services
LILAK,Liberty Latin America Ltd. Class C Common Stock,$8.78,0.17,1.974%,1756878000.00,United States,,705872,Telecommunications,Cable & Other Pay Television Services
LIMN,Liminatus Pharma Inc. Class A Common Stock,$0.2191,-0.0109,-4.739%,9832689.00,United States,,3890584,,
LIMNW,Liminatus Pharma Inc. Warrants,$0.0579,0.00,0.00%,0.00,United States,,1,,
LIN,Linde plc Ordinary Shares,$492.23,-6.99,-1.40%,228096505408.00,United States,,3006548,Basic Materials,Major Chemicals
LINC,Lincoln Educational Services Corporation Common Stock,$41.95,0.63,1.525%,1329671615.00,United States,2005,699288,Real Estate,Other Consumer Services
LIND,Lindblad Expeditions Holdings Inc. Common Stock,$20.96,1.39,7.103%,1367681668.00,United States,2013,1185521,Consumer Discretionary,Transportation Services
LINE,Lineage Inc. Common Stock,$37.69,1.21,3.317%,8558657487.00,United States,2024,1429759,Real Estate,Real Estate Investment Trusts
LINK,Interlink Electronics Inc. Common Stock,$3.19,0.14,4.59%,50242522.00,United States,,27700,Technology,Computer peripheral equipment
LION,Lionsgate Studios Corp Common Shares,$12.45,1.38,12.466%,3612831163.00,Canada,2025,9834809,Consumer Discretionary,Movies/Entertainment
LIQT,LiqTech International Inc. Common Stock,$1.855,0.035,1.923%,18453245.00,Denmark,,3153,Technology,Industrial Machinery/Components
LITB,LightInTheBox Holding Co. Ltd. American Depositary Shares each representing twelve ordinary shares,$2.44,-0.05,-2.008%,43782055.00,China,,19623,Consumer Discretionary,Catalog/Specialty Distribution
LITE,Lumentum Holdings Inc. Common Stock,$894.07,2.85,0.32%,63836598000.00,United States,,4334927,Telecommunications,Telecommunications Equipment
LITS,Lite Strategy Inc. Common Stock,$1.18,0.00,0.00%,42907159.00,United States,2003,366915,Health Care,Biotechnology: Pharmaceutical Preparations
LIVE,Live Ventures Incorporated Common Stock,$13.5794,0.4364,3.32%,41711245.00,United States,,3254,Consumer Discretionary,Other Specialty Stores
LIVN,LivaNova PLC Ordinary Shares,$67.12,2.11,3.246%,3670784477.00,United Kingdom,,776526,Health Care,Biotechnology: Electromedical & Electrotherapeutic Apparatus
LIXT,Lixte Biotechnology Holdings Inc. Common Stock,$3.61,0.39,12.112%,41940778.00,United States,,29678,Health Care,Biotechnology: Pharmaceutical Preparations
LKFN,Lakeland Financial Corporation Common Stock,$61.32,1.45,2.422%,1549341964.00,United States,,133645,Finance,Major Banks
LKQ,LKQ Corporation Common Stock,$31.12,0.58,1.899%,7942107846.00,United States,2003,1959055,Consumer Discretionary,Motor Vehicles
LKSP,Lake Superior Acquisition Corp. Class A Ordinary Shares,$10.07,0.01,0.099%,0.00,United States,2025,441,,
LKSPR,Lake Superior Acquisition Corp. Rights,$1.23,0.045,3.797%,0.00,United States,2025,5667,,
LKSPU,Lake Superior Acquisition Corp. Units,$10.20,0.00,0.00%,0.00,United States,2025,99,,
LLY,Eli Lilly and Company Common Stock,$927.03,23.04,2.549%,875875447253.00,United States,,3245551,Health Care,Biotechnology: Pharmaceutical Preparations
LLYVA,Liberty Live Holdings Inc. Series A Liberty Live Group Common Stock,$94.22,-0.35,-0.37%,8661801853.00,United States,,104658,Consumer Discretionary,Services-Misc. Amusement & Recreation
LLYVK,Liberty Live Holdings Inc. Series C Liberty Live Group Common Stock,$96.53,-0.59,-0.607%,8874164009.00,United States,,379511,Consumer Discretionary,Services-Misc. Amusement & Recreation
LMAT,LeMaitre Vascular Inc. Common Stock,$114.36,2.71,2.427%,2612874179.00,United States,2006,168357,Health Care,Medical/Dental Instruments
LMB,Limbach Holdings Inc. Common Stock,$93.56,4.09,4.571%,1092723822.00,United States,,153684,Consumer Discretionary,Engineering & Construction
LMFA,LM Funding America Inc. Common Stock,$0.2875,-0.0047,-1.608%,4645394.00,United States,2015,749004,Finance,Finance: Consumer Services
LMND,Lemonade Inc. Common Stock,$70.94,2.46,3.592%,5418641092.00,United States,2020,1468086,Finance,Property-Casualty Insurers
LMNR,Limoneira Co Common Stock,$13.15,0.16,1.232%,238105433.00,United States,,67095,Consumer Staples,Farming/Seeds/Milling
LMRI,Lumexa Imaging Holdings Inc. Common Stock,$9.66,0.605,6.681%,928421895.00,United States,2025,1055200,Health Care,Medical Specialities
LMT,Lockheed Martin Corporation Common Stock,$592.19,-15.30,-2.519%,136477361658.00,United States,,1697539,Industrials,Military/Government/Technical
LNAI,Lunai Bioworks Inc. Common Stock,$0.3489,0.0449,14.77%,12654993.00,United States,,2770214,Health Care,Biotechnology: Pharmaceutical Preparations
LNC,Lincoln National Corporation Common Stock,$36.89,1.03,2.872%,7012435077.00,United States,,1745683,Finance,Life Insurance
LNC^D,Lincoln National Corporation Depositary Shares Each Representing a 1/1000th Interest in a Share of 9.000% Non-Cumulative Preferred Stock Series D,$26.32,-0.03,-0.114%,,United States,,88430,,
LND,Brasilagro Brazilian Agric Real Estate Co Sponsored ADR (Brazil),$4.09,0.01,0.245%,419975286.00,Brazil,,156075,Consumer Staples,Farming/Seeds/Milling
LNG,Cheniere Energy Inc. Common Stock,$251.07,-11.67,-4.442%,52759073492.00,United States,2001,4367576,Utilities,Oil/Gas Transmission
LNKB,LINKBANCORP Inc. Common Stock,$8.94,0.19,2.171%,334960308.00,United States,,308371,Finance,Major Banks
LNKS,Linkers Industries Limited Class A Ordinary Shares,$2.08,-0.09,-4.147%,3341755.00,Malaysia,2024,193476,Technology,Electrical Products
LNN,Lindsay Corporation Common Stock,$108.29,1.88,1.767%,1125745480.00,United States,,267786,Industrials,Industrial Machinery/Components
LNSR,LENSAR Inc. Common Stock,$5.93,0.13,2.241%,71727092.00,United States,,57945,Health Care,Medical/Dental Instruments
LNT,Alliant Energy Corporation Common Stock,$72.83,0.06,0.082%,18810276257.00,United States,,1784807,Utilities,Power Generation
LNTH,Lantheus Holdings Inc. Common Stock,$83.82,-0.10,-0.119%,5445919847.00,United States,2015,553030,Health Care,Biotechnology: In Vitro & In Vivo Diagnostic Substances
LNZA,LanzaTech Global Inc. Common Stock,$22.57,-13.33,-37.131%,227712409.00,United States,2021,160262,Industrials,Major Chemicals
LNZAW,LanzaTech Global Inc. Warrant,$0.0175,0.001,6.061%,176560.00,United States,2021,29032,Industrials,Major Chemicals
LOAN,Manhattan Bridge Capital Inc,$4.64,0.02,0.433%,53032189.00,United States,,20993,Real Estate,Real Estate Investment Trusts
LOAR,Loar Holdings Inc. Common Stock,$67.48,5.67,9.173%,6317779303.00,United States,2024,894643,Industrials,Military/Government/Technical
LOB,Live Oak Bancshares Inc. Common Stock,$37.46,1.40,3.882%,1732146317.00,United States,2022,249724,Finance,Major Banks
LOB^A,Live Oak Bancshares Inc. Depositary Shares Each Representing a 1/40th Interest in a Share of 8.375% Fixed Rate Series A Non-Cumulative Perpetual Preferred Stock,$25.3499,0.0199,0.079%,,United States,,9980,,
LOBO,LOBO TECHNOLOGIES LTD. Class A Ordinary Shares,$0.5587,0.0024,0.431%,7022029.00,China,2024,164699,Consumer Discretionary,Motor Vehicles
LOCL,Local Bounti Corporation Common Stock,$1.54,0.08,5.479%,35036994.00,,2021,12235,Consumer Staples,Farming/Seeds/Milling
LOCO,El Pollo Loco Holdings Inc. Common Stock,$13.95,0.21,1.528%,417889813.00,United States,2014,190984,Consumer Discretionary,Restaurants
LODE,Comstock Inc. Common Stock,$3.13,0.08,2.623%,231930308.00,United States,,1467169,Industrials,Major Chemicals
LOGI,Logitech International S.A. Ordinary Shares,$101.09,2.05,2.07%,14818676551.00,United States,1997,850655,Technology,Computer peripheral equipment
LOKV,Live Oak Acquisition Corp. V Class A Ordinary Shares,$10.445,0.005,0.048%,0.00,United States,2025,6807,,
LOKVW,Live Oak Acquisition Corp. V Warrants,$1.45,0.00,0.00%,0.00,United States,2025,2,,
LOMA,Loma Negra Compania Industrial Argentina Sociedad Anonima ADS,$11.43,-0.09,-0.781%,1333842481.00,Argentina,2017,385999,Industrials,Building Materials
LONA,LeonaBio Inc. Common Stock,$8.86,0.63,7.655%,83226534.00,United States,2020,42050,Health Care,Biotechnology: Biological Products (No Diagnostic Substances)
LOOP,Loop Industries Inc. Common Stock,$1.33,0.02,1.527%,64288948.00,Canada,,25040,Industrials,Major Chemicals
LOPE,Grand Canyon Education Inc. Common Stock,$174.92,3.00,1.745%,4747932974.00,United States,2008,188143,Real Estate,Other Consumer Services
LOT,Lotus Technology Inc. American Depositary Shares,$1.36,-0.02,-1.449%,922412300.00,China,,165519,Industrials,Auto Manufacturing
LOTWW,Lotus Technology Inc. Warrants,$0.0707,0.0077,12.222%,47951875.00,China,,2410,Industrials,Auto Manufacturing
LOVE,The Lovesac Company Common Stock,$17.65,0.75,4.438%,257991921.00,United States,2018,265267,Consumer Discretionary,Other Specialty Stores
LOW,Lowe's Companies Inc. Common Stock,$251.72,9.30,3.836%,140979166348.00,United States,,3773428,Consumer Discretionary,RETAIL: Building Materials
LPA,Logistic Properties of the Americas Ordinary Shares,$3.69,-0.03,-0.806%,116669737.00,,2024,15961,Finance,Real Estate
LPAA,Launch One Acquisition Corp. Class A Ordinary shares,$10.73,0.00,0.00%,0.00,United States,2024,8,,
LPAAW,Launch One Acquisition Corp. Warrant,$0.12,0.0001,0.083%,0.00,United States,2024,2520,Finance,Blank Checks
LPBB,Launch Two Acquisition Corp. Class A Ordinary Shares,$10.63,0.00,0.00%,0.00,United States,2024,25,,
LPCN,Lipocine Inc. Common Stock,$2.43,-0.13,-5.078%,17738239.00,United States,,735299,Health Care,Biotechnology: Pharmaceutical Preparations
LPCV,Launchpad Cadenza Acquisition Corp I Class A Ordinary Share,$9.93,0.00,0.00%,0.00,United States,2026,126,,
LPCVU,Launchpad Cadenza Acquisition Corp I Unit,$10.00,0.00,0.00%,0.00,United States,2025,57,Finance,Blank Checks
LPCVW,Launchpad Cadenza Acquisition Corp I Warrant,$0.25,0.01,4.167%,0.00,United States,2026,11190,,
LPG,Dorian LPG Ltd. Common Stock,$36.26,1.04,2.953%,1549901175.00,United States,2014,689012,Consumer Discretionary,Marine Transportation
LPL,LG Display Co Ltd AMERICAN DEPOSITORY SHARES,$5.08,0.22,4.527%,5080000000.00,South Korea,2004,1919707,Technology,Industrial Machinery/Components
LPLA,LPL Financial Holdings Inc. Common Stock,$317.41,4.84,1.548%,25452498473.00,United States,2010,1010478,Finance,Investment Bankers/Brokers/Service
LPRO,Open Lending Corporation Common Stock,$1.71,0.02,1.183%,202151210.00,United States,,548145,Finance,Finance: Consumer Services
LPSN,LivePerson Inc. Common Stock,$3.28,-0.01,-0.304%,39535818.00,United States,2000,124459,Technology,Computer Software: Prepackaged Software
LPTH,LightPath Technologies Inc. Class A Common Stock,$14.16,-0.76,-5.094%,817153818.00,United States,1996,3576441,Technology,Semiconductors
LPX,Louisiana-Pacific Corporation Common Stock,$76.97,4.46,6.151%,5376234427.00,United States,,1377619,Basic Materials,Forest Products
LQDA,Liquidia Corporation Common Stock,$39.47,-1.93,-4.662%,3477876513.00,United States,2018,2439140,Health Care,Biotechnology: Pharmaceutical Preparations
LQDT,Liquidity Services Inc. Common Stock,$34.00,0.48,1.432%,1054471954.00,United States,2006,199754,Real Estate,Real Estate
LRCX,Lam Research Corporation Common Stock,$267.60,6.64,2.544%,334171119600.00,United States,1984,8457022,Technology,Industrial Machinery/Components
LRE,Lead Real Estate Co. Ltd American Depositary Shares,$1.37,0.02,1.481%,18689403.00,Japan,2023,7396,Consumer Discretionary,Homebuilding
LRHC,La Rosa Holdings Corp. Common Stock,$0.2651,-0.024,-8.302%,43087.00,United States,2023,21814645,Finance,Real Estate
LRMR,Larimar Therapeutics Inc. Common Stock,$4.80,0.08,1.695%,498638098.00,United States,2014,897067,Health Care,Biotechnology: Pharmaceutical Preparations
LRN,Stride Inc. Common Stock,$98.44,1.52,1.568%,4191603748.00,United States,,1039712,Real Estate,Other Consumer Services
LSAK,Lesaka Technologies Inc. Common Stock,$4.91,-0.01,-0.203%,412050514.00,South Africa,,268751,Finance,Investment Bankers/Brokers/Service
LSBK,Lake Shore Bancorp Inc. Common Stock,$15.85,0.16,1.02%,124634700.00,United States,2006,27973,Finance,Savings Institutions
LSCC,Lattice Semiconductor Corporation Common Stock,$117.06,5.18,4.63%,16021935125.00,United States,,2379371,Technology,Semiconductors
LSE,Leishen Energy Holding Co. Ltd. Class A Ordinary Shares,$4.80,-0.0001,-0.002%,81720000.00,China,2024,1182,Consumer Discretionary,Oil and Gas Field Machinery
LSF,Laird Superfood Inc. Common Stock,$3.05,0.20,7.018%,33321915.00,,2020,72409,Consumer Staples,Packaged Foods
LSH,Lakeside Holding Limited Common Stock,$0.9201,0.0187,2.075%,31676797.00,United States,2024,19012,,
LSPD,Lightspeed Commerce Inc. Subordinate Voting Shares,$9.69,0.16,1.679%,1330446099.00,Canada,,488506,Technology,Computer Software: Prepackaged Software
LSTA,Lisata Therapeutics Inc. Common Stock,$3.23,-0.14,-4.154%,29174300.00,United States,,107708,Health Care,Misc Health and Biotechnology Services
LSTR,Landstar System Inc. Common Stock,$172.87,1.42,0.828%,5871894306.00,United States,1993,631439,Industrials,Trucking Freight/Courier Services
LTBR,Lightbridge Corporation Common Stock,$12.72,0.74,6.177%,440768085.00,United States,,1169269,Consumer Discretionary,Professional Services
LTC,LTC Properties Inc. Common Stock,$39.79,-0.04,-0.10%,1969896939.00,United States,,653601,Real Estate,Real Estate Investment Trusts
LTH,Life Time Group Holdings Inc. Common Stock,$28.56,0.86,3.105%,6360385114.00,United States,2021,1582405,Consumer Discretionary,Hotels/Resorts
LTM,LATAM Airlines Group S.A. American Depositary Shares (each representing two thousand (2000) shares of Common Stock),$55.66,2.69,5.078%,15980430835.00,Chile,2024,1751084,Consumer Discretionary,Air Freight/Delivery Services
LTRN,Lantern Pharma Inc. Common Stock,$2.49,-0.05,-1.969%,28024196.00,United States,2020,230389,Health Care,Biotechnology: Pharmaceutical Preparations
LTRX,Lantronix Inc. Common Stock,$6.19,0.00,0.00%,245693641.00,United States,2000,626954,Telecommunications,Computer Communications Equipment
LTRYW,Sports Entertainment Gaming Global Corporation Warrants,$0.0109,0.0008,7.921%,137814.00,United States,2023,148586,Technology,Computer Software: Prepackaged Software
LU,Lufax Holding Ltd American Depositary Shares each representing two (2) Ordinary Shares,$1.89,-0.14,-6.897%,1638042006.00,China,,11509306,Finance,Finance: Consumer Services
LUCD,Lucid Diagnostics Inc. Common Stock,$1.25,0.00,0.00%,221182465.00,United States,2021,707815,Health Care,Medical/Dental Instruments
LUCK,Lucky Strike Entertainment Corporation Class A Common Stock,$9.00,0.47,5.51%,1239340932.00,United States,2021,50799,Consumer Discretionary,Services-Misc. Amusement & Recreation
LUCY,Innovative Eyewear Inc. Common Stock,$1.06,-0.03,-2.752%,6678701.00,United States,2022,72331,Health Care,Ophthalmic Goods
LUCYW,Innovative Eyewear Inc. Series A Warrants 8/16/27,$0.0552,-0.0054,-8.911%,347796.00,United States,2022,4489,Health Care,Ophthalmic Goods
LUD,Luda Technology Group Limited Ordinary Shares,$4.74,0.29,6.517%,107550600.00,,2025,55732,Industrials,Steel/Iron Ore
LULU,lululemon athletica inc. Common Stock,$167.28,4.36,2.676%,18481541205.00,Canada,2007,2243276,Consumer Discretionary,Apparel
LUMN,Lumen Technologies Inc. Common Stock,$8.57,0.06,0.705%,8828458791.00,United States,,11973862,Telecommunications,Telecommunications Equipment
LUNG,Pulmonx Corporation Common Stock,$1.47,0.01,0.685%,62088688.00,United States,2020,262724,Health Care,Medical/Dental Instruments
LUNR,Intuitive Machines Inc. Class A Common Stock,$27.58,0.30,1.10%,5979364740.00,United States,2021,14588635,Industrials,Industrial Machinery/Components
LUV,Southwest Airlines Company Common Stock,$42.70,2.07,5.095%,20968934440.00,United States,,10385796,Consumer Discretionary,Air Freight/Delivery Services
LUXE,LuxExperience B.V. American Depositary Shares each representing one Ordinary Share,$8.89,0.20,2.301%,1212367136.00,,2021,426484,Consumer Discretionary,Catalog/Specialty Distribution
LVLU,Lulu's Fashion Lounge Holdings Inc. Common Stock,$9.00,0.02,0.223%,25712451.00,United States,2021,16955,Consumer Discretionary,Catalog/Specialty Distribution
LVO,LiveOne Inc. Common Stock,$4.44,0.06,1.37%,51719633.00,United States,,29221,Consumer Discretionary,Restaurants
LVS,Las Vegas Sands Corp. Common Stock,$57.64,0.93,1.64%,38250953682.00,United States,2004,4095928,Consumer Discretionary,Hotels/Resorts
LVWR,LiveWire Group Inc. Common Stock,$2.02,0.15,8.021%,413618897.00,United States,2022,321950,Consumer Discretionary,Motor Vehicles
LW,Lamb Weston Holdings Inc. Common Stock ,$44.82,1.10,2.516%,6188423030.00,United States,2016,2051290,Consumer Staples,Packaged Foods
LWAC,LightWave Acquisition Corp. Class A Ordinary Shares,$10.16,0.00,0.00%,0.00,United States,2025,106800,Finance,Blank Checks
LWAY,Lifeway Foods Inc. Common Stock,$25.66,0.35,1.383%,388738736.00,United States,,57964,Consumer Staples,Packaged Foods
LWLG,Lightwave Logic Inc. Common Stock,$12.54,0.17,1.374%,1888658303.00,United States,,8076827,Industrials,Containers/Packaging
LX,LexinFintech Holdings Ltd. American Depositary Shares,$2.35,-0.05,-2.083%,395419227.00,China,2017,2141348,Finance,Finance: Consumer Services
LXEH,Lixiang Education Holding Co. Ltd. American Depositary Shares,$0.162,-0.015,-8.475%,3105001.00,China,2020,351088,Real Estate,Other Consumer Services
LXEO,Lexeo Therapeutics Inc. Common Stock,$6.91,0.33,5.015%,511941605.00,United States,2023,656821,Health Care,Biotechnology: Biological Products (No Diagnostic Substances)
LXFR,Luxfer Holdings PLC Ordinary Shares,$12.93,0.21,1.651%,344460812.00,United Kingdom,2012,139807,Basic Materials,Major Chemicals
LXP,LXP Industrial Trust Common Stock (Maryland REIT),$51.66,0.56,1.096%,3045745638.00,United States,,801113,Real Estate,Real Estate Investment Trusts
LXP^C,LXP Industrial Trust 6.5% Series C Cumulative Convertible Preferred Stock,$46.4701,-0.2199,-0.471%,,United States,,2218,,
LXRX,Lexicon Pharmaceuticals Inc. Common Stock,$1.87,0.03,1.63%,792282743.00,United States,,3137004,Health Care,Biotechnology: Pharmaceutical Preparations
LXU,LSB Industries Inc. Common Stock,$13.61,-1.38,-9.206%,977835520.00,United States,2003,2248868,Basic Materials,Major Chemicals
LYB,LyondellBasell Industries NV Ordinary Shares Class A (Netherlands),$66.27,-9.02,-11.98%,21389920583.00,Netherlands,,14503883,Industrials,Major Chemicals
LYEL,Lyell Immunopharma Inc. Common Stock,$24.01,0.31,1.308%,560114644.00,United States,2021,94064,Health Care,Biotechnology: Pharmaceutical Preparations
LYFT,Lyft Inc. Class A Common Stock,$14.95,0.23,1.563%,5814431635.00,United States,2019,12257669,Real Estate,Real Estate
LYG,Lloyds Banking Group Plc American Depositary Shares,$5.68,0.12,2.158%,84183359032.00,United Kingdom,,18046924,Finance,Commercial Banks
LYTS,LSI Industries Inc. Common Stock,$20.44,1.04,5.361%,635963640.00,United States,1985,295067,Consumer Discretionary,Building Products
LYV,Live Nation Entertainment Inc. Common Stock,$156.56,-4.03,-2.509%,36760588908.00,United States,,4115080,Consumer Discretionary,Services-Misc. Amusement & Recreation
LZ,LegalZoom.com Inc. Common Stock,$6.49,0.15,2.366%,1122266246.00,United States,2021,1607005,Technology,EDP Services
LZB,La-Z-Boy Incorporated Common Stock,$35.87,1.76,5.16%,1467933478.00,United States,,337307,Consumer Discretionary,Home Furnishings
LZM,Lifezone Metals Limited Ordinary Shares,$5.18,1.29,33.162%,465586533.00,Isle of Man,,3803001,Basic Materials,Metal Mining
LZMH,LZ Technology Holdings Limited Class B Ordinary Shares,$0.1736,-0.9164,-84.073%,26399352.00,China,2025,68450492,Technology,EDP Services
M,Macy's Inc Common Stock,$19.54,0.46,2.411%,5153899690.00,United States,,4297424,Consumer Discretionary,Department/Specialty Retail Stores
MA,Mastercard Incorporated Common Stock,$521.30,2.76,0.532%,464901757724.00,United States,2006,3617204,Real Estate,Real Estate
MAA,Mid-America Apartment Communities Inc. Common Stock,$127.94,4.84,3.932%,14885516550.00,United States,1994,1533811,Real Estate,Real Estate Investment Trusts
MAA^I,Mid-America Apartment Communities Inc. 8.50% Series I Cumulative Redeemable Preferred Stock,$55.0001,0.4001,0.733%,,United States,,3765,,
MAAS,Maase Inc. Class A Ordinary Shares,$9.84,2.36,31.551%,4351007688.00,China,2019,359747,Finance,Investment Managers
MAC,Macerich Company (The) Common Stock,$22.30,0.37,1.687%,5723757658.00,United States,1994,3273554,Real Estate,Real Estate Investment Trusts
MACI,Melar Acquisition Corp. I Class A Ordinary Shares,$10.79,0.00,0.00%,0.00,United States,2024,10,,
MACIU,Melar Acquisition Corp. I Unit,$10.79,0.00,0.00%,0.00,United States,2024,1,Finance,Blank Checks
MACIW,Melar Acquisition Corp. I Warrant,$0.12,0.00,0.00%,0.00,United States,2024,35201,Finance,Blank Checks
MAGN,Magnera Corporation Common Stock,$10.81,0.44,4.243%,388079000.00,United States,2000,433150,Basic Materials,Paper
MAIA,MAIA Biotechnology Inc. Common Stock,$1.35,0.02,1.504%,81906513.00,,2022,850943,Health Care,Biotechnology: Pharmaceutical Preparations
MAIN,Main Street Capital Corporation Common Stock,$54.82,1.36,2.544%,4939546835.00,United States,2007,893714,Finance,Finance/Investors Services
MAIR,Madison Air Solutions Corporation Class A Common Stock,$32.45,0.70,2.205%,15865659246.00,,2026,11227104,Industrials,Pollution Control Equipment
MAKO,Mako Mining Corp Common Stock,$8.26,0.19,2.354%,723283984.00,Canada,,288744,,
MAMA,Mama's Creations Inc. Common Stock,$14.69,0.10,0.685%,597251330.00,United States,,708808,Consumer Staples,Specialty Foods
MAMO,Massimo Group Common Stock,$1.23,0.04,3.361%,51218369.00,United States,2024,2128090,Consumer Discretionary,Industrial Specialties
MAN,ManpowerGroup Common Stock,$31.13,0.13,0.419%,1447222680.00,United States,,1288241,Consumer Discretionary,Professional Services
MANE,Veradermics Incorporated Common Stock,$76.29,2.17,2.928%,2848690724.00,,2026,261237,Health Care,Biotechnology: Pharmaceutical Preparations
MANH,Manhattan Associates Inc. Common Stock,$132.71,2.81,2.163%,7915836048.00,United States,1998,1010403,Technology,Computer Software: Prepackaged Software
MANU,Manchester United Ltd. Class A Ordinary Shares,$17.56,0.31,1.797%,3027850764.00,United Kingdom,2012,316675,Consumer Discretionary,Services-Misc. Amusement & Recreation
MAPS,WM Technology Inc. Class A Common Stock ,$0.35,-0.014,-3.846%,55664093.00,United States,2019,6217959,Technology,Computer Software: Prepackaged Software
MAPSW,WM Technology Inc. Warrants ,$0.0028,0.00,0.00%,445313.00,United States,2019,67121,Technology,Computer Software: Prepackaged Software
MAR,Marriott International Class A Common Stock,$377.93,15.51,4.28%,100125748114.00,United States,,2051618,Consumer Discretionary,Hotels/Resorts
MARA,MARA Holdings Inc. Common Stock,$11.60,0.05,0.433%,4410721766.00,United States,,52218102,Technology,EDP Services
MARPS,Marine Petroleum Trust Units of Beneficial Interest,$4.71,-0.19,-3.878%,9420000.00,United States,,26508,Energy,Oil & Gas Production
MAS,Masco Corporation Common Stock,$66.58,2.85,4.472%,13509979166.00,United States,,3074661,Industrials,Industrial Specialties
MASI,Masimo Corporation Common Stock,$178.39,0.10,0.056%,9310626854.00,United States,2007,456491,Health Care,Biotechnology: Electromedical & Electrotherapeutic Apparatus
MASK,3 E Network Technology Group Ltd Class A Ordinary Shares,$1.68,0.00,0.00%,1936711.00,China,2025,159891,Technology,EDP Services
MASS,908 Devices Inc. Common Stock,$7.16,-0.26,-3.504%,267640463.00,United States,2020,317510,Industrials,Industrial Machinery/Components
MAT,Mattel Inc. Common Stock,$15.19,0.19,1.267%,4413563048.00,United States,,3582714,Consumer Discretionary,Recreational Games/Products/Toys
MATH,Metalpha Technology Holding Limited Ordinary Shares,$1.36,0.26,23.636%,59033617.00,China,2017,416615,Finance,Finance/Investors Services
MATV,Mativ Holdings Inc. Common Stock,$9.57,0.13,1.377%,525094971.00,United States,,342674,Basic Materials,Paper
MATW,Matthews International Corporation Class A Common Stock,$27.54,0.60,2.227%,857212271.00,United States,1994,145635,Telecommunications,Metal Fabrications
MATX,Matson Inc. Common Stock,$176.55,1.92,1.099%,5374060181.00,United States,,270505,Consumer Discretionary,Marine Transportation
MAX,MediaAlpha Inc. Class A Common Stock,$10.06,0.03,0.299%,638386051.00,United States,2020,446533,Real Estate,Real Estate
MAXN,Maxeon Solar Technologies Ltd. Ordinary Shares,$1.59,-0.10,-5.917%,26865799.00,Singapore,,419396,Technology,Semiconductors
MAYS,J. W. Mays Inc. Common Stock,$40.50,0.10,0.248%,81639090.00,United States,,508,Real Estate,Building operators
MAZE,Maze Therapeutics Inc. Common Stock,$28.09,1.22,4.54%,1396316203.00,United States,2025,1374010,Health Care,Biotechnology: Biological Products (No Diagnostic Substances)
MB,MasterBeef Group Ordinary Shares,$6.12,0.14,2.341%,104040000.00,Hong Kong,2025,71636,Consumer Discretionary,Restaurants
MBAI,Check-Cap Ltd. Ordinary Share,$1.88,0.02,1.075%,13702115.00,Israel,2015,100145,Health Care,Medical Electronics
MBAV,M3-Brigade Acquisition V Corp. Class A Ordinary shares,$10.91,0.01,0.092%,0.00,United States,2024,2637,,
MBAVW,M3-Brigade Acquisition V Corp. Warrant,$0.3508,0.00,0.00%,0.00,United States,2024,100,Finance,Blank Checks
MBBC,Marathon Bancorp Inc. Common Stock,$14.08,0.08,0.571%,41375770.00,United States,,196,Finance,Banks
MBC,MasterBrand Inc. Common Stock,$9.00,0.40,4.651%,1147836312.00,United States,2022,1932102,Consumer Discretionary,Home Furnishings
MBI,MBIA Inc. Common Stock,$6.22,0.17,2.81%,316806501.00,United States,1987,239570,Finance,Property-Casualty Insurers
MBIN,Merchants Bancorp Common Stock,$48.91,1.80,3.821%,2247006884.00,United States,2017,176325,Finance,Major Banks
MBINL,Merchants Bancorp Depositary Shares Each Representing a 1/40thInterest in a Share of 7.25% Fixed Rate Series E Non-CumulativePerpetual Preferred Stock without par value,$24.02,-0.19,-0.785%,1103518817.00,United States,,30023,Finance,Major Banks
MBINM,Merchants Bancorp Depositary Shares Each Representing a 1/40th Interest in a Share of 8.25% Fixed-Rate Reset Series D Non-Cumulative Perpetual Preferred Stock,$25.03,-0.29,-1.145%,1149919900.00,United States,,16206,Finance,Major Banks
MBINN,Merchants Bancorp Depositary Shares Preferred Series C,$20.17,-0.10,-0.493%,926643403.00,United States,,4205,Finance,Major Banks
MBIO,Mustang Bio Inc. Common Stock,$0.77,0.015,1.987%,5834657.00,United States,,26074,Health Care,Biotechnology: Pharmaceutical Preparations
MBLY,Mobileye Global Inc. Class A Common Stock,$7.87,0.05,0.639%,6621672515.00,Israel,2022,5835489,Technology,Computer Software: Prepackaged Software
MBNKO,Medallion Bank Fixed-Rate Reset Non-Cumulative Perpetual Preferred Stock Series G par value $1.00 per share,$25.52,-0.01,-0.039%,25520000.00,United States,,872,Finance,Commercial Banks
MBOT,Microbot Medical Inc. Common Stock,$2.34,-0.05,-2.092%,157149823.00,Israel,,1866514,Health Care,Biotechnology: Biological Products (No Diagnostic Substances)
MBRX,Moleculin Biotech Inc. Common Stock,$2.42,0.02,0.833%,12913967.00,United States,2016,95452,Health Care,Biotechnology: Pharmaceutical Preparations
MBUU,Malibu Boats Inc. Class A Common Stock,$26.54,1.81,7.319%,493711279.00,United States,2014,832928,Industrials,Marine Transportation
MBVI,M3-Brigade Acquisition VI Corp. Class A Ordinary Shares,$10.10,0.01,0.099%,0.00,United States,2025,522,,
MBVIW,M3-Brigade Acquisition VI Corp. Warrant,$0.36,0.015,4.348%,0.00,United States,2025,85008,,
MBWM,Mercantile Bank Corporation Common Stock,$53.68,1.38,2.639%,927316578.00,United States,1998,172941,Finance,Major Banks
MBX,MBX Biosciences Inc. Common Stock,$33.77,0.55,1.656%,1604420906.00,United States,2024,306816,Health Care,Biotechnology: Pharmaceutical Preparations
MC,Moelis & Company Class A Common Stock,$67.59,0.55,0.82%,5246788856.00,United States,2014,1359655,Finance,Investment Managers
MCB,Metropolitan Bank Holding Corp. Common Stock,$89.02,1.53,1.749%,1094338349.00,United States,2017,214951,Finance,Major Banks
MCBS,MetroCity Bankshares Inc. Common Stock,$32.66,1.08,3.42%,939145746.00,United States,2019,153092,Finance,Major Banks
MCD,McDonald's Corporation Common Stock,$311.36,4.40,1.433%,221323291188.00,United States,,3224069,Consumer Discretionary,Restaurants
MCFT,MasterCraft Boat Holdings Inc. Common Stock,$23.40,1.39,6.315%,381066754.00,United States,2015,129088,Industrials,Marine Transportation
MCGA,Yorkville Acquisition Corp. Class A Ordinary Share,$10.16,0.00,0.00%,0.00,United States,2025,24733,Utilities,Electric Utilities: Central
MCGAU,Yorkville Acquisition Corp. Unit,$10.30,0.00,0.00%,0.00,United States,2025,75,Finance,Blank Checks
MCGAW,Yorkville Acquisition Corp. Warrant,$0.33,0.0038,1.165%,0.00,United States,2025,35723,,
MCHB,Mechanics Bancorp Class A Common Stock,$15.51,0.59,3.954%,3433736100.00,United States,2012,716709,Finance,Major Banks
MCHP,Microchip Technology Incorporated Common Stock,$78.76,1.89,2.459%,42619828672.00,United States,1993,10894660,Technology,Semiconductors
MCHPP,Microchip Technology Incorporated Depositary Shares Each Representing a 1/20th Interest in a Share of 7.50% Series A Mandatory Convertible Preferred Stock,$68.30,1.53,2.291%,36959551781.00,United States,,139471,Technology,Semiconductors
MCHX,Marchex Inc. Class B Common Stock,$1.68,0.14,9.091%,73769133.00,United States,2004,33342,Technology,Computer Software: Prepackaged Software
MCI,Barings Corporate Investors Common Stock,$18.04,0.07,0.39%,365521411.00,United States,,48207,Finance,Trusts Except Educational Religious and Charitable
MCK,McKesson Corporation Common Stock,$866.38,-0.96,-0.111%,106120682129.00,United States,,833182,Health Care,Other Pharmaceuticals
MCN,XAI Madison Equity Premium Income Fund Common Shares,$5.96,0.07,1.188%,0.00,United States,2004,98455,,
MCO,Moody's Corporation Common Stock,$455.35,6.93,1.545%,81054064481.00,United States,,1539784,Finance,Finance: Consumer Services
MCR,MFS Charter Income Trust Common Stock,$6.08,0.01,0.165%,267570950.00,United States,1989,69720,Finance,Trusts Except Educational Religious and Charitable
MCRB,Seres Therapeutics Inc. Common Stock,$8.89,0.06,0.68%,85222189.00,United States,2015,105277,Health Care,Biotechnology: Pharmaceutical Preparations
MCRI,Monarch Casino & Resort Inc. Common Stock,$100.05,2.10,2.144%,1774895304.00,United States,1993,152935,Consumer Discretionary,Hotels/Resorts
MCRP,Micropolis AI Robotics Ordinary Shares,$2.67,0.10,3.891%,93152153.00,,2025,75115,Consumer Discretionary,Auto Parts:O.E.M.
MCS,Marcus Corporation (The) Common Stock,$19.82,1.12,5.989%,609231342.00,United States,,184229,Consumer Discretionary,Movies/Entertainment
MCW,Mister Car Wash Inc. Common Stock,$7.01,0.01,0.143%,2302638246.00,United States,,1113653,Consumer Discretionary,Automotive Aftermarket
MCY,Mercury General Corporation Common Stock,$96.27,1.78,1.884%,5332263121.00,United States,,289775,Finance,Property-Casualty Insurers
MD,Pediatrix Medical Group Inc. Common Stock,$23.07,0.86,3.872%,1916473439.00,United States,,442430,Health Care,Hospital/Nursing Management
MDA,MDA Space Ltd. Common Shares,$35.21,-0.30,-0.845%,4882197298.00,,2026,729153,Consumer Discretionary,Electronic Components
MDAI,Spectral AI Inc. Class A Common Stock,$1.89,0.00,0.00%,60147332.00,United States,2021,397350,Health Care,Medical/Dental Instruments
MDAIW,Spectral AI Inc. Warrants,$0.7014,0.0014,0.20%,22321343.00,United States,2021,10271,Health Care,Medical/Dental Instruments
MDB,MongoDB Inc. Class A Common Stock,$263.38,12.24,4.874%,21167726021.00,United States,2017,2582452,Technology,Computer Software: Prepackaged Software
MDBH,MDB Capital Holdings LLC Class A common,$3.92,0.36,10.112%,40376517.00,United States,2023,16327,Finance,Finance: Consumer Services
MDCX,Medicus Pharma Ltd. Common Stock  ,$0.3513,0.051,16.983%,13827909.00,Canada,,13064400,Health Care,Biotechnology: Pharmaceutical Preparations
MDCXW,Medicus Pharma Ltd. Warrant,$0.4099,-0.0401,-8.911%,16134528.00,Canada,,3673,Health Care,Biotechnology: Pharmaceutical Preparations
MDGL,Madrigal Pharmaceuticals Inc. Common Stock,$532.02,7.26,1.383%,12204522307.00,United States,2007,345698,Health Care,Biotechnology: Pharmaceutical Preparations
MDIA,Mediaco Holding Inc. Class A Common Stock ,$0.8499,0.0054,0.639%,69463883.00,United States,,17251,Consumer Discretionary,Broadcasting
MDLN,Medline Inc. Class A Common Stock,$47.64,0.70,1.491%,62584354148.00,United States,2025,7101178,Health Care,Medical/Dental Instruments
MDLZ,Mondelez International Inc. Class A Common Stock,$57.25,0.18,0.315%,73477889778.00,United States,,8240793,Consumer Staples,Packaged Foods
MDRR,Medalist Diversified Inc. Common Stock,$11.89,0.53,4.665%,16984865.00,United States,2018,143,Real Estate,Real Estate Investment Trusts
MDT,Medtronic plc. Ordinary Shares,$86.19,0.54,0.63%,110658045047.00,United States,,10460378,Health Care,Biotechnology: Electromedical & Electrotherapeutic Apparatus
MDU,MDU Resources Group Inc. Common Stock (Holding Company),$21.76,-0.18,-0.82%,4454403082.00,United States,,1506122,Industrials,Mining & Quarrying of Nonmetallic Minerals (No Fuels)
MDV,Modiv Industrial Inc. Class C Common Stock,$15.98,0.51,3.297%,164905290.00,United States,2022,52458,Real Estate,Real Estate Investment Trusts
MDV^A,Modiv Industrial Inc. 7.375% Series A Cumulative Redeemable Perpetual Preferred Stock,$25.03,0.03,0.12%,,United States,,620,,
MDWD,MediWound Ltd. Ordinary Shares,$17.72,0.62,3.626%,227625166.00,Israel,2014,90768,Health Care, Medicinal Chemicals and Botanical Products 
MDXG,MiMedx Group Inc Common Stock,$3.415,-0.015,-0.437%,507354891.00,United States,,2008734,Health Care,Biotechnology: Pharmaceutical Preparations
MDXH,MDxHealth SA Ordinary Shares,$2.31,0.11,5.00%,118652041.00,Belgium,2021,80915,Health Care,Medical Specialities
MEC,Mayville Engineering Company Inc. Common Stock,$21.02,1.25,6.323%,427092137.00,United States,2019,118257,Industrials,Industrial Specialties
MED,MEDIFAST INC Common Stock,$10.96,0.09,0.828%,120907355.00,United States,,175046,Consumer Staples,Packaged Foods
MEDP,Medpace Holdings Inc. Common Stock,$520.60,4.95,0.96%,14867315103.00,United States,2016,630021,Health Care,Biotechnology: Commercial Physical & Biological Resarch
MEG,Montrose Environmental Group Inc. Common Stock,$21.63,0.75,3.592%,782352363.00,United States,2020,644860,Consumer Discretionary,Professional Services
MEGI,NYLI CBRE Global Infrastructure Megatrends Term Fund Common Shares,$15.33,0.16,1.055%,0.00,United States,2021,161487,Finance,Investment Managers
MEGL,Magic Empire Global Limited Class A Ordinary Shares,$1.13,-0.01,-0.877%,5722377.00,Hong Kong,2022,4883,Finance,Finance: Consumer Services
MEHA,Functional Brands Inc. Common Stock,$0.12,-0.0051,-4.077%,2495580.00,United States,,2425533,Health Care, Medicinal Chemicals and Botanical Products 
MEI,Methode Electronics Inc. Common Stock,$7.19,0.13,1.841%,254744727.00,United States,,267052,Technology,Electrical Products
MELI,MercadoLibre Inc. Common Stock,$1855.83,33.70,1.849%,94085351271.00,Argentina,2007,360217,Real Estate,Real Estate
MENS,Jyong Biotech Ltd. Ordinary Shares,$2.44,-0.15,-5.792%,185507507.00,Taiwan,2025,195024,Health Care,Biotechnology: Pharmaceutical Preparations
MEOH,Methanex Corporation Common Stock,$54.13,-4.23,-7.248%,4186388218.00,Canada,,2367247,Industrials,Major Chemicals
MER^K,Bank of America Corporation Income Capital Obligation Notes initially due December 15 2066,$25.46,0.05,0.197%,,United States,,20074,,
MERC,Mercer International Inc. Common Stock,$1.06,0.02,1.923%,71001456.00,Canada,,632835,Basic Materials,Paper
MESH,Meshflow Acquisition Corp. Class A Ordinary Shares,$9.93,0.00,0.00%,0.00,United States,2026,437,,
MESHU,Meshflow Acquisition Corp. Units,$10.00,0.00,0.00%,0.00,United States,2025,894,,
MESHW,Meshflow Acquisition Corp. Warrants,$0.29,0.00,0.00%,0.00,United States,2026,4600,,
MESO,Mesoblast Limited American Depositary Shares,$16.46,0.37,2.30%,2124660405.00,Australia,2015,164258,Health Care,Biotechnology: Biological Products (No Diagnostic Substances)
MET,MetLife Inc. Common Stock,$78.08,0.99,1.284%,50912365935.00,United States,2000,4789266,Finance,Life Insurance
MET^A,MetLife Inc. Preferred Series A Floating Rate,$21.10,-0.01,-0.047%,,United States,,68410,,
MET^E,MetLife Inc. Depositary Shares ,$22.89,0.01,0.044%,,United States,,50461,,
MET^F,MetLife Inc. Depositary Shares each representing a 1/1000th interest in a share of 4.75% Non-Cumulative Preferred Stock Series F,$19.32,0.08,0.416%,,United States,,55065,,
META,Meta Platforms Inc. Class A Common Stock,$688.55,11.68,1.726%,1741725414737.00,United States,2012,16246575,Technology,Computer Software: Programming Data Processing
METC,Ramaco Resources Inc. Class A Common Stock,$13.63,-0.21,-1.517%,927896270.00,United States,2017,1332974,Energy,Coal Mining
METCB,Ramaco Resources Inc. Class B Common Stock,$10.61,-0.38,-3.458%,722302233.00,United States,,23727,Energy,Coal Mining
METCI,Ramaco Resources Inc. 8.250% Senior Notes due 2030,$25.0699,0.2099,0.844%,0.00,United States,,10620,,
METCZ,Ramaco Resources Inc. 8.375% Senior Notes due 2029,$25.10,0.06,0.24%,0.00,United States,,6039,Energy,Coal Mining
MEVO,M Evo Global Acquisition Corp II Class A Ordinary Shares,$9.865,0.00,0.00%,0.00,United States,2026,36,Finance,Blank Checks
MEVOU,M Evo Global Acquisition Corp II Units,$10.02,-0.01,-0.10%,0.00,United States,2026,119,Finance,Blank Checks
MEVOW,M Evo Global Acquisition Corp II Warrants,$0.3999,0.0699,21.182%,0.00,United States,2026,500,Finance,Blank Checks
MFA,MFA Financial Inc.,$10.23,0.29,2.918%,1044420208.00,United States,,1509126,Real Estate,Real Estate Investment Trusts
MFA^B,MFA Financial Inc. Preferred Series B,$20.48,0.02,0.098%,,United States,,19606,,
MFA^C,MFA Financial Inc. 6.50% Series C Fixed-to-Floating Rate Cumulative Redeemable Preferred Stock,$23.34,0.13,0.56%,,United States,,23046,,
MFAN,MFA Financial Inc. 8.875% Senior Notes due 2029,$25.40,-0.05,-0.196%,2607785031.00,United States,2024,20617,Real Estate,Real Estate Investment Trusts
MFAO,MFA Financial Inc. 9.000% Senior Notes due 2029,$25.6364,0.0764,0.299%,2632055912.00,United States,2024,19015,Real Estate,Real Estate Investment Trusts
MFC,Manulife Financial Corporation Common Stock,$38.81,0.18,0.466%,65074397499.00,Canada,,1739747,Finance,Life Insurance
MFG,Mizuho Financial Group Inc. Sponosred ADR (Japan),$8.82,0.19,2.202%,110816536383.00,Japan,,6274183,Finance,Major Banks
MFI,mF International Limited Class A Ordinary Shares,$12.00,1.21,11.214%,602117508.00,Hong Kong,2024,13836,Technology,EDP Services
MFIC,MidCap Financial Investment Corporation Common Stock,$11.88,0.17,1.452%,1095477004.00,United States,2004,1109978,Finance,Finance/Investors Services
MFICL,MidCap Financial Investment Corporation 8.00% Notes due 2028,$25.3599,0.07,0.277%,2366170524.00,United States,,2546,Finance,Finance/Investors Services
MFIN,Medallion Financial Corp. Common Stock,$9.54,0.12,1.274%,224476992.00,United States,,63054,Finance,Finance: Consumer Services
MFM,MFS Municipal Income Trust Common Stock,$5.43,0.03,0.556%,223648836.00,United States,1986,66148,Finance,Finance Companies
MG,Mistras Group Inc Common Stock,$17.85,0.66,3.839%,563980782.00,United States,2009,226545,Consumer Discretionary,Military/Government/Technical
MGA,Magna International Inc. Common Stock,$60.56,3.82,6.732%,17066671404.00,Canada,,2507004,Consumer Discretionary,Auto Parts:O.E.M.
MGEE,MGE Energy Inc,$77.49,0.20,0.259%,2847938749.00,United States,,227395,Energy,Electric Utilities: Central
MGF,MFS Government Markets Income Trust Common Stock,$2.91,-0.015,-0.513%,94858414.00,United States,1987,89594,Finance,Trusts Except Educational Religious and Charitable
MGIH,Millennium Group International Holdings Limited Ordinary Shares,$1.47,0.03,2.083%,16537500.00,Hong Kong,2023,4659,Consumer Discretionary,Publishing
MGLD,The Marygold Companies Inc. Common Stock,$1.12,-0.04,-3.448%,47948557.00,,2022,5296,Finance,Finance: Consumer Services
MGM,MGM Resorts International Common Stock,$38.59,0.10,0.26%,9873121992.00,United States,,4319192,Consumer Discretionary,Hotels/Resorts
MGN,Megan Holdings Limited Class A Ordinary Shares,$0.211,-0.011,-4.955%,3428750.00,Malaysia,2025,1033837,Consumer Staples,Farming/Seeds/Milling
MGNI,Magnite Inc. Common Stock,$13.71,0.07,0.513%,1979235444.00,United States,,2485084,Technology,Computer Software: Programming Data Processing
MGNX,MacroGenics Inc. Common Stock,$3.46,0.05,1.466%,219917835.00,United States,2013,533238,Health Care,Biotechnology: Pharmaceutical Preparations
MGPI,MGP Ingredients Inc.,$20.03,-0.02,-0.10%,428023574.00,United States,,256328,Consumer Staples,Beverages (Production/Distribution)
MGR,Affiliated Managers Group Inc. 5.875% Junior Subordinated Notes due 2059,$20.36,0.02,0.098%,578469603.00,United States,2019,8644,Finance,Investment Managers
MGRB,Affiliated Managers Group Inc. 4.750% Junior Subordinated Notes due 2060,$16.80,0.06,0.358%,477322658.00,United States,2020,5128,Finance,Investment Managers
MGRC,McGrath RentCorp Common Stock,$116.87,1.48,1.283%,2876364354.00,United States,1984,92043,Consumer Discretionary,Diversified Commercial Services
MGRD,Affiliated Managers Group Inc. 4.200% Junior Subordinated Notes due 2061,$15.055,0.115,0.77%,427743608.00,United States,2021,6181,Finance,Investment Managers
MGRE,Affiliated Managers Group Inc. 6.750% Junior Subordinated Notes due 2064,$23.92,0.13,0.546%,679616547.00,United States,2024,25923,Finance,Investment Managers
MGRT,Mega Fortune Company Limited Ordinary Shares,$116.16,10.90,10.355%,1597200000.00,Hong Kong,2025,72655,Technology,EDP Services
MGRX,Mangoceuticals Inc. Common Stock,$0.438,-0.0351,-7.419%,7431730.00,United States,2023,540501,Health Care,Misc Health and Biotechnology Services
MGTX,MeiraGTx Holdings plc Ordinary Shares,$10.12,0.64,6.751%,824234795.00,United States,2018,2285631,Health Care,Biotechnology: Biological Products (No Diagnostic Substances)
MGX,Metagenomi Therapeutics Inc. Common Stock,$1.48,0.04,2.778%,55678384.00,United States,2024,316103,Health Care,Biotechnology: Biological Products (No Diagnostic Substances)
MGY,Magnolia Oil & Gas Corporation Class A Common Stock,$27.62,-0.92,-3.224%,5280375387.00,United States,2017,3505555,Energy,Oil & Gas Production
MGYR,Magyar Bancorp Inc. Common Stock,$17.815,0.065,0.366%,115405410.00,United States,2006,1269,Finance,Savings Institutions
MH,McGraw Hill Inc. Common Stock,$14.10,0.14,1.003%,2693121418.00,,2025,336887,Consumer Discretionary,Publishing
MHD,Blackrock MuniHoldings Fund Inc. Common Stock,$11.86,0.08,0.679%,1764322906.00,United States,1997,338217,Finance,Investment Bankers/Brokers/Service
MHF,Western Asset Municipal High Income Fund Inc. Common Stock,$6.98,0.04,0.576%,0.00,United States,1988,24740,Finance,Finance/Investors Services
MHH,Mastech Digital Inc Common Stock,$6.82,0.11,1.639%,80992315.00,United States,,9296,Consumer Discretionary,Professional Services
MHK,Mohawk Industries Inc. Common Stock,$108.83,6.68,6.539%,6687241531.00,United States,,1231907,Consumer Discretionary,Home Furnishings
MHLA,Maiden Holdings Ltd. 6.625% Notes due 2046,$11.73,-0.13,-1.096%,90812991.00,Bermuda,2016,2426,Finance,Property-Casualty Insurers
MHNC,Maiden Holdings North America Ltd. 7.75% Notes due 2043,$12.59,-0.0599,-0.474%,97471062.00,Bermuda,2013,987,Finance,Property-Casualty Insurers
MHO,M/I Homes Inc. Common Stock,$126.38,7.09,5.943%,3234077975.00,United States,1993,312899,Consumer Discretionary,Homebuilding
MI,NFT Limited Class A Ordinary Share,$0.2732,-0.0088,-3.121%,3911790.00,,2023,496058,Consumer Discretionary,Other Specialty Stores
MIAX,Miami International Holdings Inc. Common Stock,$45.17,0.32,0.713%,4139897442.00,United States,2025,821424,Finance,Investment Bankers/Brokers/Service
MICC,The Magnum Ice Cream Company N.V. Ordinary Shares,$14.58,0.43,3.039%,8926746995.00,,2025,1023487,Consumer Staples,Specialty Foods
MIDD,Middleby Corporation (The) Common Stock,$144.10,4.65,3.335%,6718207288.00,United States,,652985,Industrials,Industrial Machinery/Components
MIGI,Mawson Infrastructure Group Inc. Common Stock,$7.10,0.94,15.26%,38955783.00,Australia,,387808,Finance,Finance: Consumer Services
MIMI,Mint Incorporation Limited Class A Ordinary Shares,$0.339,0.0053,1.588%,8479238.00,Hong Kong,2025,1689344,Real Estate,Real Estate
MIN,MFS Intermediate Income Trust Common Stock,$2.48,0.00,0.00%,284946472.00,United States,1988,179554,Finance,Trusts Except Educational Religious and Charitable
MIND,MIND Technology Inc. Common Stock (DE),$6.32,0.095,1.526%,57120678.00,United States,1994,651555,Industrials,Industrial Machinery/Components
MINE,Mayfair Gold Corp. Common Shares,$3.23,0.03,0.938%,216670002.00,,2026,71210,Energy,Oil & Gas Production
MIR,Mirion Technologies Inc. Class A Common Stock,$19.72,0.45,2.335%,4935109787.00,United States,2020,3857356,Industrials,Industrial Machinery/Components
MIRA,MIRA Pharmaceuticals Inc. Common Stock,$1.06,0.01,0.952%,44543412.00,United States,2023,128163,Health Care,Biotechnology: Pharmaceutical Preparations
MIRM,Mirum Pharmaceuticals Inc. Common Stock,$97.95,2.09,2.18%,5910461385.00,United States,2019,471783,Health Care,Biotechnology: Pharmaceutical Preparations
MIST,Milestone Pharmaceuticals Inc. Common Shares,$2.10,0.01,0.478%,247101282.00,Canada,2019,1307322,Health Care,Biotechnology: Pharmaceutical Preparations
MITK,Mitek Systems Inc. Common Stock,$15.15,1.11,7.906%,686541778.00,United States,,1544332,Technology,Computer peripheral equipment
MITN,TPG Mortgage Investment Trust Inc. 9.500% Senior Notes due 2029,$25.5501,0.0601,0.236%,753548690.00,United States,2024,4658,Real Estate,Real Estate Investment Trusts
MITP,TPG Mortgage Investment Trust Inc. 9.500% Senior Notes due 2029,$25.52,0.0399,0.157%,752660952.00,United States,2024,8180,Real Estate,Real Estate Investment Trusts
MITQ,Moving iMage Technologies Inc. Common Stock,$0.6011,0.0131,2.228%,5978009.00,United States,2021,91040,Consumer Discretionary,Industrial Machinery/Components
MITT,TPG Mortgage Investment Trust Inc. Common Stock,$8.03,0.21,2.685%,254835720.00,United States,2011,259650,Real Estate,Real Estate Investment Trusts
MITT^A,TPG Mortgage Investment Trust Inc. 8.25% Series A Cumulative Redeemable Preferred Stock,$22.402,0.1865,0.84%,,United States,,3327,,
MITT^B,TPG Mortgage Investment Trust Inc. 8.00% Series B Cumulative Redeemable Preferred Stock,$21.84,0.1049,0.483%,,United States,,3717,,
MITT^C,TPG Mortgage Investment Trust Inc. 8.00% Series C Fixed-to-Floating Rate Cumulative Redeemable Preferred Stock $0.01 par value per share,$25.24,0.06,0.238%,,United States,,3530,,
MIY,Blackrock MuniYield Michigan Quality Fund Inc. Common Stock,$11.85,-0.01,-0.084%,1762835281.00,United States,1992,73252,Finance,Investment Bankers/Brokers/Service
MKC,McCormick & Company Incorporated Common Stock,$54.33,1.06,1.99%,14599827620.00,United States,,3700143,Consumer Staples,Packaged Foods
MKDW,MKDWELL Tech Inc. Ordinary Share,$7.84,-0.43,-5.20%,27821824.00,Taiwan,,12483,Technology,Consumer Electronics/Appliances
MKL,Markel Group Inc. Common Stock,$1988.36,20.23,1.028%,24948030466.00,United States,1986,61723,Finance,Property-Casualty Insurers
MKLY,McKinley Acquisition Corporation Class A Ordinary Shares,$10.07,0.00,0.00%,0.00,United States,2025,73304,,
MKLYR,McKinley Acquisition Corporation Rights,$0.1011,-0.0089,-8.091%,0.00,United States,2025,1000,,
MKLYU,McKinley Acquisition Corporation Units,$10.16,-0.01,-0.098%,0.00,United States,2025,101,Finance,Blank Checks
MKSI,MKS Inc. Common Stock,$278.59,8.70,3.224%,18755151846.00,United States,1999,947829,Industrials,Industrial Machinery/Components
MKTW,MarketWise Inc. Class A Common Stock,$17.00,0.22,1.311%,273033192.00,United States,,29667,Technology,Computer Software: Prepackaged Software
MKTX,MarketAxess Holdings Inc. Common Stock,$169.00,-4.50,-2.594%,6007656785.00,United States,2004,643739,Finance,Investment Bankers/Brokers/Service
MKZR,MacKenzie Realty Capital Inc. Common Stock,$3.7399,0.3399,9.997%,7354139.00,United States,,15352,Real Estate,Real Estate Investment Trusts
MLAA,Mountain Lake Acquisition Corp. II Class A Ordinary Shares,$10.05,0.06,0.601%,0.00,United States,2026,183638,Finance,Blank Checks
MLAAU,Mountain Lake Acquisition Corp. II Units,$10.30,0.08,0.783%,0.00,United States,2026,1751,Finance,Blank Checks
MLAAW,Mountain Lake Acquisition Corp. II Warrants,$0.454,0.004,0.889%,0.00,United States,2026,203141,Finance,Blank Checks
MLAB,Mesa Laboratories Inc. Common Stock,$103.06,4.31,4.365%,569387228.00,United States,,103436,Industrials,Industrial Machinery/Components
MLAC,Mountain Lake Acquisition Corp. Class A Ordinary Shares,$10.57,0.00,0.00%,0.00,United States,2025,200,Industrials,Auto Manufacturing
MLACR,Mountain Lake Acquisition Corp. Right,$0.255,-0.01,-3.774%,0.00,United States,2025,6401,,
MLCI,Mount Logan Capital Inc. Common Stock,$4.33,0.21,5.097%,48479412.00,United States,,19155,Finance,Investment Managers
MLCIL,Mount Logan Capital Inc. 8.00% Notes Due 2031,$23.00,0.00,0.00%,0.00,United States,,1119,Finance,Investment Managers
MLCO,Melco Resorts & Entertainment Limited American Depositary Shares,$6.00,0.09,1.523%,2440752030.00,Hong Kong,2006,1136842,Consumer Discretionary,Hotels/Resorts
MLEC,Moolec Science SA Ordinary Shares,$7.27,-0.58,-7.389%,5278878.00,Luxembourg,,14165,Finance,Blank Checks
MLECW,Moolec Science SA Warrant,$0.0229,0.0004,1.778%,16628.00,Luxembourg,,237266,Finance,Blank Checks
MLGO,MicroAlgo Inc. Class A Ordinary Shares,$4.18,0.16,3.98%,51988587.00,United States,2021,141123,Technology,EDP Services
MLI,Mueller Industries Inc. Common Stock,$122.13,3.88,3.281%,13502971745.00,United States,,2256982,Industrials,Metal Fabrications
MLKN,MillerKnoll Inc. Common Stock,$17.24,0.97,5.962%,1178780380.00,United States,,724685,Consumer Discretionary,Office Equipment/Supplies/Services
MLM,Martin Marietta Materials Inc. Common Stock,$622.02,14.04,2.309%,37480566500.00,United States,1994,581512,Industrials,Mining & Quarrying of Nonmetallic Minerals (No Fuels)
MLP,Maui Land & Pineapple Company Inc. Common Stock,$16.38,0.37,2.311%,325450469.00,United States,1998,17733,Finance,Real Estate
MLR,Miller Industries Inc. Common Stock,$47.53,1.23,2.657%,540498327.00,United States,,108417,Consumer Discretionary,Construction/Ag Equipment/Trucks
MLSS,Milestone Scientific Inc. Common Stock,$0.282,0.016,6.015%,22687779.00,United States,2015,1713024,Health Care,Industrial Specialties
MLTX,MoonLake Immunotherapeutics Class A Ordinary Shares,$18.34,0.55,3.092%,1325139332.00,United States,2020,859627,Health Care,Biotechnology: Pharmaceutical Preparations
MLYS,Mineralys Therapeutics Inc. Common Stock,$30.58,0.02,0.065%,2521380631.00,United States,2023,1040473,Health Care,Biotechnology: Pharmaceutical Preparations
MMA,Mixed Martial Arts Group Limited Ordinary Shares,$0.4921,-0.0109,-2.167%,13032551.00,,2024,198282,Consumer Discretionary,Other Consumer Services
MMD,NYLI MacKay DefinedTerm Muni Opportunities Fund Common Shares,$15.28,0.03,0.197%,0.00,United States,2012,31755,Finance,Investment Managers
MMED,MiniMed Group Inc. Common Stock,$14.44,0.42,2.996%,4054944745.00,United States,2026,816775,Health Care,Medical/Dental Instruments
MMI,Marcus & Millichap Inc. Common Stock,$27.73,0.66,2.438%,1055652566.00,United States,2013,173160,Finance,Real Estate
MMLP,Martin Midstream Partners L.P. Limited Partnership,$2.81,-0.03,-1.056%,109744792.00,United States,2002,6265,Energy,Oil Refining/Marketing
MMM,3M Company Common Stock,$154.55,4.00,2.657%,80736329310.00,United States,,4949898,Health Care,Medical/Dental Instruments
MMS,Maximus Inc. Common Stock,$69.17,-0.05,-0.072%,3773125002.00,United States,1997,429605,Real Estate,Real Estate
MMSI,Merit Medical Systems Inc. Common Stock,$70.93,0.83,1.184%,4230853281.00,United States,,472039,Health Care,Medical/Dental Instruments
MMT,MFS Multimarket Income Trust Common Stock,$4.595,0.015,0.328%,273624461.00,United States,1987,100070,Finance,Trusts Except Educational Religious and Charitable
MMTX,Miluna Acquisition Corp Class A Ordinary Share,$10.0201,-0.0099,-0.099%,0.00,Taiwan,2025,1102,Finance,Blank Checks
MMTXW,Miluna Acquisition Corp Warrant,$0.1301,0.00,0.00%,0.00,Taiwan,2025,10,Finance,Blank Checks
MMU,Western Asset Managed Municipals Fund Inc. Common Stock,$10.51,0.04,0.382%,0.00,United States,1992,50461,Finance,Investment Managers
MMYT,MakeMyTrip Limited Ordinary Shares,$51.02,3.17,6.625%,5676608821.00,India,2010,2582369,Consumer Discretionary,Transportation Services
MNDO,MIND C.T.I. Ltd. Ordinary Shares,$1.08,0.00,0.00%,21799979.00,Israel,,30587,Technology,EDP Services
MNDR,Mobile-health Network Solutions Class A Ordinary Shares,$0.8364,0.0099,1.198%,2804867.00,Singapore,2024,35901,Technology,Computer Software: Prepackaged Software
MNDY,monday.com Ltd. Ordinary Shares,$64.99,-1.38,-2.079%,3019628485.00,Israel,2021,1285401,Technology,Computer Software: Prepackaged Software
MNKD,MannKind Corporation Common Stock,$2.84,0.09,3.273%,876980007.00,United States,2004,3544624,Health Care,Biotechnology: Pharmaceutical Preparations
MNOV,Medicinova Inc Common Stock,$1.46,0.02,1.389%,71863019.00,United States,,17790,Health Care,Biotechnology: Pharmaceutical Preparations
MNPR,Monopar Therapeutics Inc. Common Stock,$56.22,-1.48,-2.565%,376232111.00,United States,2019,244660,Health Care,Biotechnology: Pharmaceutical Preparations
MNR,Mach Natural Resources LP Common Units representing Limited Partner Interests,$12.75,-0.23,-1.772%,2144789318.00,United States,2023,1693442,Energy,Oil & Gas Production
MNRO,Monro Inc. Common Stock,$17.87,1.02,6.053%,536451324.00,United States,1991,984454,Consumer Discretionary,Automotive Aftermarket
MNSB,MainStreet Bancshares Inc. Common Stock,$24.24,1.01,4.348%,178553028.00,United States,,100941,Finance,Major Banks
MNSBP,MainStreet Bancshares Inc. Depositary Shares,$25.03,-0.0701,-0.279%,184372206.00,United States,,930,Finance,Major Banks
MNSO,MINISO Group Holding Limited American Depositary Shares each representing four Ordinary Shares,$16.03,0.02,0.125%,5008861367.00,China,2020,683227,Consumer Discretionary,Department/Specialty Retail Stores
MNST,Monster Beverage Corporation,$76.72,1.36,1.805%,75024950008.00,United States,,4791296,Consumer Staples,Beverages (Production/Distribution)
MNTK,Montauk Renewables Inc. Common Stock,$1.29,0.01,0.781%,184783862.00,United States,2021,329809,Utilities,Natural Gas Distribution
MNTN,MNTN Inc. Class A Common Stock,$10.06,0.01,0.10%,743159463.00,United States,2025,498793,Consumer Discretionary,Advertising
MNTS,Momentus Inc. Class A Common Stock,$7.50,-0.13,-1.704%,42975045.00,United States,2019,3730981,Industrials,Military/Government/Technical
MNTSW,Momentus Inc. Warrant,$0.0196,-0.0001,-0.508%,112308.00,United States,2019,257686,Industrials,Military/Government/Technical
MNY,MoneyHero Limited Class A Ordinary Shares,$1.34,0.02,1.515%,57893402.00,Singapore,,33460,Real Estate,Real Estate
MNYWW,MoneyHero Limited Warrants,$0.0657,-0.0021,-3.097%,2838505.00,Singapore,,27310,Real Estate,Real Estate
MO,Altria Group Inc.,$64.17,-0.77,-1.186%,107248191402.00,United States,,9418110,Health Care, Medicinal Chemicals and Botanical Products 
MOB,Mobilicom Limited Ordinary Shares,$4.92,-0.01,-0.203%,62156185.00,Israel,2022,329510,Industrials,Aerospace
MOBBW,Mobilicom Limited Warrants,$2.25,0.32,16.58%,28425085.00,Israel,2022,502,Industrials,Aerospace
MOBX,Mobix Labs Inc. Class A Common Stock,$2.55,-0.20,-7.273%,26284668.00,United States,2021,277708,Technology,Semiconductors
MOBXW,Mobix Labs Inc Warrants,$0.119,0.019,19.00%,1226618.00,United States,2021,2704,Technology,Semiconductors
MOD,Modine Manufacturing Company Common Stock,$243.71,8.46,3.596%,12851120021.00,United States,,958611,Consumer Discretionary,Auto Parts:O.E.M.
MODD,Modular Medical Inc. Common Stock,$5.86,1.04,21.577%,28481710.00,United States,,56401,Health Care,Medical/Dental Instruments
MOGU,MOGU Inc. American Depositary Shares (each  representing 25 Class A Ordinary Shares),$2.4981,0.00,0.00%,20418573.00,,2018,1926,Real Estate,Real Estate
MOH,Molina Healthcare Inc Common Stock,$148.97,0.10,0.067%,7760007145.00,United States,2003,994742,Health Care,Medical Specialities
MOLN,Molecular Partners AG American Depositary Shares,$4.205,0.025,0.598%,169726814.00,Switzerland,2021,2754,Health Care,Biotechnology: Biological Products (No Diagnostic Substances)
MOMO,Hello Group Inc. American Depositary Shares,$6.40,0.15,2.40%,1028284595.00,China,2014,1203461,Technology,Computer Software: Prepackaged Software
MORN,Morningstar Inc. Common Stock,$184.28,3.76,2.083%,7097989605.00,United States,2005,336136,Finance,Investment Managers
MOS,Mosaic Company (The) Common Stock,$24.57,-0.16,-0.647%,7801104189.00,United States,,11522351,Industrials,Agricultural Chemicals
MOV,Movado Group Inc. Common Stock,$28.41,1.33,4.911%,627235639.00,United States,,267562,Consumer Discretionary,Consumer Specialties
MOVE,Corvex Inc. Common Stock,$16.40,0.51,3.21%,26922699.00,United States,2021,64882,Health Care,Biotechnology: Electromedical & Electrotherapeutic Apparatus
MP,MP Materials Corp. Common Stock,$60.99,-1.31,-2.103%,10835937776.00,United States,2020,6540862,Basic Materials,Metal Mining
MPA,Blackrock MuniYield Pennsylvania Quality Fund Common Stock,$11.29,0.06,0.534%,0.00,United States,1992,37769,Finance,Finance Companies
MPAA,Motorcar Parts  of America Inc. Common Stock,$11.66,0.43,3.829%,223999724.00,United States,,98798,Consumer Discretionary,Auto Parts:O.E.M.
MPB,Mid Penn Bancorp Common Stock,$34.32,0.58,1.719%,869638255.00,United States,,262947,Finance,Major Banks
MPC,Marathon Petroleum Corporation Common Stock,$213.69,-12.55,-5.547%,63078029655.00,United States,,3799490,Energy,Integrated oil Companies
MPLT,MapLight Therapeutics Inc. Common Stock,$30.05,1.54,5.402%,1275211596.00,United States,2025,227719,Health Care,Biotechnology: Pharmaceutical Preparations
MPLX,MPLX LP Common Units Representing Limited Partner Interests,$55.88,0.64,1.159%,56729618352.00,United States,2012,4333189,Energy,Natural Gas Distribution
MPT,Medical Properties Trust Inc. common stock,$5.23,0.03,0.577%,3205650076.00,United States,,5324298,Real Estate,Real Estate Investment Trusts
MPTI,M-tron Industries Inc. Common Stock,$66.76,1.14,1.737%,238007278.00,United States,2022,55790,Technology,Industrial Machinery/Components
MPU,Mega Matrix Inc. Class A Ordinary Shares,$0.696,-0.0205,-2.861%,47199333.00,United States,1998,22940,Consumer Discretionary,Diversified Commercial Services
MPV,Barings Participation Investors Common Stock,$17.9127,0.2627,1.488%,189905072.00,United States,1988,20174,Finance,Finance Companies
MPWR,Monolithic Power Systems Inc. Common Stock,$1468.35,65.54,4.672%,72122415300.00,United States,2004,635606,Technology,Semiconductors
MPX,Marine Products Corporation Common Stock,$7.94,0.31,4.063%,279826435.00,United States,2001,40702,Industrials,Marine Transportation
MQ,Marqeta Inc. Class A Common Stock,$4.39,0.21,5.024%,1875460206.00,United States,2021,3860814,Technology,Computer Software: Prepackaged Software
MQY,Blackrock MuniYield Quality Fund Inc. Common Stock,$11.54,0.03,0.261%,1716718915.00,United States,1992,306566,Finance,Investment Bankers/Brokers/Service
MRAM,Everspin Technologies Inc. Common Stock,$12.37,0.24,1.979%,288152693.00,United States,2016,361826,Technology,Semiconductors
MRBK,Meridian Corporation Common Stock,$20.49,0.11,0.54%,243404357.00,United States,2017,289193,Finance,Major Banks
MRCY,Mercury Systems Inc Common Stock,$84.05,-0.86,-1.013%,5044229820.00,United States,1998,918223,Technology,Electrical Products
MRDN,Meridian Holdings Inc. Common Stock,$6.39,-0.50,-7.257%,80776137.00,United States,,15966,Technology,Computer Software: Prepackaged Software
MREO,Mereo BioPharma Group plc American Depositary Shares,$0.3366,0.0103,3.157%,52222011.00,United Kingdom,,2112914,Health Care,Biotechnology: Pharmaceutical Preparations
MRK,Merck & Company Inc. Common Stock (new),$119.07,3.61,3.127%,294255878755.00,United States,,16173049,Health Care,Biotechnology: Pharmaceutical Preparations
MRKR,Marker Therapeutics Inc. Common Stock,$1.66,0.05,3.106%,27677391.00,United States,,177857,Health Care,Biotechnology: Pharmaceutical Preparations
MRLN,Merlin Inc. Common Stock,$13.58,-2.51,-15.60%,1148115084.00,United States,2024,2008887,Technology,EDP Services
MRM,MEDIROM Healthcare Technologies Inc. American Depositary Share,$1.17,-0.07,-5.645%,9245282.00,Japan,2020,36817,Consumer Discretionary,Other Consumer Services
MRNA,Moderna Inc. Common Stock,$53.72,-0.96,-1.756%,21304646227.00,United States,2018,13578759,Health Care,Biotechnology: Biological Products (No Diagnostic Substances)
MRNO,Murano Global Investments PLC Ordinary Shares,$0.4366,-0.0974,-18.24%,34624884.00,Mexico,,424968,Consumer Discretionary,Hotels/Resorts
MRNOW,Murano Global Investments PLC Warrants,$0.046,-0.002,-4.167%,3648064.00,Mexico,,200,Consumer Discretionary,Hotels/Resorts
MRP,Millrose Properties Inc. Class A Common Stock,$31.03,0.40,1.306%,5151088512.00,United States,2025,1455131,Finance,Real Estate
MRSH,Marsh Common Stock,$175.80,-6.77,-3.708%,84928267658.00,United States,,3931523,Finance,Specialty Insurers
MRT,Marti Technologies Inc. Class A Ordinary Shares,$2.20,0.05,2.326%,189293997.00,,2021,32098,Consumer Discretionary,Rental/Leasing Companies
MRTN,Marten Transport Ltd. Common Stock,$14.87,0.57,3.986%,1213230437.00,United States,1986,892543,Industrials,Trucking Freight/Courier Services
MRVI,Maravai LifeSciences Holdings Inc. Class A Common Stock,$3.39,-0.02,-0.587%,871457950.00,United States,2020,2734803,Health Care,Biotechnology: Pharmaceutical Preparations
MRVL,Marvell Technology Inc. Common Stock,$139.69,6.32,4.739%,122153072244.00,United States,2000,26307293,Technology,Semiconductors
MRX,Marex Group plc Ordinary Shares,$51.52,0.06,0.117%,3819323762.00,United Kingdom,2024,1473649,Finance,Investment Bankers/Brokers/Service
MS,Morgan Stanley Common Stock,$188.82,1.50,0.801%,298597458219.00,United States,,6836480,Finance,Investment Bankers/Brokers/Service
MS^A,Morgan Stanley Dep Shs repstg 1/1000 Pfd Ser A,$19.46,-0.03,-0.154%,,United States,,74610,,
MS^E,Morgan Stanley DEPOSITARY SHARES REP 1/1000TH SHARES FIXED/FLTG PREFERRED STOCK SERIES E,$25.30,0.00,0.00%,,United States,,92240,,
MS^F,Morgan Stanley Dep Shs Rpstg 1/1000th Int Prd Ser F Fxd to Flag,$25.23,0.02,0.079%,,United States,,51597,,
MS^I,Morgan Stanley Depository Shares Representing 1/1000th Preferred Series 1 Fixed to Floating Non (Cum),$25.12,-0.03,-0.119%,,United States,,33987,,
MS^K,Morgan Stanley Depositary Shares each representing 1/1000th of a share of Fixed-to-Floating Rate Non-Cumulative Preferred Stock  Series K,$24.30,0.16,0.663%,,United States,,42547,,
MS^L,Morgan Stanley Depositary Shares each representing 1/1000th of a share of 4.875% Non-Cumulative Preferred Stock Series L,$20.56,0.01,0.049%,,United States,,16336,,
MS^O,Morgan Stanley Depositary Shares each representing 1/1000th of a share of 4.250% Non-Cumulative Preferred Stock Series O,$17.68,0.11,0.626%,,United States,,35682,,
MS^P,Morgan Stanley Depositary Shares each representing 1/1000th of a share of 6.500% Non-Cumulative Preferred Stock Series P,$25.26,-0.02,-0.079%,,United States,,47626,,
MS^Q,Morgan Stanley Depositary Shares each representing 1/1000th of a share of 6.625% Non-Cumulative Preferred Stock Series Q,$25.68,0.05,0.195%,,United States,,37582,,
MSA,MSA Safety Incorporated Common Stock,$173.21,8.04,4.868%,6716169598.00,United States,2000,374535,Health Care,Industrial Specialties
MSAI,MultiSensor AI Holdings Inc. Common Stock,$6.26,0.32,5.387%,12596979.00,United States,2021,88295,Technology,Electronic Components
MSAIW,MultiSensor AI Holdings Inc. Warrant,$0.0299,-0.0001,-0.333%,60168.00,United States,2021,2461,Technology,Electronic Components
MSB,Mesabi Trust Common Stock,$30.29,-0.52,-1.688%,397405103.00,United States,,61186,Industrials,Precious Metals
MSBI,Midland States Bancorp Inc. Common Stock,$23.79,0.24,1.019%,510680065.00,United States,2016,278550,Finance,Major Banks
MSBIP,Midland States Bancorp Inc. Depositary Shares Each Representing a 1/40th Interest in a Share of 7.750% Fixed-Rate Reset Non-Cumulative Perpetual Preferred Stock Series A,$25.1817,0.0217,0.086%,540554527.00,United States,,319,Finance,Major Banks
MSC,Studio City International Holdings Limited American depositary shares each representing four  Class A ordinary shares,$2.64,0.0844,3.303%,556290544.00,,2018,961,Consumer Discretionary,Hotels/Resorts
MSCI,MSCI Inc. Common Stock,$568.55,3.65,0.646%,41572493121.00,United States,,804479,Real Estate,Real Estate
MSD,Morgan Stanley Emerging Markets Debt Fund Inc. Common Stock,$7.48,0.06,0.809%,0.00,United States,1993,63061,Finance,Trusts Except Educational Religious and Charitable
MSDL,Morgan Stanley Direct Lending Fund Common Stock,$15.36,0.10,0.655%,0.00,United States,2024,799127,,
MSEX,Middlesex Water Company Common Stock,$51.31,0.68,1.343%,953417432.00,United States,,500924,Utilities,Water Supply
MSFT,Microsoft Corporation Common Stock,$422.79,2.53,0.602%,3139481717042.00,United States,1986,47812025,Technology,Computer Software: Prepackaged Software
MSGE,Madison Square Garden Entertainment Corp. Class A Common Stock,$62.78,1.65,2.699%,2967805155.00,United States,2023,248913,Consumer Discretionary,Services-Misc. Amusement & Recreation
MSGM,Motorsport Games Inc. Class A Common Stock,$4.29,0.04,0.941%,24789551.00,United States,2021,35789,Technology,Computer Software: Prepackaged Software
MSGS,Madison Square Garden Sports Corp. Class A Common Stock (New),$336.02,5.14,1.553%,8087777275.00,United States,2015,167521,Consumer Discretionary,Services-Misc. Amusement & Recreation
MSGY,Masonglory Limited Ordinary Shares,$0.5148,-0.0223,-4.152%,7207200.00,Hong Kong,2025,139484,,
MSI,Motorola Solutions Inc. Common Stock,$441.96,-2.50,-0.562%,73455347918.00,United States,,1423755,Technology,Radio And Television Broadcasting And Communications Equipment
MSIF,MSC Income Fund Inc. Common Stock,$13.13,0.34,2.658%,604327643.00,,2025,294896,Finance,Finance/Investors Services
MSLE,Satellos Bioscience Inc. Common Stock,$8.70,0.11,1.281%,181231353.00,Canada,,75604,Health Care,Biotechnology: Pharmaceutical Preparations
MSM,MSC Industrial Direct Company Inc. Common Stock,$97.52,3.35,3.557%,5444962009.00,United States,1995,697550,Industrials,Industrial Machinery/Components
MSN,Emerson Radio Corporation Common Stock,$0.432,-0.017,-3.786%,9090426.00,United States,1994,30322,Consumer Staples,Consumer Electronics/Appliances
MSS,Maison Solutions Inc. Class A Common Stock,$0.1415,0.0035,2.536%,4308890.00,United States,2023,533622,Consumer Staples,Food Chains
MSTR,Strategy Inc Common Stock Class A,$166.52,17.58,11.803%,57548378988.00,United States,1998,52037481,Technology,Computer Software: Prepackaged Software
MSW,Ming Shing Group Holdings Limited Ordinary Shares,$1.05,-0.01,-0.943%,13623750.00,Hong Kong,2024,3490,Consumer Discretionary,Engineering & Construction
MT,Arcelor Mittal NY Registry Shares NEW,$62.06,2.28,3.814%,47235468327.00,Luxembourg,,2252634,Industrials,Steel/Iron Ore
MTA,Metalla Royalty & Streaming Ltd. Common Shares,$7.04,0.29,4.296%,657837044.00,,,403240,Basic Materials,Precious Metals
MTAL,Metals Acquisition Corp. II Class A Ordinary Shares,$10.0599,0.0249,0.248%,829559816.00,,2026,6110,Basic Materials,Metal Mining
MTB,M&T Bank Corporation Common Stock,$218.79,1.84,0.848%,32599765135.00,United States,,1378078,Finance,Major Banks
MTB^H,M&T Bank Corporation Perpetual Fixed-to-Floating Rate Non-Cumulative Preferred Stock Series H,$24.99,-0.01,-0.04%,,United States,,7965,,
MTB^J,M&T Bank Corporation Depositary Shares each representing a 1/400th ownership interest in a share of Perpetual 7.500% Non-Cumulative Preferred Stock Series J,$26.36,0.05,0.19%,,United States,,33877,,
MTB^K,M&T Bank Corporation Depositary Shares each representing a 1/400th interest in a share of Perpetual 6.350% Non-Cumulative Preferred Stock Series K,$25.15,0.03,0.119%,,United States,,21187,,
MTC,MMTec Inc. Common Shares,$6.54,0.53,8.819%,651304284.00,China,2019,355829,Technology,Computer Software: Prepackaged Software
MTCH,Match Group Inc. Common Stock,$35.51,0.76,2.187%,8261205378.00,United States,,3814303,Technology,Computer Software: Programming Data Processing
MTD,Mettler-Toledo International Inc. Common Stock,$1340.58,49.74,3.853%,27144740833.00,Switzerland,1997,115607,Industrials,Biotechnology: Laboratory Analytical Instruments
MTDR,Matador Resources Company Common Stock,$55.60,-3.30,-5.603%,6908296720.00,United States,2012,3537223,Energy,Oil & Gas Production
MTEK,Maris-Tech Ltd. Ordinary Shares,$1.44,-0.05,-3.356%,13966021.00,Israel,2022,90707,Telecommunications,Telecommunications Equipment
MTEKW,Maris-Tech Ltd. Warrants,$0.169,0.004,2.424%,1639068.00,Israel,2022,12245,Telecommunications,Telecommunications Equipment
MTEN,Mingteng International Corporation Inc. Class A Ordinary Shares,$1.3013,0.0413,3.278%,1590358.00,China,2024,56179,Industrials,Building Products
MTEX,Mannatech Incorporated Common Stock,$5.2011,-0.0989,-1.866%,10036407.00,United States,,2312,Health Care, Medicinal Chemicals and Botanical Products 
MTG,MGIC Investment Corporation Common Stock,$27.97,0.57,2.08%,6012245479.00,United States,1991,1546755,Finance,Property-Casualty Insurers
MTH,Meritage Homes Corporation Common Stock,$68.07,3.75,5.83%,4540434614.00,United States,,919911,Consumer Discretionary,Homebuilding
MTLS,Materialise NV American Depositary Shares,$5.46,0.15,2.825%,322506836.00,Belgium,2014,102426,Technology,Computer Software: Prepackaged Software
MTN,Vail Resorts Inc. Common Stock,$133.22,3.91,3.024%,4747035054.00,United States,1997,568131,Consumer Discretionary,Services-Misc. Amusement & Recreation
MTNB,Matinas Biopharma Holdings Inc. Common Stock,$0.50,-0.025,-4.762%,3203096.00,United States,2017,32697,Health Care,Biotechnology: Pharmaceutical Preparations
MTR,Mesa Royalty Trust Common Stock,$4.93,0.13,2.708%,9187499.00,United States,,10787,Energy,Oil & Gas Production
MTRN,Materion Corporation,$181.95,15.40,9.246%,3784803449.00,United States,,273526,Industrials,Industrial Specialties
MTRX,Matrix Service Company Common Stock,$12.19,0.21,1.753%,342885257.00,United States,1990,208843,Consumer Discretionary,Engineering & Construction
MTSI,MACOM Technology Solutions Holdings Inc. Common Stock,$276.97,15.55,5.948%,20776065331.00,United States,2012,1046066,Technology,Semiconductors
MTUS,Metallus Inc. Common Shares,$18.05,0.36,2.035%,753234099.00,United States,2014,204511,Industrials,Steel/Iron Ore
MTVA,MetaVia Inc. Common Stock,$1.40,0.00,0.00%,7230118.00,United States,2016,36882,Health Care,Biotechnology: Pharmaceutical Preparations
MTW,Manitowoc Company Inc. (The) Common Stock,$13.01,0.61,4.919%,467166306.00,United States,,172308,Industrials,Construction/Ag Equipment/Trucks
MTX,Minerals Technologies Inc. Common Stock,$72.76,1.01,1.408%,2257561191.00,United States,1992,150187,Basic Materials,Major Chemicals
MTZ,MasTec Inc. Common Stock,$370.89,12.75,3.56%,29236443484.00,United States,,1124169,Industrials,Water Sewer Pipeline Comm & Power Line Construction
MU,Micron Technology Inc. Common Stock,$455.07,-2.16,-0.472%,513197934589.00,United States,,33299156,Technology,Semiconductors
MUA,Blackrock MuniAssets Fund Inc Common Stock,$10.73,0.077,0.723%,1596221314.00,United States,1993,70257,Finance,Investment Bankers/Brokers/Service
MUC,Blackrock MuniHoldings California Quality Fund Inc.  Common Stock,$10.81,0.10,0.934%,1608122312.00,United States,1998,182150,Finance,Investment Bankers/Brokers/Service
MUFG,Mitsubishi UFJ Financial Group Inc. Common Stock,$18.51,0.13,0.707%,219671329129.00,Japan,,4359815,Finance,Commercial Banks
MUJ,Blackrock MuniHoldings New Jersey Quality Fund Inc. Common Stock,$12.07,0.04,0.333%,1795563025.00,United States,1998,82042,Finance,Investment Bankers/Brokers/Service
MUR,Murphy Oil Corporation Common Stock,$36.87,-2.37,-6.04%,5285267048.00,United States,,3436081,Energy,Oil & Gas Production
MUSA,Murphy USA Inc. Common Stock,$491.13,-26.32,-5.086%,9085983581.00,United States,2013,455477,Consumer Discretionary,Retail-Auto Dealers and Gas Stations
MUX,McEwen Inc. Common Stock,$25.91,1.18,4.772%,1540422022.00,Canada,,1381104,Basic Materials,Precious Metals
MUZE,Muzero Acquisition Corp Class A Ordinary Shares,$9.85,0.00,0.00%,0.00,United States,2026,10492,Finance,Blank Checks
MUZEU,Muzero Acquisition Corp Unit,$9.97,-0.005,-0.05%,0.00,United States,2026,10181,Finance,Blank Checks
MUZEW,Muzero Acquisition Corp Warrant,$0.25,0.01,4.167%,0.00,United States,2026,85593,,
MVBF,MVB Financial Corp. Common Stock,$26.78,0.85,3.278%,343984092.00,United States,,53383,Finance,Major Banks
MVIS,MicroVision Inc. Common Stock,$0.6584,0.0102,1.574%,201852177.00,United States,1996,4095202,Technology,Industrial Machinery/Components
MVO,MV Oil Trust Units of Beneficial Interests,$2.35,-0.43,-15.468%,27025000.00,United States,2007,458001,Energy,Oil & Gas Production
MVST,Microvast Holdings Inc. Common Stock,$1.95,0.10,5.405%,647464245.00,United States,2019,5101482,Miscellaneous,Industrial Machinery/Components
MVSTW,Microvast Holdings Inc. Warrants,$0.05,0.0149,42.45%,16601647.00,United States,2019,84213,Miscellaneous,Industrial Machinery/Components
MWA,MUELLER WATER PRODUCTS Common Stock,$29.07,0.57,2.00%,4546121194.00,United States,2006,4613571,Industrials,Metal Fabrications
MWG,Multi Ways Holdings Limited Class A Ordinary Shares,$1.99,0.02,1.015%,10232580.00,,2023,3753,Consumer Discretionary,Miscellaneous manufacturing industries
MWH,SOLV Energy Inc. Class A Common Stock,$34.47,0.56,1.651%,6979845329.00,United States,2026,530297,Industrials,Military/Government/Technical
MWYN,Marwynn Holdings Inc. Common stock,$0.6381,-0.0115,-1.77%,12886304.00,United States,2025,65637,Consumer Discretionary,Food Distributors
MX,Magnachip Semiconductor Corporation Common Stock,$3.22,0.07,2.222%,117339550.00,Luxembourg,2011,471627,Technology,Semiconductors
MXC,Mexco Energy Corporation Common Stock,$9.075,-0.065,-0.711%,18567450.00,United States,2003,23910,Energy,Oil & Gas Production
MXCT,MaxCyte Inc. Common Stock,$0.8478,0.0325,3.986%,90597119.00,United States,2021,528501,Health Care,Biotechnology: Commercial Physical & Biological Resarch
MXE,Mexico Equity and Income Fund Inc. (The) Common Stock,$13.69,0.00,0.00%,0.00,United States,,98,Finance,Finance Companies
MXF,Mexico Fund Inc. (The) Common Stock,$22.06,0.13,0.593%,0.00,United States,,44791,Finance,Trusts Except Educational Religious and Charitable
MXL,MaxLinear Inc. Common Stock,$26.27,2.92,12.505%,2351932504.00,United States,2010,4184947,Technology,Semiconductors
MYE,Myers Industries Inc. Common Stock,$21.65,0.63,2.997%,809779886.00,United States,1983,151142,Industrials,Plastic Products
MYFW,First Western Financial Inc. Common Stock,$26.93,0.55,2.085%,262166001.00,United States,2018,25023,Finance,Major Banks
MYGN,Myriad Genetics Inc. Common Stock,$5.08,0.08,1.60%,479770587.00,United States,1995,970766,Health Care,Biotechnology: In Vitro & In Vivo Diagnostic Substances
MYI,Blackrock MuniYield Quality Fund III Inc Common Stock,$11.05,0.02,0.181%,1643825305.00,United States,,224690,Finance,Investment Bankers/Brokers/Service
MYN,Blackrock MuniYield New York Quality Fund Inc.Common Stock,$9.937,0.047,0.475%,0.00,United States,1992,118699,Finance,Finance Companies
MYND,Mynd.ai Inc. American Depositary Shares,$0.326,-0.0179,-5.205%,14881177.00,,2017,8223,Real Estate,Other Consumer Services
MYO,Myomo Inc. Common Stock,$0.859,0.065,8.186%,33081563.00,United States,2017,445404,Health Care,Industrial Specialties
MYPS,PLAYSTUDIOS Inc.  Class A Common Stock,$0.4348,-0.0349,-7.43%,55762276.00,United States,2020,482715,Technology,Computer Software: Prepackaged Software
MYRG,MYR Group Inc. Common Stock,$329.33,14.07,4.463%,5117812241.00,United States,2008,190680,Industrials,Water Sewer Pipeline Comm & Power Line Construction
MYSE,Myseum.AI Inc. Common Stock,$3.81,0.51,15.455%,16475693.00,United States,2021,33580233,Telecommunications,Telecommunications Equipment
MYSEW,Myseum.AI Inc. Series A Warrant,$0.1513,-0.043,-22.131%,654271.00,United States,2021,68193,Telecommunications,Telecommunications Equipment
MYSZ,My Size Inc. Common Stock,$0.671,0.0009,0.134%,3232988.00,Israel,,36266,Technology,Computer Software: Prepackaged Software
MYXXU,Maywood Acquisition Corp. 2 Units,$10.01,0.00,0.00%,0.00,United States,2026,508335,Finance,Blank Checks
MZTI,The Marzetti Company Common Stock,$138.86,2.06,1.506%,3807957780.00,United States,,268336,Consumer Staples,Packaged Foods
NA,Nano Labs Ltd Class A Ordinary Shares,$2.77,-0.13,-4.483%,64303029.00,China,2022,85683,Technology,Semiconductors
NAAS,NaaS Technology Inc. American Depositary Shares,$2.30,-0.18,-7.258%,27726928.00,China,2017,5952,Consumer Discretionary,Other Specialty Stores
NABL,N-able Inc. Common Stock,$5.20,0.09,1.761%,979567108.00,United States,2021,830070,Technology,Computer Software: Prepackaged Software
NAC,Nuveen California Quality Municipal Income Fund,$11.80,0.08,0.683%,0.00,United States,1999,676852,Finance,Investment Managers
NAD,Nuveen Quality Municipal Income Fund Common Stock,$11.87,0.07,0.593%,0.00,United States,1999,560747,Finance,Investment Managers
NAGE,Niagen Bioscience Inc. Common Stock,$4.84,0.11,2.326%,387589562.00,United States,,877521,Health Care, Medicinal Chemicals and Botanical Products 
NAII,Natural Alternatives International Inc. Common Stock,$2.665,-0.025,-0.929%,16461113.00,United States,,5417,Health Care, Medicinal Chemicals and Botanical Products 
NAK,Northern Dynasty Minerals Ltd. Common Stock,$2.11,0.11,5.50%,1181577132.00,Canada,,13005901,Basic Materials,Precious Metals
NAKA,Nakamoto Inc. Common Stock,$0.264,0.0175,7.099%,182164819.00,United States,2024,8612320,Health Care,Medical/Nursing Services
NAMI,Jinxin Technology Holding Company American Depositary Shares,$0.5375,-0.0215,-3.846%,42500883.00,China,2024,6041,Real Estate,Other Consumer Services
NAMM,Namib Minerals Ordinary Shares,$2.12,0.03,1.435%,115503233.00,Cayman Islands,,838081,Basic Materials,Precious Metals
NAMS,NewAmsterdam Pharma Company N.V. Ordinary Shares,$34.68,1.48,4.458%,3987347635.00,Netherlands,,649133,Health Care,Biotechnology: Pharmaceutical Preparations
NAMSW,NewAmsterdam Pharma Company N.V. Warrant,$23.11,-0.925,-3.849%,2657082002.00,Netherlands,,1150,Health Care,Biotechnology: Pharmaceutical Preparations
NAN,Nuveen New York Quality Municipal Income Fund Common Stock,$11.38,0.02,0.176%,3440353804.00,United States,1999,46071,Finance,Investment Managers
NAT,Nordic American Tankers Limited Common Stock,$6.03,0.17,2.901%,1276856498.00,Bermuda,1995,6361721,Consumer Discretionary,Marine Transportation
NATH,Nathan's Famous Inc. Common Stock,$101.79,0.74,0.732%,416769485.00,United States,1993,17184,Consumer Discretionary,Restaurants
NATL,NCR Atleos Corporation Common Stock,$45.69,0.13,0.285%,3369713574.00,United States,2023,1860429,Miscellaneous,Office Equipment/Supplies/Services
NATR,Nature's Sunshine Products Inc. Common Stock,$27.34,1.06,4.033%,478658003.00,United States,,90853,Health Care,Biotechnology: Pharmaceutical Preparations
NAUT,Nautilus Biotechnology Inc. Common Stock,$3.03,-0.095,-3.04%,383490353.00,United States,2020,203821,Industrials,Biotechnology: Laboratory Analytical Instruments
NAVI,Navient Corporation Common Stock,$8.87,0.49,5.847%,843445355.00,United States,,1131653,Finance,Investment Bankers/Brokers/Service
NAVN,Navan Inc. Class A Common Stock,$15.06,0.44,3.01%,3776460871.00,United States,2025,2355975,Technology,Computer Software: Prepackaged Software
NAZ,Nuveen Arizona Quality Municipal Income Fund Common Stock,$12.61,-0.05,-0.395%,0.00,United States,1992,5007,Finance,Finance/Investors Services
NB,NioCorp Developments Ltd. Common Stock,$6.22,0.34,5.782%,779497690.00,United States,,10875070,Basic Materials,Metal Mining
NBB,Nuveen Taxable Municipal Income Fund Common Shares of Beneficial Interest,$15.83,-0.03,-0.189%,0.00,United States,2010,44762,Finance,Finance Companies
NBBK,NB Bancorp Inc. Common Stock,$22.50,0.25,1.124%,1016216415.00,United States,2023,429042,Finance,Banks
NBH,Neuberger Municipal Fund Inc. Common Stock,$10.3499,0.0899,0.876%,0.00,United States,2002,62464,Finance,Finance/Investors Services
NBHC,National Bank Holdings Corporation Common Stock,$42.38,1.13,2.739%,1894066963.00,United States,2012,403332,Finance,Major Banks
NBIS,Nebius Group N.V. Class A Ordinary Shares,$157.14,-8.20,-4.959%,37416421703.00,Netherlands,2011,17162204,Technology,Computer Software: Programming Data Processing
NBIX,Neurocrine Biosciences Inc. Common Stock,$133.25,4.84,3.769%,13402550301.00,United States,1996,1728486,Health Care,Biotechnology: Biological Products (No Diagnostic Substances)
NBN,Northeast Bank Common Stock,$124.15,3.19,2.637%,1009339500.00,United States,,98683,Finance,Major Banks
NBP,NovaBridge Biosciences American Depositary Shares,$2.70,0.03,1.124%,311530568.00,China,2020,1112329,Health Care,Biotechnology: Pharmaceutical Preparations
NBR,Nabors Industries Ltd.,$79.52,-2.72,-3.307%,1166811751.00,Bermuda,1951,532815,Energy,Oil & Gas Production
NBRG,Newbridge Acquisition Limited Class A Ordinary Share,$9.90,0.01,0.101%,0.00,Hong Kong,2026,302000,Finance,Blank Checks
NBRGR,Newbridge Acquisition Limited Rights,$0.125,-0.055,-30.556%,0.00,Hong Kong,2026,138363,,
NBRGU,Newbridge Acquisition Limited Unit,$10.00,0.00,0.00%,0.00,Hong Kong,2026,296,Finance,Blank Checks
NBTB,NBT Bancorp Inc. Common Stock,$45.65,1.05,2.354%,2374240340.00,United States,,239543,Finance,Major Banks
NBTX,Nanobiotix S.A. American Depositary Shares,$33.79,1.33,4.097%,1635776198.00,France,2020,61956,Health Care,Biotechnology: Pharmaceutical Preparations
NBXG,Neuberger Next Generation Connectivity Fund Inc. Common Stock,$14.28,0.14,0.99%,0.00,United States,2021,180925,Finance,Trusts Except Educational Religious and Charitable
NC,NACCO Industries Inc. Common Stock,$48.66,0.94,1.97%,366632809.00,United States,,8790,Energy,Coal Mining
NCA,Nuveen California Municipal Value Fund,$9.35,-0.02,-0.213%,0.00,United States,,33998,Finance,Investment Managers
NCDL,Nuveen Churchill Direct Lending Corp. Common Stock,$14.45,0.21,1.475%,713643089.00,United States,2024,242277,,
NCEL,NewcelX Ltd. Ordinary Shares,$2.66,0.17,6.827%,12125285.00,Switzerland,2021,26372,Health Care,Biotechnology: Pharmaceutical Preparations
NCEW,New Century Logistics (BVI) Limited Ordinary Shares,$13.34,-0.014,-0.105%,42688000.00,Hong Kong,2024,6792,Industrials,Integrated Freight & Logistics
NCI,Neo-Concept International Group Holdings Limited Class A Ordinary Shares,$0.6801,-0.0137,-1.975%,13271484.00,Hong Kong,2024,800585,Consumer Discretionary,Apparel
NCL,Northann Corp. Common Stock,$0.1693,0.0004,0.237%,9097011.00,,2023,204174,Industrials,Plastic Products
NCLH,Norwegian Cruise Line Holdings Ltd. Ordinary Shares,$20.99,0.96,4.793%,9561903005.00,United States,,31579019,Consumer Discretionary,Marine Transportation
NCMI,National CineMedia Inc. Common Stock,$3.63,0.15,4.31%,338607921.00,United States,2007,338101,Consumer Discretionary,Advertising
NCNA,NuCana plc American Depositary Share,$2.25,0.12,5.634%,9364435.00,United Kingdom,2017,26563,Health Care,Biotechnology: Pharmaceutical Preparations
NCNO,nCino Inc. Common Stock,$18.46,0.18,0.985%,2114310580.00,United States,2020,1942777,Technology,Computer Software: Prepackaged Software
NCPL,Netcapital Inc. Common Stock,$0.4241,-0.0172,-3.898%,3328294.00,United States,,675091,Finance,Finance: Consumer Services
NCPLW,Netcapital Inc. Warrants,$0.0247,0.0001,0.407%,193843.00,United States,,424,Finance,Finance: Consumer Services
NCRA,Nocera Inc. Common Stock,$0.215,-0.0021,-0.967%,3671226.00,Taiwan,,1222730,Consumer Staples,Farming/Seeds/Milling
NCSM,NCS Multistage Holdings Inc. Common Stock,$75.325,1.705,2.316%,197692195.00,United States,2017,49428,Energy,Oilfield Services/Equipment
NCT,Intercont (Cayman) Limited Class A Ordinary shares,$1.69,0.07,4.321%,2060739.00,China,2025,79130,Consumer Discretionary,Restaurants
NCTY,The9 Limited American Depository Shares,$5.41,0.10,1.883%,76077487.00,China,2004,37790,Finance,Finance: Consumer Services
NCV,Virtus Convertible & Income Fund Common Shares of Beneficial Interest,$16.23,-0.01,-0.062%,1466763025.00,United States,2003,56777,Finance,Finance Companies
NCV^A,Virtus Convertible & Income Fund 5.625% Series A Cumulative Preferred Shares,$20.8799,0.0399,0.191%,,United States,,4374,,
NCZ,Virtus Convertible & Income Fund II Common Shares of Beneficial Interest,$14.69,-0.05,-0.339%,1118140353.00,United States,2003,66410,Finance,Finance Companies
NCZ^A,Virtus Convertible & Income Fund II 5.50% Series A Cumulative Preferred Shares,$20.35,0.16,0.792%,,United States,,10271,,
NDAQ,Nasdaq Inc. Common Stock,$88.61,-0.26,-0.293%,50369810080.00,United States,,2818548,Finance,Investment Bankers/Brokers/Service
NDLS,Noodles & Company Class A Common Stock,$9.16,0.62,7.26%,53936123.00,United States,2013,33700,Consumer Discretionary,Restaurants
NDMO,Nuveen Dynamic Municipal Opportunities Fund Common Shares of Beneficial Interest,$10.33,0.03,0.291%,614275867.00,,2020,56650,Finance,Trusts Except Educational Religious and Charitable
NDRA,ENDRA Life Sciences Inc. Common Stock,$6.40,1.23,23.791%,7940806.00,United States,2017,82323,Health Care,Biotechnology: Electromedical & Electrotherapeutic Apparatus
NDSN,Nordson Corporation Common Stock,$281.89,5.19,1.876%,15724838440.00,United States,,386755,Industrials,Industrial Machinery/Components
NE,Noble Corporation plc A Ordinary Shares,$46.77,-1.73,-3.567%,7458572461.00,United States,2022,2130509,Energy,Oil & Gas Production
NEA,Nuveen AMT-Free Quality Municipal Income Fund Common Shares of Beneficial Interest Par Value $.01,$11.55,0.05,0.435%,0.00,United States,2002,927298,Finance,Finance/Investors Services
NECB,NorthEast Community Bancorp Inc. Common Stock,$25.34,0.75,3.05%,350082413.00,United States,2021,90169,Finance,Banks
NEE,NextEra Energy Inc. Common Stock,$91.98,0.15,0.163%,191806156603.00,United States,,8136720,Technology,EDP Services
NEE^N,NextEra Energy Capital Holdings Inc. Series N Junior Subordinated Debentures due March 1 2079,$23.78,0.37,1.581%,,United States,,44082,,
NEE^S,NextEra Energy Inc. 7.299% Corporate Units,$56.11,0.17,0.304%,,United States,,104022,,
NEE^T,NextEra Energy Inc. 7.234% Corporate Units,$52.17,0.18,0.346%,,United States,,6695,,
NEE^U,NextEra Energy Inc. Series U Junior Subordinated Debentures due June 1 2085,$25.26,0.10,0.397%,,United States,,34834,,
NEE^V,NextEra Energy Inc. 7.375% Corporate Units,$49.99,-0.02,-0.04%,,United States,,166145,,
NEE^W,NextEra Energy Capital Holdings Inc. Series Z Junior Subordinated Debentures due April 15 2086,$25.14,0.17,0.681%,,United States,,135170,,
NEGG,Newegg Commerce Inc. Common Shares,$44.77,2.61,6.191%,872505249.00,China,2010,81194,Consumer Discretionary,Other Specialty Stores
NEM,Newmont Corporation,$116.50,3.09,2.725%,125812209645.00,United States,,6793154,Basic Materials,Precious Metals
NEN,New England Realty Associates Limited Partnership Class A Depositary Receipts Evidencing Units of Limited Partnership,$58.00,0.9895,1.736%,168466452.00,United States,,272,Real Estate,Building operators
NEO,NeoGenomics Inc. Common Stock,$8.35,0.19,2.328%,1086701006.00,United States,,8821809,Health Care,Precision Instruments
NEOG,Neogen Corporation Common Stock,$9.51,0.27,2.922%,2070070620.00,United States,1989,2105798,Health Care,Biotechnology: In Vitro & In Vivo Diagnostic Substances
NEON,Neonode Inc. Common Stock,$1.57,0.01,0.641%,26349188.00,Sweden,,255029,Technology,Industrial Machinery/Components
NEOV,NeoVolta Inc. Common Stock,$3.09,0.06,1.98%,131977920.00,United States,,264166,Miscellaneous,Industrial Machinery/Components
NEOVW,NeoVolta Inc. Warrant,$1.48,0.23,18.40%,63212725.00,United States,,122,Miscellaneous,Industrial Machinery/Components
NEPH,Nephros Inc. Common Stock,$2.95,0.00,0.00%,31400591.00,United States,,22836,Health Care,Medical/Dental Instruments
NERV,Minerva Neurosciences Inc Common Stock,$6.73,0.44,6.995%,295056647.00,United States,2014,265485,Health Care,Biotechnology: Pharmaceutical Preparations
NESR,National Energy Services Reunited Corp Ordinary Shares,$24.29,0.78,3.318%,2448359227.00,United States,,2826668,Energy,Oilfield Services/Equipment
NET,Cloudflare Inc. Class A Common Stock,$200.99,3.61,1.829%,70744520095.00,United States,2019,3631202,Technology,Computer Software: Prepackaged Software
NEU,NewMarket Corp Common Stock,$634.39,-14.74,-2.271%,5960382697.00,United States,,180726,Industrials,Major Chemicals
NEUP,Neuphoria Therapeutics Inc. Common Stock,$4.77,0.05,1.059%,25714569.00,United States,2021,39192,Health Care,Biotechnology: Pharmaceutical Preparations
NEWP,New Pacific Metals Corp. Common Shares,$5.49,0.09,1.667%,1162710888.00,Canada,2021,1042993,Basic Materials,Precious Metals
NEWT,NewtekOne Inc. Common Stock,$13.10,0.31,2.424%,377692532.00,United States,,266392,Finance,Major Banks
NEWTG,NewtekOne Inc. 8.50% Fixed Rate Senior Notes due 2029,$25.55,0.185,0.729%,672523319.00,United States,,963,Finance,Major Banks
NEWTH,NewtekOne Inc. 8.625% Fixed Rate Senior Notes due 2029,$25.06,-0.04,-0.159%,0.00,United States,,1330,Finance,Major Banks
NEWTI,NewtekOne Inc. 8.00% Fixed Rate Senior Notes due 2028,$25.44,-0.04,-0.157%,669627915.00,United States,,849,Finance,Major Banks
NEWTP,NewtekOne Inc. Depositary Shares Non-Cumulative Perpetual Preferred Stock Series B,$23.93,-0.14,-0.582%,689937580.00,United States,,7416,Finance,Major Banks
NEXA,Nexa Resources S.A. Common Shares,$16.00,1.13,7.599%,2119017776.00,Luxembourg,2017,3106993,Basic Materials,Metal Mining
NEXM,NexMetals Mining Corp. Common Shares,$2.36,-0.07,-2.881%,0.00,Canada,,49972,,
NEXN,Nexxen International Ltd. Ordinary Shares,$7.49,0.09,1.216%,491064398.00,Israel,2021,389141,Technology,Computer Software: Programming Data Processing
NEXR,Nexera Technologies Ltd Ordinary Shares,$2.03,0.00,0.00%,1642613.00,Israel,2022,15781,Consumer Discretionary,Other Specialty Stores
NEXRW,Nexera Technologies Ltd Warrant,$0.016,0.00,0.00%,12947.00,Israel,2022,3020,Consumer Discretionary,Other Specialty Stores
NEXT,NextDecade Corporation Common Stock,$6.84,-0.70,-9.284%,1812121645.00,United States,2015,6240438,Utilities,Oil & Gas Production
NFBK,Northfield Bancorp Inc. Common Stock (Delaware),$13.93,0.06,0.433%,581772478.00,United States,2007,234719,Finance,Savings Institutions
NFE,New Fortress Energy Inc. Class A Common Stock,$0.6787,-0.0096,-1.395%,193125993.00,United States,2019,9103092,Utilities,Oil/Gas Transmission
NFG,National Fuel Gas Company Common Stock,$87.51,-1.64,-1.84%,8315762277.00,United States,,752826,Utilities,Oil/Gas Transmission
NFGC,New Found Gold Corp Common Shares,$2.16,0.07,3.349%,739432076.00,,2021,1335570,Basic Materials,Precious Metals
NFJ,Virtus Dividend Interest & Premium Strategy Fund Common Shares of Beneficial Interest,$13.74,-0.04,-0.29%,0.00,United States,2005,184618,Finance,Finance: Consumer Services
NFLX,Netflix Inc. Common Stock,$97.31,-10.48,-9.723%,410858598817.00,United States,2002,125653217,Consumer Discretionary,Consumer Electronics/Video Chains
NG,Novagold Resources Inc.,$10.94,0.81,7.996%,4800259917.00,Canada,2003,3003619,Basic Materials,Precious Metals
NGEN,NervGen Pharma Corp. Common stock,$4.07,-0.09,-2.163%,296441665.00,Canada,,103004,,
NGG,National Grid Transco PLC National Grid PLC (NEW) American Depositary Shares,$86.92,-0.60,-0.686%,86251496281.00,United Kingdom,,848946,Utilities,Natural Gas Distribution
NGL,NGL ENERGY PARTNERS LP Common Units representing Limited Partner Interests,$13.13,0.02,0.153%,1625681615.00,United States,2011,289838,Utilities,Natural Gas Distribution
NGL^B,NGL ENERGY PARTNERS LP 9.00% Class B Fixed-to-Floating Rate Cumulative Redeemable Perpetual Preferred Units representing limited partnership interests,$25.16,0.11,0.439%,,United States,,18246,,
NGL^C,NGL ENERGY PARTNERS LP 9.625% Class C Fixed-to-Floating Rate Cumulative  Redeemable Perpetual Preferred Units representing  limited partner interests,$25.634,0.104,0.407%,,United States,,1634,,
NGNE,Neurogene Inc. Common Stock ,$27.85,2.22,8.662%,433744060.00,Canada,2014,326054,Health Care,Biotechnology: Pharmaceutical Preparations
NGS,Natural Gas Services Group Inc. Common Stock,$38.10,-0.42,-1.09%,479588627.00,United States,2002,81515,Energy,Oilfield Services/Equipment
NGVC,Natural Grocers by Vitamin Cottage Inc. Common Stock,$28.27,0.86,3.138%,651145539.00,United States,2012,116991,Consumer Staples,Food Chains
NGVT,Ingevity Corporation Common Stock ,$75.20,1.46,1.98%,2648734858.00,United States,2016,165320,Industrials,Major Chemicals
NHC,National HealthCare Corporation Common Stock,$167.99,6.68,4.141%,2620483738.00,United States,1986,77361,Health Care,Hospital/Nursing Management
NHI,National Health Investors Inc. Common Stock,$85.65,-0.32,-0.372%,4150544955.00,United States,,235816,Real Estate,Real Estate Investment Trusts
NHIC,NewHold Investment Corp III Class A Ordinary Shares,$10.40,0.00,0.00%,0.00,United States,2025,24003,,
NHICU,NewHold Investment Corp III Units,$10.60,0.00,0.00%,0.00,United States,2025,60,Finance,Blank Checks
NHICW,NewHold Investment Corp III Warrants,$0.45,0.00,0.00%,0.00,United States,2025,17,,
NHIVU,NewHold Investment Corp IV Units,$9.96,0.01,0.101%,0.00,United States,2026,549151,Finance,Blank Checks
NHPAP,National Healthcare Properties Inc. 7.375% Series A Cumulative Redeemable Perpetual Preferred Stock,$21.38,0.0799,0.375%,607452473.00,United States,,4837,Real Estate,Real Estate Investment Trusts
NHPBP,National Healthcare Properties Inc. 7.125% Series B Cumulative Redeemable Perpetual Preferred Stock,$21.08,0.07,0.333%,598928818.00,United States,,16968,Real Estate,Real Estate Investment Trusts
NHS,Neuberger High Yield Strategies Fund Inc. Common Stock,$6.54,0.02,0.307%,0.00,United States,,115412,Finance,Trusts Except Educational Religious and Charitable
NHTC,Natural Health Trends Corp. Common Stock,$2.99,0.04,1.356%,25647766.00,United States,,31713,Consumer Discretionary,Consumer Specialties
NI,NiSource Inc Common Stock,$48.31,0.59,1.236%,23157774690.00,United States,,9707335,Utilities,Power Generation
NIC,Nicolet Bankshares Inc. Common Stock,$158.27,2.89,1.86%,3379785262.00,United States,2022,274027,Finance,Major Banks
NICE,NICE Ltd American Depositary Shares,$105.25,0.21,0.20%,6252226795.00,Israel,,752021,Technology,Computer Software: Prepackaged Software
NICM,Nicola Mining Inc. American Depositary Shares,$6.19,-0.30,-4.622%,1304167262.00,Canada,,254238,,
NIE,Virtus Equity & Convertible Income Fund Common Shares of Beneficial Interest,$25.45,0.32,1.273%,705193159.00,United States,2007,57695,Finance,Investment Managers
NIM,Nuveen Select Maturities Municipal Fund Common Stock,$9.44,0.01,0.106%,0.00,United States,1992,14252,Finance,Trusts Except Educational Religious and Charitable
NINE,Nine Energy Service Inc. Common Stock,$8.75,-0.17,-1.906%,378969299.00,,2026,28204,Energy,Oilfield Services/Equipment
NIO,NIO Inc. American depositary shares each  representing one Class A ordinary share,$6.83,-0.04,-0.582%,17113705760.00,United States,2018,34883758,Industrials,Auto Manufacturing
NIOBW,NioCorp Developments Ltd. Warrant,$2.09,0.2101,11.176%,261921249.00,United States,,28832,Basic Materials,Metal Mining
NIPG,NIP Group Inc. American Depositary Shares,$0.7051,-0.0179,-2.476%,158194654.00,Sweden,2024,9782,Consumer Discretionary,Services-Misc. Amusement & Recreation
NIQ,NIQ Global Intelligence plc Ordinary Shares,$11.65,0.14,1.216%,3438092907.00,United States,2025,1459240,Technology,Computer Software: Programming Data Processing
NIU,Niu Technologies American Depositary Shares,$3.07,-0.04,-1.286%,239349394.00,China,2018,675603,Industrials,Auto Manufacturing
NIVF,NewGenIvf Group Limited Class A Ordinary Shares,$2.32,-0.17,-6.827%,15288285.00,Singapore,,22747,Health Care,Misc Health and Biotechnology Services
NIVFW,NewGenIvf Group Limited Warrants,$0.0166,-0.0001,-0.599%,9438.00,Singapore,,100,Health Care,Misc Health and Biotechnology Services
NIXX,Nixxy Inc. Common Stock,$0.6701,0.0451,7.216%,18020615.00,United States,,925544,Technology,EDP Services
NIXXW,Nixxy Inc. Warrant,$0.0135,0.00,0.00%,363048.00,United States,,259,Technology,EDP Services
NJR,NewJersey Resources Corporation Common Stock,$55.68,-0.30,-0.536%,5615059901.00,United States,,548856,Utilities,Oil/Gas Transmission
NKE,Nike Inc. Common Stock,$46.03,0.33,0.722%,68165230129.00,United States,,31230949,Consumer Discretionary,Shoe Manufacturing
NKLR,Terra Innovatum Global N.V. Ordinary shares,$6.06,0.26,4.483%,426023745.00,Italy,,696105,Industrials,Metal Fabrications
NKSH,National Bankshares Inc. Common Stock,$37.69,1.08,2.95%,240025373.00,United States,,149478,Finance,Major Banks
NKTR,Nektar Therapeutics  Common Stock,$84.86,0.87,1.036%,2434460540.00,United States,,509978,Health Care,Biotechnology: Pharmaceutical Preparations
NKTX,Nkarta Inc. Common Stock,$3.47,0.67,23.929%,247378000.00,United States,2020,3162155,Health Care,Biotechnology: Pharmaceutical Preparations
NKX,Nuveen California AMT-Free Quality Municipal Income Fund,$12.19,0.02,0.164%,0.00,United States,2002,136095,Finance,Finance/Investors Services
NL,NL Industries Inc. Common Stock,$5.85,0.03,0.515%,285846994.00,United States,,22912,Basic Materials,Major Chemicals
NLOP,Net Lease Office Properties Common Shares of Beneficial Interest,$12.84,0.08,0.627%,190212723.00,United States,2023,92645,Real Estate,Real Estate Investment Trusts
NLY,Annaly Capital Management Inc. Common Stock,$22.80,0.66,2.981%,16379223053.00,United States,,5508227,Real Estate,Real Estate Investment Trusts
NLY^F,Annaly Capital Management Inc 6.95% Series F,$25.80,-0.01,-0.039%,,United States,,41994,,
NLY^G,Annaly Capital Management Inc 6.50% Series G Fixed-to-Floating Rate Cumulative Redeemable Preferred Stock,$24.95,-0.05,-0.20%,,United States,,14553,,
NLY^I,Annaly Capital Management Inc 6.750% Series I Fixed-to-Floating Rate Cumulative Redeemable Preferred Stock,$25.42,-0.03,-0.118%,,United States,,65439,,
NLY^J,Annaly Capital Management Inc. 8.875% Series J Fixed-Rate Cumulative Redeemable Preferred Stock,$25.96,0.04,0.154%,,United States,,18147,,
NMAI,Nuveen Multi-Asset Income Fund Common Shares of Beneficial Interest,$13.64,0.21,1.564%,0.00,United States,2021,89881,Finance,Investment Managers
NMAX,Newsmax Inc. Class B Common Stock,$6.95,0.10,1.46%,897512262.00,United States,2025,570810,Industrials,Broadcasting
NMCO,Nuveen Municipal Credit Opportunities Fund Common Shares,$10.74,0.06,0.562%,588245631.00,,2019,103790,Finance,Finance/Investors Services
NMFC,New Mountain Finance Corporation Common Stock,$8.50,0.18,2.163%,837331286.00,United States,,1043535,Finance,Finance/Investors Services
NMFCZ,New Mountain Finance Corporation 8.250% Notes due 2028,$25.57,0.08,0.314%,2719649773.00,United States,,5972,,
NMG,Nouveau Monde Graphite Inc. Common Shares,$2.18,0.02,0.926%,350601855.00,Canada,,1855754,Basic Materials,Other Metals and Minerals
NMI,Nuveen Municipal Income Fund Inc. Common Stock,$10.91,0.33,3.119%,0.00,United States,1988,53256,Finance,Trusts Except Educational Religious and Charitable
NMIH,NMI Holdings Inc. Common Stock,$39.99,1.16,2.987%,3045493156.00,United States,2013,356980,Finance,Property-Casualty Insurers
NML,Neuberger Energy Infrastructure and Income Fund Inc. Common Stock,$9.75,-0.13,-1.316%,0.00,United States,2013,284790,Finance,Finance/Investors Services
NMM,Navios Maritime Partners LP Common Units Representing Limited Partner Interests,$70.02,0.64,0.922%,2042364856.00,Greece,2007,125246,Consumer Discretionary,Marine Transportation
NMP,NMP Acquisition Corp. Class A Ordinary Shares,$10.17,0.00,0.00%,0.00,United States,2025,6,Finance,Blank Checks
NMPAR,NMP Acquisition Corp. Right,$0.19,0.0099,5.497%,0.00,United States,2025,400,Finance,Blank Checks
NMPAU,NMP Acquisition Corp. Units,$10.32,0.02,0.194%,0.00,United States,2025,200,Finance,Blank Checks
NMR,Nomura Holdings Inc ADR American Depositary Shares,$8.61,-0.04,-0.462%,25452976409.00,Japan,,2737340,Finance,Investment Bankers/Brokers/Service
NMRA,Neumora Therapeutics Inc. Common Stock,$2.15,0.15,7.50%,391388032.00,United States,2023,1419736,Health Care,Biotechnology: Biological Products (No Diagnostic Substances)
NMRK,Newmark Group Inc. Class A Common Stock,$16.53,0.86,5.488%,3048753759.00,United States,2017,1131320,Finance,Real Estate
NMS,Nuveen Minnesota Quality Municipal Income Fund ,$12.11,0.11,0.917%,0.00,United States,2014,1970,Finance,Finance Companies
NMT,Nuveen Massachusetts Quality Municipal Income Fund Common Stock,$12.45,-0.12,-0.955%,0.00,United States,,14170,Finance,Finance/Investors Services
NMTC,NeuroOne Medical Technologies Corporation Common Stock,$4.84,0.27,5.908%,40892366.00,United States,,197172,Health Care,Medical/Dental Instruments
NMZ,Nuveen Municipal High Income Opportunity Fund Common Stock $0.01 par value per share,$10.35,0.02,0.194%,0.00,United States,2003,400849,Finance,Finance/Investors Services
NN,NextNav Inc. Common Stock,$22.83,1.34,6.235%,3105523646.00,United States,,4642314,Industrials,Industrial Machinery/Components
NNAVW,NextNav Inc. Warrant,$12.37,1.38,12.557%,1682668747.00,United States,,44397,Industrials,Industrial Machinery/Components
NNBR,NN Inc. Common Stock,$2.32,0.28,13.725%,116441088.00,United States,1994,2442209,Industrials,Industrial Machinery/Components
NNDM,Nano Dimension Ltd. American Depositary Shares,$1.77,-0.03,-1.667%,368135728.00,Israel,,1319884,Technology,Electrical Products
NNE,Nano Nuclear Energy Inc. Common Stock,$25.85,1.30,5.295%,1346350565.00,United States,2024,2783349,Utilities,Electric Utilities: Central
NNI,Nelnet Inc. Common Stock,$139.42,2.89,2.117%,5018001433.00,United States,2003,144938,Finance,Finance: Consumer Services
NNN,NNN REIT Inc. Common Stock,$45.14,0.41,0.917%,8588128259.00,United States,,1095973,Real Estate,Real Estate Investment Trusts
NNNN,Anbio Biotechnology Class A Ordinary Shares,$27.15,-0.65,-2.338%,3906646080.00,Germany,2025,48496,Health Care,Biotechnology: In Vitro & In Vivo Diagnostic Substances
NNOX,NANO-X IMAGING LTD Ordinary Shares,$2.85,0.14,5.166%,198332150.00,Israel,2020,3054483,Health Care,Medical Electronics
NNVC,NanoViricides Inc. Common Stock,$1.37,0.21,18.103%,29585150.00,United States,,656900,Health Care,Biotechnology: Pharmaceutical Preparations
NNY,Nuveen New York Municipal Value Fund Common Stock,$8.60,0.027,0.315%,0.00,United States,1988,30098,Finance,Investment Managers
NOA,North American Construction Group Ltd. Common Shares (no par),$13.99,-0.11,-0.78%,398957936.00,Canada,2006,102777,Energy,Oilfield Services/Equipment
NOAH,Noah Holdings Limited American Depositary Shares,$10.21,0.10,0.989%,684383161.00,China,2010,41473,Finance,Investment Managers
NOC,Northrop Grumman Corporation Common Stock,$665.26,-7.51,-1.116%,94488979356.00,United States,,745107,Industrials,Industrial Machinery/Components
NODK,NI Holdings Inc. Common Stock,$13.02,0.06,0.463%,267177860.00,United States,2017,15126,Finance,Property-Casualty Insurers
NOEM,CO2 Energy Transition Corp. Common Stock,$10.40,0.00,0.00%,0.00,United States,2025,206,,
NOEMR,CO2 Energy Transition Corp. Right,$0.179,0.0589,49.042%,0.00,United States,2025,2657,,
NOEMW,CO2 Energy Transition Corp. Warrant,$0.10,0.00,0.00%,0.00,United States,2025,10,,
NOG,Northern Oil and Gas Inc. Common Stock,$24.55,-1.25,-4.845%,2596834163.00,United States,2022,2929713,Energy,Oil & Gas Production
NOK,Nokia Corporation Sponsored American Depositary Shares,$10.31,0.02,0.194%,59202491266.00,Finland,1994,48797050,Technology,Radio And Television Broadcasting And Communications Equipment
NOM,Nuveen Missouri Quality Municipal Income Fund ,$11.085,-0.095,-0.85%,0.00,United States,1993,1199,Finance,Investment Managers
NOMA,NOMADAR Corp. Class A Common Stock,$3.57,-0.15,-4.032%,50964963.00,United States,,16722,Consumer Discretionary,Services-Misc. Amusement & Recreation
NOMD,Nomad Foods Limited Ordinary Shares,$9.74,0.17,1.776%,1383918536.00,United Kingdom,2016,1408662,Consumer Staples,Packaged Foods
NOTV,Inotiv Inc. Common Stock,$0.277,-0.0181,-6.134%,9527407.00,United States,,1815053,Health Care,Biotechnology: Commercial Physical & Biological Resarch
NOV,NOV Inc. Common Stock,$19.10,-0.08,-0.417%,6888050668.00,United States,,5157564,Consumer Discretionary,Oil and Gas Field Machinery
NOVT,Novanta Inc. Common Stock,$128.85,2.95,2.343%,4597853636.00,United States,,334298,Miscellaneous,Industrial Machinery/Components
NOVTU,Novanta Inc. Tangible Equity Units,$57.93,2.11,3.78%,2067160738.00,United States,,1587,Miscellaneous,Industrial Machinery/Components
NOW,ServiceNow Inc. Common Stock,$96.66,0.22,0.228%,100154797590.00,United States,2012,17679230,Technology,Computer Software: Prepackaged Software
NP,Neptune Insurance Holdings Inc. Class A Common Stock,$27.66,0.96,3.596%,3821326640.00,,2025,421581,Finance,Specialty Insurers
NPAC,New Providence Acquisition Corp. III Class A Ordinary Shares,$10.295,0.005,0.049%,0.00,United States,2025,14864,Finance,Blank Checks
NPACU,New Providence Acquisition Corp. III Units,$10.37,0.03,0.29%,0.00,United States,2025,160,Finance,Blank Checks
NPACW,New Providence Acquisition Corp. III Warrants,$0.30,0.04,15.385%,0.00,United States,2025,39311,Finance,Blank Checks
NPB,Northpointe Bancshares Inc. Common Stock,$19.19,0.69,3.73%,661942086.00,United States,2025,135293,Finance,Major Banks
NPCE,Neuropace Inc. Common Stock,$16.19,0.71,4.587%,545067888.00,United States,2021,79647,Health Care,Medical/Dental Instruments
NPCT,Nuveen Core Plus Impact Fund Common Shares of Beneficial Interest,$10.53,0.05,0.477%,0.00,United States,2021,88234,Finance,Investment Managers
NPFD,Nuveen Variable Rate Preferred & Income Fund Common Shares,$19.07,0.09,0.474%,0.00,United States,2021,71313,Finance,Trusts Except Educational Religious and Charitable
NPK,National Presto Industries Inc. Common Stock,$143.72,2.99,2.125%,1029543538.00,United States,,72926,Industrials,Ordnance And Accessories
NPKI,NPK International Inc. Common Stock,$14.70,0.33,2.296%,1240890901.00,United States,,522447,Consumer Discretionary,Oil and Gas Field Machinery
NPO,Enpro Inc. Common Stock,$281.67,9.92,3.65%,5984924442.00,United States,,205173,Industrials,Metal Fabrications
NPT,Texxon Holding Limited Ordinary shares,$3.96,0.74,22.981%,87852600.00,China,2025,16252123,Consumer Discretionary,Specialty Chemicals
NPV,Nuveen Virginia Quality Municipal Income Fund Common Stock,$11.54,0.03,0.261%,0.00,United States,1993,66898,Finance,Investment Managers
NPWR,NET Power Inc. Class A Common Stock,$1.69,0.09,5.625%,379262721.00,United States,2021,1521286,Energy,Industrial Machinery/Components
NQP,Nuveen Pennsylvania Quality Municipal Income Fund Common Stock,$12.09,0.04,0.332%,0.00,United States,1991,160828,Finance,Trusts Except Educational Religious and Charitable
NRC,National Research Corporation Common Stock (Delaware),$18.03,0.41,2.327%,410117538.00,United States,,81387,Health Care,Biotechnology: Commercial Physical & Biological Resarch
NRDS,NerdWallet Inc. Class A Common Stock,$10.95,0.15,1.389%,720416706.00,United States,2021,397998,Technology,EDP Services
NRDY,Nerdy Inc. Class A Common Stock,$0.9406,-0.0103,-1.083%,177394136.00,United States,2020,543454,Real Estate,Other Consumer Services
NREF,NexPoint Real Estate Finance Inc. Common Stock,$14.06,0.13,0.933%,262738981.00,United States,2020,29419,Real Estate,Real Estate Investment Trusts
NREF^A,NexPoint Real Estate Finance Inc. 8.50% Series A Cumulative Redeemable Preferred Stock,$23.15,0.375,1.647%,,United States,,12109,,
NRG,NRG Energy Inc. Common Stock,$167.73,-0.77,-0.457%,35987576673.00,United States,,3433818,Utilities,Electric Utilities: Central
NRGV,Energy Vault Holdings Inc. Common Stock,$3.60,0.00,0.00%,622710169.00,United States,2021,2522365,Miscellaneous,Industrial Machinery/Components
NRIM,Northrim BanCorp Inc Common Stock,$25.05,0.78,3.214%,557103884.00,United States,,137136,Finance,Savings Institutions
NRIX,Nurix Therapeutics Inc. Common stock,$17.51,0.82,4.913%,1810635786.00,United States,2020,856028,Health Care,Biotechnology: Pharmaceutical Preparations
NRK,Nuveen New York AMT-Free Quality Municipal Income Fund ,$10.48,0.09,0.866%,0.00,United States,2002,342504,Finance,Trusts Except Educational Religious and Charitable
NRO,Neuberger Real Estate Securities Income Fund Inc. Common Stock,$3.04,0.01,0.33%,0.00,United States,2003,441687,Finance,Finance/Investors Services
NRP,Natural Resource Partners LP Limited Partnership,$114.16,-2.18,-1.874%,1512667034.00,United States,2002,33016,Energy,Coal Mining
NRSN,NeuroSense Therapeutics Ltd. Ordinary Shares,$0.707,-0.001,-0.141%,24992318.00,Israel,2021,152031,Health Care,Biotechnology: Pharmaceutical Preparations
NRSNW,NeuroSense Therapeutics Ltd. Warrant,$0.16,-0.038,-19.192%,5655970.00,Israel,2021,100,Health Care,Biotechnology: Pharmaceutical Preparations
NRT,North European Oil Royality Trust Common Stock,$7.68,-1.19,-13.416%,70583731.00,United States,,343268,Energy,Oil & Gas Production
NRUC,National Rural Utilities Cooperative Finance Corporation 5.500% Subordinated Notes due 2064 (Subordinated Deferrable Interest Notes),$24.18,0.13,0.541%,0.00,United States,2019,8674,Finance,Diversified Financial Services
NRXP,NRX Pharmaceuticals Inc. Common Stock,$2.55,0.04,1.594%,84322457.00,United States,2017,1082233,Health Care,Biotechnology: Pharmaceutical Preparations
NRXPW,NRX Pharmaceuticals Inc. Warrant,$0.0055,-0.0015,-21.429%,181872.00,United States,2017,93216,Health Care,Biotechnology: Pharmaceutical Preparations
NRXS,Neuraxis Inc. Common Stock,$7.22,-0.14,-1.902%,80774754.00,,2023,235123,Health Care,Biotechnology: Electromedical & Electrotherapeutic Apparatus
NSA,National Storage Affiliates Trust Common Shares of Beneficial Interest,$43.28,1.07,2.535%,3337427918.00,United States,2015,663887,Real Estate,Real Estate Investment Trusts
NSA^A,National Storage Affiliates Trust 6.000% Series A Cumulative Redeemable Preferred Shares of Beneficial Interest (Liquidation Preference $25.00 per share),$22.85,-0.09,-0.392%,,United States,,9035,,
NSA^B,National Storage Affiliates Trust 6.000% Series B Cumulative Redeemable Preferred Shares of Beneficial Interest,$32.75,-0.125,-0.38%,,United States,,5069,,
NSC,Norfolk Southern Corporation Common Stock,$302.38,-0.25,-0.083%,74030366742.00,United States,,1454596,Industrials,Railroads
NSIT,Insight Enterprises Inc. Common Stock,$76.43,0.89,1.178%,2358395313.00,United States,1995,310831,Consumer Discretionary,Catalog/Specialty Distribution
NSP,Insperity Inc. Common Stock,$28.90,0.22,0.767%,1103089360.00,United States,,844998,Consumer Discretionary,Professional Services
NSPR,InspireMD Inc. Common Stock,$1.35,0.00,0.00%,63305522.00,Israel,,145509,Health Care,Medical/Dental Instruments
NSRX,Nasus Pharma Ltd. Ordinary Shares,$2.24,-0.01,-0.444%,26232210.00,,2025,16713,Health Care,Biotechnology: Pharmaceutical Preparations
NSSC,NAPCO Security Technologies Inc. Common Stock,$45.38,0.69,1.544%,1618447023.00,United States,,298985,Telecommunications,Telecommunications Equipment
NSTS,NSTS Bancorp Inc. Common Stock,$12.97,0.56,4.512%,68242083.00,United States,2022,7429,Finance,Savings Institutions
NSYS,Nortech Systems Incorporated Common Stock,$14.47,0.11,0.766%,40315359.00,United States,,19680,Technology,Industrial Machinery/Components
NTAP,NetApp Inc. Common Stock,$104.53,0.85,0.82%,20626946712.00,United States,1995,2139123,Technology,Electronic Components
NTB,Bank of N.T. Butterfield & Son Limited (The) Voting Ordinary Shares,$56.61,0.63,1.125%,2264400000.00,Bermuda,2016,170235,Finance,Commercial Banks
NTCL,NETCLASS TECHNOLOGY INC Class A Ordinary Shares,$0.3998,-0.0722,-15.297%,8792414.00,China,2024,161480,Technology,Computer Software: Prepackaged Software
NTCT,NetScout Systems Inc. Common Stock,$33.55,0.48,1.451%,2422992743.00,United States,1999,978214,Technology,EDP Services
NTES,NetEase Inc. American Depositary Shares,$118.20,-0.18,-0.152%,75426742011.00,China,,654656,Technology,Computer Software: Prepackaged Software
NTGR,NETGEAR Inc. Common Stock,$27.51,1.48,5.686%,773392784.00,United States,2003,958862,Utilities,Telecommunications Equipment
NTHI,NeOnc Technologies Holdings Inc. Common Stock,$5.34,0.32,6.375%,133027314.00,United States,,23363,Health Care,Biotechnology: Pharmaceutical Preparations
NTIC,Northern Technologies International Corporation Common Stock,$8.11,-0.10,-1.218%,76980128.00,United States,,1725,Industrials,Industrial Specialties
NTIP,Network-1 Technologies Inc. Common Stock,$1.50,0.04,2.74%,34189962.00,United States,,58606,Miscellaneous,Multi-Sector Companies
NTLA,Intellia Therapeutics Inc. Common Stock,$14.95,0.79,5.579%,1766096513.00,United States,2016,3092655,Health Care,Biotechnology: In Vitro & In Vivo Diagnostic Substances
NTNX,Nutanix Inc. Class A Common Stock,$40.05,0.51,1.29%,10621744485.00,United States,2016,2401382,Technology,Computer Software: Prepackaged Software
NTR,Nutrien Ltd. Common Shares,$70.62,-3.91,-5.246%,34133509853.00,Canada,2004,5117226,Industrials,Agricultural Chemicals
NTRA,Natera Inc. Common Stock,$208.40,12.29,6.267%,29536792500.00,United States,2015,1427049,Health Care,Medical Specialities
NTRB,Nutriband Inc. Common Stock,$4.30,0.21,5.134%,52351997.00,United States,,16256,Health Care,Industrial Specialties
NTRBW,Nutriband Inc. Warrant,$1.195,0.045,3.913%,14548985.00,United States,,298,Health Care,Industrial Specialties
NTRP,NextTrip Inc. Common Stock,$2.99,0.01,0.336%,40863753.00,United States,,36222,Consumer Discretionary,Miscellaneous manufacturing industries
NTRS,Northern Trust Corporation Common Stock,$159.16,2.39,1.525%,29495677786.00,United States,,1067495,Finance,Major Banks
NTRSO,Northern Trust Corporation Depositary Shares Each Representing a 1/1000th Interest in a Share of Series E Non-Cumulative Perpetual Preferred Stock,$19.31,0.01,0.052%,3578546985.00,United States,,40344,Finance,Major Banks
NTSK,Netskope Inc. Class A Common Stock,$9.87,0.45,4.777%,3951102220.00,United States,2025,5667397,Technology,Computer Software: Prepackaged Software
NTST,NetSTREIT Corp. Common Stock,$20.84,0.43,2.107%,2026764107.00,United States,2020,2568388,Real Estate,Real Estate Investment Trusts
NTWK,NetSol Technologies Inc. Common  Stock,$3.55,0.02,0.567%,41948642.00,United States,,11889,Technology,Computer Software: Prepackaged Software
NTWO,Newbury Street II Acquisition Corp Class A Ordinary Shares,$10.6025,0.00,0.00%,0.00,United States,2024,3,,
NTWOU,Newbury Street II Acquisition Corp Unit,$10.61,0.00,0.00%,0.00,United States,2024,90,,
NTWOW,Newbury Street II Acquisition Corp Warrant,$0.1899,0.0099,5.50%,0.00,United States,2024,5100,,
NTZ,Natuzzi S.p.A.,$3.15,0.00,0.00%,34696018.00,Italy,1993,38,Consumer Discretionary,Home Furnishings
NU,Nu Holdings Ltd. Class A Ordinary Shares,$15.34,-0.09,-0.583%,74486033515.00,Cayman Islands,2021,45160582,Finance,Finance: Consumer Services
NUAI,New Era Energy & Digital Inc. Common Stock,$4.61,-0.37,-7.43%,282389874.00,United States,,6543307,Energy,Oil & Gas Production
NUAIW,New Era Energy & Digital Inc. Warrants,$2.08,-0.10,-4.587%,127412351.00,United States,,20568,Energy,Oil & Gas Production
NUCL,Eagle Nuclear Energy Corp. Common stock,$11.21,-0.99,-8.115%,331584099.00,United States,,1313424,Basic Materials,Other Metals and Minerals
NUCLW,Eagle Nuclear Energy Corp. Warrants,$2.575,-0.415,-13.88%,76166731.00,United States,,162294,Basic Materials,Other Metals and Minerals
NUE,Nucor Corporation Common Stock,$195.87,4.02,2.095%,44606580590.00,United States,,1546063,Industrials,Steel/Iron Ore
NUS,Nu Skin Enterprises Inc. Common Stock,$7.90,0.25,3.268%,388496199.00,United States,1996,434118,Health Care,Other Pharmaceuticals
NUTX,Nutex Health Inc. Common Stock,$105.58,3.82,3.754%,735718393.00,United States,,279042,Real Estate,Real Estate
NUV,Nuveen Municipal Value Fund Inc. Common Stock,$9.15,0.01,0.109%,0.00,United States,1987,327807,Finance,Trusts Except Educational Religious and Charitable
NUVB,Nuvation Bio Inc. Class A Common Stock,$5.08,0.27,5.613%,1766244021.00,United States,2020,2717455,Health Care,Biotechnology: Pharmaceutical Preparations
NUVL,Nuvalent Inc. Class A Common Stock,$107.61,3.75,3.611%,8459975478.00,United States,2021,772851,Health Care,Biotechnology: Pharmaceutical Preparations
NUW,Nuveen AMT-Free Municipal Value Fund,$14.57,0.04,0.275%,0.00,United States,2009,32241,Finance,Investment Managers
NUWE,Nuwellis Inc. Common Stock,$1.18,-0.01,-0.84%,3110147.00,United States,,29311,Health Care,Biotechnology: Electromedical & Electrotherapeutic Apparatus
NVA,Nova Minerals Limited American Depositary Shares,$6.85,0.41,6.366%,257461935.00,Australia,2024,845577,Basic Materials,Precious Metals
NVAWW,Nova Minerals Limited Warrant,$33.51,4.00,13.555%,15113955083.00,Australia,2024,2120,Basic Materials,Precious Metals
NVAX,Novavax Inc. Common Stock,$8.84,0.20,2.315%,1440353754.00,United States,,2452862,Health Care,Biotechnology: Biological Products (No Diagnostic Substances)
NVCR,NovoCure Limited Ordinary Shares,$12.83,0.21,1.664%,1459982101.00,Jersey,2015,1401934,Health Care,Medical/Dental Instruments
NVCT,Nuvectis Pharma Inc. Common Stock,$8.90,0.55,6.587%,235776148.00,United States,2022,92744,Health Care,Biotechnology: Pharmaceutical Preparations
NVDA,NVIDIA Corporation Common Stock,$201.68,3.33,1.679%,4900824000000.00,United States,1999,159842030,Technology,Semiconductors
NVEC,NVE Corporation Common Stock,$82.36,2.60,3.26%,398388992.00,United States,,54234,Technology,Semiconductors
NVG,Nuveen AMT-Free Municipal Credit Income Fund ,$12.64,0.12,0.958%,0.00,United States,2002,460555,Finance,Investment Managers
NVGS,Navigator Holdings Ltd. Ordinary Shares (Marshall Islands),$20.53,0.34,1.684%,1339591615.00,Marshall Islands,2013,421714,Consumer Discretionary,Marine Transportation
NVMI,Nova Ltd. Ordinary Shares,$528.76,14.54,2.828%,16805564275.00,Israel,2000,238472,Technology,Electronic Components
NVNI,Nvni Group Limited Ordinary Shares,$1.31,0.00,0.00%,36349990.00,Cayman Islands,,64543,Technology,Computer Software: Prepackaged Software
NVNIW,Nvni Group Limited Warrants,$0.043,-0.002,-4.444%,1193168.00,Cayman Islands,,312,Technology,Computer Software: Prepackaged Software
NVNO,enVVeno Medical Corporation Common Stock,$11.70,0.24,2.094%,7669596.00,United States,2018,6126,Health Care,Medical/Dental Instruments
NVO,Novo Nordisk A/S Common Stock,$40.52,-0.41,-1.002%,180921800000.00,Denmark,,13178424,Health Care,Biotechnology: Pharmaceutical Preparations
NVR,NVR Inc. Common Stock,$7000.92,297.33,4.435%,19449388869.00,United States,1998,34308,Consumer Discretionary,Homebuilding
NVRI,Enviri Corporation Common Stock,$19.39,0.04,0.207%,1579305766.00,United States,,558633,Miscellaneous,Diversified Commercial Services
NVS,Novartis AG Common Stock,$151.97,2.24,1.496%,289981810658.00,Switzerland,,1070218,Health Care,Biotechnology: Pharmaceutical Preparations
NVST,Envista Holdings Corporation Common Stock,$27.84,0.90,3.341%,4537386864.00,United States,2019,1804934,Health Care,Medical/Dental Instruments
NVT,nVent Electric plc Ordinary Shares ,$134.69,4.99,3.847%,21779143892.00,United Kingdom,2018,2351795,Industrials,Industrial Machinery/Components
NVTS,Navitas Semiconductor Corporation Common Stock,$12.32,-0.05,-0.404%,2843366865.00,United States,,36613802,Technology,Semiconductors
NVVE,Nuvve Holding Corp. Common Stock,$0.599,-0.0185,-2.996%,3181830.00,United States,2020,499727,Industrials,Electrical Products
NVX,NOVONIX Limited American Depository Shares,$0.8082,0.0082,1.025%,169736911.00,Australia,,416517,Miscellaneous,Industrial Machinery/Components
NWAX,New America Acquisition I Corp. Class A Common Stock,$10.06,0.01,0.10%,0.00,,2026,63210,Finance,Blank Checks
NWBI,Northwest Bancshares Inc. Common Stock,$13.45,0.20,1.509%,1967221788.00,United States,2009,1330408,Finance,Major Banks
NWE,NorthWestern Energy Group Inc. Common Stock,$72.48,-0.82,-1.119%,4457452304.00,United States,,412585,Utilities,Power Generation
NWFL,Norwood Financial Corp. Common Stock,$31.35,0.72,2.351%,341406704.00,United States,,22351,Finance,Major Banks
NWG,NatWest Group plc American Depositary Shares (each representing two (2) Ordinary Shares),$16.90,0.25,1.502%,69518502855.00,United Kingdom,2022,3669558,Finance,Commercial Banks
NWGL,CL Workshop Group Limited American Depositary Shares,$0.9899,-0.0001,-0.01%,16385978.00,China,2023,1747,Energy,
NWL,Newell Brands Inc. Common Stock,$4.33,0.08,1.882%,1839937253.00,United States,,7849724,Industrials,Plastic Products
NWN,Northwest Natural Holding Company Common Stock,$54.04,-0.49,-0.899%,2246110238.00,United States,,201980,Utilities,Oil/Gas Transmission
NWPX,NWPX Infrastructure Inc. Common Stock,$81.65,1.65,2.063%,781735471.00,United States,1995,480207,Industrials,Steel/Iron Ore
NWS,News Corporation Class B Common Stock,$29.96,0.31,1.046%,16639126678.00,United States,,692970,Consumer Discretionary,Newspapers/Magazines
NWSA,News Corporation Class A Common Stock,$26.01,0.22,0.853%,14445383341.00,United States,,2646233,Consumer Discretionary,Newspapers/Magazines
NWTG,Newton Golf Company Inc. Common Stock,$1.30,0.04,3.175%,5969682.00,United States,2023,32224,Consumer Discretionary,Recreational Games/Products/Toys
NX,Quanex Building Products Corporation Common Stock,$20.26,1.28,6.744%,930619072.00,United States,,393029,Industrials,Metal Fabrications
NXDR,Nextdoor Holdings Inc. Class A Common Stock,$1.54,-0.01,-0.645%,597097119.00,United States,,2311517,Technology,Computer Software: Programming Data Processing
NXDT,NexPoint Diversified Real Estate Trust Common Stock,$4.92,0.13,2.714%,247080383.00,United States,,101001,Real Estate,Real Estate Investment Trusts
NXDT^A,NexPoint Diversified Real Estate Trust 5.50% Series A Cumulative Preferred Shares ($25.00 liquidation preference per share),$13.02,0.00,0.00%,,United States,,237,,
NXE,Nexgen Energy Ltd. Common Shares,$12.69,0.04,0.316%,8388972793.00,Canada,2017,7668142,Basic Materials,Other Metals and Minerals
NXG,NXG NextGen Infrastructure Income Fund Common Shares of Beneficial Interest,$52.44,-0.58,-1.094%,136433882.00,,2012,65957,,
NXGL,NexGel Inc Common Stock,$0.6312,-0.0094,-1.467%,5349857.00,United States,2021,164274,Health Care,Medical/Dental Instruments
NXGLW,NexGel Inc Warrant,$0.0475,-0.0016,-3.259%,402595.00,United States,2021,1800,Health Care,Medical/Dental Instruments
NXJ,Nuveen New Jersey Qualified Municipal Fund ,$12.42,0.03,0.242%,0.00,United States,2001,173469,Finance,Finance/Investors Services
NXL,Nexalin Technology Inc. Common Stock,$0.4633,-0.0012,-0.258%,9535477.00,United States,2022,107873,Health Care,Biotechnology: Electromedical & Electrotherapeutic Apparatus
NXP,Nuveen Select Tax Free Income Portfolio Common Stock,$14.28,0.07,0.493%,668291334.00,United States,1992,56035,Finance,Trusts Except Educational Religious and Charitable
NXPI,NXP Semiconductors N.V. Common Stock,$216.03,2.30,1.076%,54589235305.00,Netherlands,2010,4287845,Technology,Semiconductors
NXPL,NextPlat Corp Common Stock,$5.44,-0.03,-0.548%,14702264.00,United States,,16650,Telecommunications,Telecommunications Equipment
NXPLW,NextPlat Corp Warrants,$0.012,0.0006,5.263%,32431.00,United States,,8727,Telecommunications,Telecommunications Equipment
NXRT,NexPoint Residential Trust Inc. Common Stock,$27.53,0.94,3.535%,699571768.00,United States,2015,170987,Real Estate,Real Estate Investment Trusts
NXST,Nexstar Media Group Inc. Common Stock,$200.78,3.38,1.712%,6089255238.00,United States,2003,407287,Industrials,Broadcasting
NXT,Nextpower Inc. Class A Common Stock,$111.39,4.56,4.268%,16538724152.00,United States,2023,2939118,Industrials,Industrial Machinery/Components
NXTC,NextCure Inc. Common Stock,$10.325,-0.675,-6.136%,36761233.00,United States,2019,52694,Health Care,Biotechnology: Pharmaceutical Preparations
NXTS,Nexentis Technologies Inc. Common Stock,$4.12,0.15,3.778%,3008873.00,Israel,,9923,Industrials,Agricultural Chemicals
NXTT,Next Technology Holding Inc. Ordinary Shares,$1.87,-0.15,-7.426%,142614379.00,China,,175779,Technology,EDP Services
NXXT,NextNRG Inc. Common Stock,$0.3863,-0.0115,-2.891%,50633238.00,United States,2021,2942099,Consumer Discretionary,Retail-Auto Dealers and Gas Stations
NYAX,Nayax Ltd. Ordinary Shares,$65.26,0.345,0.531%,2438061066.00,Israel,,2217,Technology,Computer Software: Prepackaged Software
NYC,American Strategic Investment Co. Class A Common Stock,$8.1898,0.2422,3.047%,22054648.00,,2020,368,Real Estate,Real Estate Investment Trusts
NYT,New York Times Company (The) Common Stock,$79.48,1.58,2.028%,12869159345.00,United States,,3501690,Consumer Discretionary,Newspapers/Magazines
NYXH,Nyxoah SA Ordinary Shares,$3.26,-0.02,-0.61%,142339434.00,Belgium,2021,27749,Health Care,Medical/Dental Instruments
NZF,Nuveen Municipal Credit Income Fund ,$12.55,0.04,0.32%,0.00,United States,2007,596258,Finance,Finance Companies
O,Realty Income Corporation Common Stock,$65.09,0.45,0.696%,60693211767.00,United States,,5149689,Real Estate,Real Estate Investment Trusts
OABI,OmniAb Inc. Common Stock,$1.64,0.08,5.128%,237443541.00,United States,2021,618155,Health Care,Biotechnology: Commercial Physical & Biological Resarch
OACC,Oaktree Acquisition Corp. III Life Sciences Class A Ordinary Share,$10.64,0.00,0.00%,0.00,United States,2024,65,Finance,Blank Checks
OACCU,Oaktree Acquisition Corp. III Life Sciences Unit,$10.68,0.00,0.00%,0.00,United States,2024,5,Finance,Blank Checks
OACCW,Oaktree Acquisition Corp. III Life Sciences Warrant,$0.885,0.045,5.357%,0.00,United States,2024,2512,Finance,Blank Checks
OAK^A,Brookfield Oaktree Holdings LLC 6.625% Series A Preferred Units,$21.04,0.22,1.057%,,United States,,5658,,
OAK^B,Brookfield Oaktree Holdings LLC 6.550% Series B Preferred Units,$20.92,0.055,0.264%,,United States,,5957,,
OBA,Oxley Bridge Acquisition Limited Class A Ordinary Shares,$10.14,-0.025,-0.246%,0.00,Hong Kong,2025,31104,Finance,Blank Checks
OBAI,Our Bond Inc. Common Stock,$0.6976,-0.0614,-8.09%,14421614.00,United States,,1633173,Consumer Discretionary,Telecommunications Equipment
OBAWW,Oxley Bridge Acquisition Limited Warrants,$0.2001,0.00,0.00%,0.00,Hong Kong,2025,248,Finance,Blank Checks
OBDC,Blue Owl Capital Corporation Common Stock,$11.79,0.19,1.638%,5856746060.00,United States,2019,4369854,Finance,Diversified Financial Services
OBE,Obsidian Energy Ltd. Common Shares,$10.10,-0.02,-0.198%,682474544.00,Canada,2022,2924882,Energy,Oil & Gas Production
OBIO,Orchestra BioMed Holdings Inc. Ordinary Shares,$4.58,0.11,2.461%,268025727.00,United States,2020,128512,Health Care, Medicinal Chemicals and Botanical Products 
OBK,Origin Bancorp Inc. Common Stock,$45.80,1.05,2.346%,1418943448.00,United States,,221418,Finance,Major Banks
OBT,Orange County Bancorp Inc. Common Stock,$36.14,1.08,3.08%,484553917.00,United States,,59317,Finance,Major Banks
OBTC,Osprey Bitcoin Trust Common Units of Beneficial Interest,$24.9535,0.6908,2.847%,73376640.00,United States,,9849,Finance,Investment Bankers/Brokers/Service
OC,Owens Corning Inc Common Stock New,$122.84,4.98,4.225%,9874267989.00,United States,,2226198,Industrials,Industrial Machinery/Components
OCC,Optical Cable Corporation Common Stock,$11.25,0.10,0.897%,99355478.00,United States,,137688,Industrials,Telecommunications Equipment
OCCI,OFS Credit Company Inc. Common Stock,$2.99,0.02,0.673%,34733365.00,United States,2018,206286,Finance,Trusts Except Educational Religious and Charitable
OCCIM,OFS Credit Company Inc. 7.875% Series F Term Preferred Stock,$25.125,0.00,0.00%,0.00,United States,,153,,
OCCIN,OFS Credit Company Inc. 5.25% Series E Term Preferred Stock Due 2026,$24.61,0.02,0.081%,285882311.00,United States,,690,Finance,Trusts Except Educational Religious and Charitable
OCCIO,OFS Credit Company Inc. 6.125% Series C Term Preferred Stock,$24.965,0.035,0.14%,290006172.00,United States,,741,Finance,Trusts Except Educational Religious and Charitable
OCFC,OceanFirst Financial Corp. Common Stock,$19.22,0.45,2.397%,1103266748.00,United States,,519712,Finance,Major Banks
OCG,Oriental Culture Holding LTD Ordinary Shares,$0.767,0.007,0.921%,1333191.00,China,2020,324380,Consumer Discretionary,Other Consumer Services
OCGN,Ocugen Inc. Common Stock,$1.99,0.06,3.109%,652515619.00,United States,2014,5159224,Health Care,Biotechnology: Biological Products (No Diagnostic Substances)
OCS,Oculis Holding AG Ordinary shares,$27.46,0.09,0.329%,1592252667.00,Switzerland,,367419,Health Care,Biotechnology: Pharmaceutical Preparations
OCSAW,Oculis Holding AG Warrants,$16.255,-1.57,-8.808%,942537040.00,Switzerland,,451,Health Care,Biotechnology: Pharmaceutical Preparations
OCSL,Oaktree Specialty Lending Corporation Common Stock,$13.12,0.41,3.226%,1155682062.00,United States,,2977162,Finance,Finance: Consumer Services
OCUL,Ocular Therapeutix Inc. Common Stock,$9.82,0.96,10.835%,2137733270.00,United States,2014,5323153,Health Care,Biotechnology: Pharmaceutical Preparations
ODC,Oil-Dri Corporation Of America Common Stock,$73.41,2.52,3.555%,1062977314.00,United States,,53419,Consumer Discretionary,Miscellaneous manufacturing industries
ODD,ODDITY Tech Ltd. Class A Ordinary Shares,$15.34,0.35,2.335%,869113548.00,Israel,2023,941750,Consumer Discretionary,Package Goods/Cosmetics
ODFL,Old Dominion Freight Line Inc. Common Stock,$217.76,4.19,1.962%,45386762793.00,United States,1991,1561625,Industrials,Trucking Freight/Courier Services
ODV,Osisko Development Corp. Common Shares,$3.65,0.28,8.309%,1111778156.00,Canada,2022,2222075,Basic Materials,Precious Metals
ODVWZ,Osisko Development Corp. Warrant expiring 5/27/2027,$0.22,0.0449,25.642%,67011286.00,Canada,,7500,Basic Materials,Precious Metals
ODYS,Odysight.ai Inc. Common Stock,$5.40,-0.18,-3.226%,88340814.00,Israel,,8388,Technology,Electronic Components
OEC,Orion S.A. Common Shares,$6.94,0.05,0.726%,390539485.00,Luxembourg,2014,449543,Industrials,Major Chemicals
OESX,Orion Energy Systems Inc. Common Stock,$9.55,-0.04,-0.417%,38704842.00,United States,2015,23705,Consumer Discretionary,Building Products
OFAL,OFA Group Class A Ordinary Shares,$0.537,0.0322,6.379%,7784964.00,Hong Kong,2025,64700,Consumer Discretionary,Military/Government/Technical
OFG,OFG Bancorp Common Stock,$42.61,0.62,1.477%,1843187886.00,Puerto Rico,,390875,Finance,Major Banks
OFIX,Orthofix Medical Inc. Common Stock (DE),$12.71,0.32,2.583%,510235286.00,Curacao,1992,206451,Health Care,Medical/Dental Instruments
OFLX,Omega Flex Inc. Common Stock,$33.46,0.69,2.106%,337756014.00,United States,,38454,Industrials,Industrial Specialties
OFRM,Once Upon a Farm PBC Common Stock,$16.54,0.65,4.091%,692718224.00,,2026,609831,Consumer Staples,Packaged Foods
OFS,OFS Capital Corporation Common Stock,$4.14,-0.11,-2.588%,55468043.00,United States,,72872,Finance,Finance/Investors Services
OFSSH,OFS Capital Corporation 4.95% Notes due 2028,$23.60,0.00,0.00%,316194641.00,United States,,11,Finance,Finance Companies
OFSSO,OFS Capital Corporation 7.50% Notes due 2028,$25.25,0.05,0.198%,0.00,United States,,250,,
OGC,OceanaGold Corporation Common Shares,$34.42,1.09,3.27%,7748692390.00,,2026,311401,,
OGE,OGE Energy Corp Common Stock,$48.16,-0.46,-0.946%,9938943377.00,United States,,1387998,Utilities,Electric Utilities: Central
OGEN,Oragenics Inc. Common Stock,$0.715,0.0349,5.132%,3100261.00,United States,,185935,Health Care,Biotechnology: Pharmaceutical Preparations
OGI,Organigram Global Inc. Common Shares,$1.46,-0.06,-3.947%,199052518.00,Canada,,878119,Health Care,Biotechnology: Pharmaceutical Preparations
OGN,Organon & Co. Common Stock ,$9.76,0.43,4.609%,2540680744.00,United States,2021,7001866,Health Care,Biotechnology: Pharmaceutical Preparations
OGS,ONE Gas Inc. Common Stock,$88.96,-0.72,-0.803%,5583306630.00,United States,2014,437635,Utilities,Oil/Gas Transmission
OHI,Omega Healthcare Investors Inc. Common Stock,$46.82,0.24,0.515%,13838587400.00,United States,1992,2291184,Real Estate,Real Estate Investment Trusts
OI,O-I Glass Inc. Common Stock,$10.89,0.48,4.611%,1669267780.00,United States,,1543509,Consumer Discretionary,Containers/Packaging
OIA,Invesco Municipal Income Opportunities Trust Common Stock,$6.14,0.01,0.163%,292298316.00,United States,,182870,Finance,Finance Companies
OII,Oceaneering International Inc. Common Stock,$37.45,0.72,1.96%,3722295675.00,United States,,2600323,Energy,Oilfield Services/Equipment
OIM,OneIM Acquisition Corp. Class A Ordinary Shares,$10.02,0.00,0.00%,0.00,United States,2026,8199,,
OIMAU,OneIM Acquisition Corp. Units,$10.13,-0.01,-0.099%,0.00,United States,2026,300,Finance,Blank Checks
OIMAW,OneIM Acquisition Corp. Warrant,$0.60,-0.05,-7.692%,0.00,United States,2026,103678,,
OIO,OIO Group Ordinary Shares,$2.88,-0.07,-2.373%,120430771.00,Singapore,,49414,Utilities,Environmental Services
OIS,Oil States International Inc. Common Stock,$10.22,-0.65,-5.98%,615242028.00,United States,2001,727835,Consumer Discretionary,Oil and Gas Field Machinery
OKE,ONEOK Inc. Common Stock,$83.51,-1.70,-1.995%,52613857410.00,United States,,5343894,Utilities,Oil & Gas Production
OKLO,Oklo Inc. Class A common stock,$66.81,2.60,4.049%,11596130726.00,United States,2021,24289913,Utilities,Electric Utilities: Central
OKTA,Okta Inc. Class A Common Stock,$72.25,0.24,0.333%,12780153087.00,United States,2017,5990723,Technology,Computer Software: Prepackaged Software
OKUR,OnKure Therapeutics Inc. Class A Common Stock,$5.00,0.33,7.066%,68367825.00,United States,2021,299106,Health Care,Biotechnology: Pharmaceutical Preparations
OKYO,OKYO Pharma Limited Ordinary Shares,$1.66,0.07,4.403%,56174400.00,Guernsey,2022,78910,Health Care,Biotechnology: Biological Products (No Diagnostic Substances)
OLB,The OLB Group Inc. Common Stock,$0.447,0.0072,1.637%,5590070.00,United States,,405859,Real Estate,Real Estate
OLED,Universal Display Corporation Common Stock,$99.55,0.22,0.221%,4688634172.00,United States,,377214,Technology,Electrical Products
OLLI,Ollie's Bargain Outlet Holdings Inc. Common Stock,$94.82,0.28,0.296%,5779868117.00,United States,2015,1280170,Consumer Discretionary,Department/Specialty Retail Stores
OLMA,Olema Pharmaceuticals Inc. Common Stock,$16.82,0.34,2.063%,1465980084.00,United States,2020,802780,Health Care,Biotechnology: Pharmaceutical Preparations
OLN,Olin Corporation Common Stock,$26.09,-1.89,-6.755%,2970530095.00,United States,,3309657,Industrials,Major Chemicals
OLOX,Olenox Industries Inc. Common Stock,$0.6115,-0.0385,-5.923%,3780147.00,United States,2017,211946,Consumer Discretionary,RETAIL: Building Materials
OLP,One Liberty Properties Inc. Common Stock,$23.51,0.44,1.907%,512826616.00,United States,1986,56745,Real Estate,Real Estate Investment Trusts
OLPX,Olaplex Holdings Inc. Common Stock,$2.03,-0.01,-0.49%,1358887361.00,United States,2021,4255245,Consumer Discretionary,Package Goods/Cosmetics
OM,Outset Medical Inc. Common Stock,$4.61,0.21,4.773%,84416596.00,United States,2020,217664,Health Care,Biotechnology: Electromedical & Electrotherapeutic Apparatus
OMAB,Grupo Aeroportuario del Centro Norte S.A.B. de C.V. ADS,$116.49,1.93,1.685%,5623109525.00,Mexico,2006,99307,Consumer Discretionary,Aerospace
OMC,Omnicom Group Inc. Common Stock,$78.67,-0.09,-0.114%,22420082742.00,United States,,4143259,Consumer Discretionary,Advertising
OMCL,Omnicell Inc. Common Stock ($0.001 par value),$38.28,0.68,1.809%,1740871006.00,United States,2001,371129,Technology,Computer Manufacturing
OMDA,Omada Health Inc. Common Stock,$14.14,0.77,5.759%,833205707.00,United States,2025,1217741,Health Care,Medical/Nursing Services
OMER,Omeros Corporation Common Stock,$13.44,0.90,7.177%,967628538.00,United States,2009,1949980,Health Care,Biotechnology: Pharmaceutical Preparations
OMEX,Odyssey Marine Exploration Inc. Common Stock,$1.06,-0.05,-4.505%,61718990.00,United States,,1355678,Consumer Discretionary,Marine Transportation
OMF,OneMain Holdings Inc. Common Stock,$59.26,1.61,2.793%,6942431313.00,United States,2013,754467,Finance,Finance: Consumer Services
OMH,Ohmyhome Limited Class A Ordinary Shares,$1.06,-0.01,-0.935%,25005726.00,Singapore,2023,15144,Finance,Real Estate
OMSE,OMS Energy Technologies Inc. Ordinary Shares,$4.55,0.07,1.563%,193141603.00,Singapore,2025,11579,Consumer Discretionary,Oil and Gas Field Machinery
ON,ON Semiconductor Corporation Common Stock,$83.01,3.08,3.853%,32650100667.00,United States,,15736720,Technology,Semiconductors
ONB,Old National Bancorp Common Stock,$23.96,0.67,2.877%,9256111857.00,United States,,5283356,Finance,Major Banks
ONBPO,Old National Bancorp Depositary Shares Each Representing a 1/40th Interest in a Share of Series C Preferred Stock,$25.03,0.0266,0.106%,9669469106.00,United States,,4633,Finance,Major Banks
ONBPP,Old National Bancorp Depositary Shares Each Representing a 1/40th Interest in a Share of Series A Preferred Stock,$25.05,-0.005,-0.02%,9677195409.00,United States,,2011,Finance,Major Banks
ONC,BeOne Medicines Ltd. American Depositary Shares,$323.87,3.17,0.988%,35931129490.00,Cayman Islands,2016,207224,Health Care,Biotechnology: Pharmaceutical Preparations
ONCH,1RT Acquisition Corp. Class A Ordinary Share,$10.18,0.01,0.098%,0.00,United States,2025,4602,,
ONCHU,1RT Acquisition Corp. Units,$10.28,0.01,0.097%,0.00,United States,2025,1729,,
ONCHW,1RT Acquisition Corp. Warrant,$0.46,0.00,0.00%,0.00,United States,2025,129,Finance,Blank Checks
ONCO,Onconetix Inc. Common Stock,$0.74,-0.02,-2.632%,512766.00,United States,2022,1746342,Health Care,Biotechnology: Pharmaceutical Preparations
ONCY,Oncolytics Biotech Inc. Common Stock,$1.12,0.06,5.66%,120983824.00,Canada,,1048479,Health Care,Biotechnology: Pharmaceutical Preparations
ONDS,Ondas Inc. Common Stock,$10.00,-0.20,-1.961%,4818833900.00,United States,,58392405,Technology,Radio And Television Broadcasting And Communications Equipment
ONEG,OneConstruction Group Limited Ordinary Shares,$4.02,-0.12,-2.899%,64320000.00,Hong Kong,2024,208956,Consumer Discretionary,Homebuilding
ONEW,OneWater Marine Inc. Class A Common Stock,$11.15,1.41,14.476%,185239901.00,United States,2020,301879,Consumer Discretionary,Auto & Home Supply Stores
ONFO,Onfolio Holdings Inc. Common Stock,$1.25,-0.25,-16.667%,7329018.00,United States,2022,8144000,Technology,EDP Services
ONFOW,Onfolio Holdings Inc. Warrant,$0.0968,-0.0232,-19.333%,567559.00,United States,2022,126504,Technology,EDP Services
ONIT,Onity Group Inc. Common Stock,$45.83,2.14,4.898%,389798357.00,United States,,76206,Finance,Finance: Consumer Services
ONL,Orion Properties Inc. Common Stock,$2.51,-0.04,-1.569%,142643471.00,United States,2021,394938,Real Estate,Real Estate Investment Trusts
ONMD,OneMedNet Corp Class A Common Stock,$0.8991,0.0124,1.398%,46930079.00,United Kingdom,2021,326510,Health Care,Biotechnology: Commercial Physical & Biological Resarch
ONMDW,OneMedNet Corp Warrant,$0.0378,0.00,0.00%,1973036.00,United Kingdom,2021,900,Health Care,Biotechnology: Commercial Physical & Biological Resarch
ONON,On Holding AG Class A Ordinary Shares,$36.95,1.53,4.32%,23578350469.00,,2021,5795359,Consumer Discretionary,Shoe Manufacturing
ONTO,Onto Innovation Inc. Common Stock,$290.76,23.61,8.838%,14463439541.00,United States,,1231616,Industrials,Industrial Machinery/Components
OOMA,Ooma Inc. Common Stock,$15.71,0.76,5.084%,432179084.00,United States,2015,384890,Technology,EDP Services
OPAD,Offerpad Solutions Inc. Class A Common Stock,$0.8435,-0.0265,-3.046%,39886413.00,United States,2020,1456372,Finance,Real Estate
OPAL,OPAL Fuels Inc. Class A Common Stock,$2.56,0.06,2.40%,443904402.00,United States,2021,142204,Utilities,Natural Gas Distribution
OPBK,OP Bancorp Common Stock,$14.26,0.04,0.281%,212341411.00,United States,2018,65762,Finance,Major Banks
OPCH,Option Care Health Inc. Common Stock,$28.82,0.49,1.73%,4524325280.00,United States,,1221717,Health Care,Medical/Nursing Services
OPEN,Opendoor Technologies Inc Common Stock,$5.29,0.02,0.38%,5069541794.00,United States,,43325076,Finance,Real Estate
OPENL,Opendoor Technologies Inc  Series A Warrants each whole warrant exercisable to purchase one share of Common Stock at an exercise price of $13.00 per warrant,$0.382,0.0318,9.081%,366080334.00,United States,,334485,Finance,Real Estate
OPENW,Opendoor Technologies Inc  Series K Warrants each whole warrant exercisable to purchase one share of Common Stock at an exercise price of $9.00 per warrant,$0.6956,0.0376,5.714%,666611205.00,United States,,416517,Finance,Real Estate
OPENZ,Opendoor Technologies Inc  Series Z Warrants each whole warrant exercisable to purchase one share of Common Stock at an exercise price of $17.00 per warrant,$0.3407,0.0199,6.203%,326501491.00,United States,,392529,Finance,Real Estate
OPFI,OppFi Inc. Class A Common Stock,$8.86,0.29,3.384%,754206180.00,United States,2020,466781,Finance,Finance: Consumer Services
OPHC,OptimumBank Holdings Inc. Common Stock,$5.43,0.00,0.00%,66063753.00,United States,,40934,Finance,Major Banks
OPK,OPKO Health Inc. Common Stock,$1.24,0.03,2.479%,941243397.00,United States,,1604284,Health Care,Biotechnology: Pharmaceutical Preparations
OPLN,OPENLANE Inc. Common Stock,$31.63,0.92,2.996%,3362181353.00,United States,,507330,Consumer Discretionary,Retail-Auto Dealers and Gas Stations
OPP,RiverNorth/DoubleLine Strategic Opportunity Fund Inc. Common Stock,$7.86,0.01,0.127%,0.00,United States,2016,121013,Finance,Finance/Investors Services
OPP^A,RiverNorth/DoubleLine Strategic Opportunity Fund Inc. 4.375% Series A Cumulative Preferred Stock,$16.82,0.02,0.119%,,United States,,10148,,
OPP^B,RiverNorth/DoubleLine Strategic Opportunity Fund Inc. 4.75% Series B Cumulative Preferred Stock,$18.5205,0.0705,0.382%,,United States,,2420,,
OPP^C,RiverNorth/DoubleLine Strategic Opportunity Fund Inc. 6.00% Series C Term Preferred Stock (Liquidation Preference $10.00 per share),$10.18,0.00,0.00%,,United States,,500,,
OPRA,Opera Limited American Depositary Shares,$17.12,0.11,0.647%,1538754383.00,Norway,2018,786578,Technology,Computer Software: Prepackaged Software
OPRT,Oportun Financial Corporation Common Stock,$5.88,0.54,10.112%,261661576.00,United States,2019,838324,Finance,Finance: Consumer Services
OPRX,OptimizeRx Corporation Common Stock,$7.17,0.53,7.982%,134524996.00,United States,,519776,Real Estate,Real Estate
OPTT,Ocean Power Technologies Inc. Common Stock,$0.3831,0.0066,1.753%,34010172.00,United States,2007,4216197,Utilities,Electric Utilities: Central
OPTU,Optimum Communications Inc. Class A common stock,$1.67,0.14,9.15%,785668532.00,United States,2017,5930307,Telecommunications,Cable & Other Pay Television Services
OPTX,Syntec Optics Holdings Inc. Class A Common Stock,$9.10,-1.95,-17.647%,336646892.00,United States,2022,2299521,Technology,Electronic Components
OPTXW,Syntec Optics Holdings Inc. Warrant,$1.40,-0.32,-18.605%,51791830.00,United States,2022,258352,Technology,Electronic Components
OPXS,Optex Systems Holdings Inc. Common Stock,$11.48,-0.02,-0.174%,79640870.00,United States,,18405,Technology,Electronic Components
OPY,Oppenheimer Holdings Inc. Class A Common Stock (DE),$114.00,1.36,1.207%,1220627070.00,United States,,79778,Finance,Investment Bankers/Brokers/Service
OR,OR Royalties Inc. Common Shares,$42.62,1.75,4.282%,8014691000.00,Canada,2016,1155841,Basic Materials,Precious Metals
ORA,Ormat Technologies Inc. Common Stock,$113.04,0.52,0.462%,6877965259.00,United States,2004,2588643,Utilities,Electric Utilities: Central
ORBS,Eightco Holdings Inc. Common Stock,$1.06,-0.18,-14.516%,398321801.00,United States,,39528076,,
ORC,Orchid Island Capital Inc. Common Stock,$7.04,0.24,3.529%,1342481480.00,United States,2013,9049819,Real Estate,Real Estate Investment Trusts
ORCL,Oracle Corporation Common Stock,$175.06,-3.28,-1.839%,503480612760.00,United States,1986,45056043,Technology,Computer Software: Prepackaged Software
ORCL^D,Oracle Corporation Depositary Shares each representing a 1/2000th interest in a sh of 6.50% Series D Mandatory Convertible Preferred Stock,$51.96,-1.26,-2.368%,,United States,,3885464,,
ORGN,Origin Materials Inc. Common Stock,$2.09,-0.11,-5.00%,11338327.00,United States,2020,89434,Industrials,Major Chemicals
ORGNW,Origin Materials Inc. Warrants,$0.0015,-0.0003,-16.667%,8138.00,United States,2020,66830,Industrials,Major Chemicals
ORGO,Organogenesis Holdings Inc. Class A Common Stock,$2.50,-0.05,-1.961%,321601678.00,United States,2016,1454126,Health Care,Biotechnology: Pharmaceutical Preparations
ORI,Old Republic International Corporation Common Stock,$42.56,0.98,2.357%,10365781238.00,United States,,1249441,Finance,Property-Casualty Insurers
ORIC,Oric Pharmaceuticals Inc. Common Stock,$10.75,0.52,5.083%,1078851102.00,United States,2020,1748343,Health Care,Biotechnology: Pharmaceutical Preparations
ORIO,Orion Digital Corp. Common Shares,$1.085,0.045,4.327%,25978752.00,Canada,,28928,Finance,Finance: Consumer Services
ORIQW,Origin Investment Corp I Warrant.,$0.1998,0.1092,120.53%,0.00,Singapore,2025,9459,Finance,Blank Checks
ORIS,Oriental Rise Holdings Limited Ordinary Shares,$0.6179,0.0279,4.729%,3124606.00,China,2024,78978,Consumer Staples,Farming/Seeds/Milling
ORKA,Oruka Therapeutics Inc. Common Stock,$68.92,1.85,2.758%,3414482264.00,United States,,1379616,Health Care,Biotechnology: In Vitro & In Vivo Diagnostic Substances
ORKT,Orangekloud Technology Inc. Class A Ordinary Shares,$1.09,0.03,2.83%,6365328.00,Singapore,2024,108356,Technology,Computer Software: Prepackaged Software
ORLA,Orla Mining Ltd. Common Shares,$16.43,0.34,2.113%,5677777501.00,,2020,3058369,Basic Materials,Precious Metals
ORLY,O'Reilly Automotive Inc. Common Stock,$93.71,1.00,1.079%,78407107521.00,United States,1993,5425201,Consumer Discretionary,Auto & Home Supply Stores
ORMP,Oramed Pharmaceuticals Inc. Common Stock,$3.88,0.02,0.518%,156931175.00,Israel,,87748,Health Care,Biotechnology: Pharmaceutical Preparations
ORN,Orion Group Holdings Inc. Common,$11.97,0.46,3.997%,481201362.00,United States,,219481,Industrials,Military/Government/Technical
ORRF,Orrstown Financial Services Inc. Common Stock,$39.16,1.12,2.944%,768311290.00,United States,,90552,Finance,Major Banks
OSBC,Old Second Bancorp Inc. Common Stock,$21.93,0.36,1.669%,1135523821.00,United States,,511435,Finance,Major Banks
OSCR,Oscar Health Inc. Class A Common Stock,$15.79,0.16,1.024%,4701440920.00,United States,2021,4925488,Health Care,Medical Specialities
OSG,Octave Specialty Group Inc. Common Stock,$4.85,-0.01,-0.206%,218315921.00,United States,,731667,Finance,Property-Casualty Insurers
OSIS,OSI Systems Inc. Common Stock (DE),$309.68,8.60,2.856%,5101218974.00,United States,1997,190959,Technology,Semiconductors
OSK,Oshkosh Corporation (Holding Company)Common Stock,$147.87,4.09,2.845%,9263934394.00,United States,,774679,Industrials,Auto Manufacturing
OSPN,OneSpan Inc. Common Stock,$11.49,0.16,1.412%,430495221.00,United States,,665992,Technology,EDP Services
OSRH,OSR Holdings Inc. Common Stock,$0.57,0.019,3.448%,18881110.00,United States,2023,546785,Health Care,Medical/Dental Instruments
OSRHW,OSR Holdings Inc. Warrant,$0.0423,0.0073,20.857%,1401177.00,United States,2023,29568,Health Care,Medical/Dental Instruments
OSS,One Stop Systems Inc. Common Stock,$9.92,0.16,1.639%,245708649.00,United States,2018,1493053,Technology,Computer Manufacturing
OSTX,OS Therapies Incorporated Common Stock,$1.39,-0.01,-0.714%,54951186.00,,2024,768625,Health Care,Biotechnology: Pharmaceutical Preparations
OSUR,OraSure Technologies Inc. Common Stock,$3.16,-0.05,-1.558%,218438707.00,United States,,305987,Health Care,Medical/Dental Instruments
OSW,OneSpaWorld Holdings Limited Common Shares,$24.70,0.62,2.575%,2505846567.00,Bahamas,,1209827,Consumer Discretionary,Hotels/Resorts
OTEX,Open Text Corporation Common Shares,$23.47,0.25,1.077%,5881647176.00,Canada,1996,1244125,Technology,EDP Services
OTF,Blue Owl Technology Finance Corp. Common Stock,$12.16,0.09,0.746%,5614560107.00,United States,2025,1247992,,
OTGA,OTG Acquisition Corp. I Class A Ordinary Share ,$10.09,0.00,0.00%,0.00,United States,2025,20952,Finance,Blank Checks
OTGAU,OTG Acquisition Corp. I Unit,$10.24,0.02,0.196%,0.00,United States,2025,2903,Finance,Blank Checks
OTGAW,OTG Acquisition Corp. I Warrants,$0.28,-0.02,-6.667%,0.00,United States,2025,10880,Finance,Blank Checks
OTH,Off The Hook YS Inc. Common Stock,$3.10,0.07,2.31%,75392000.00,,2025,108855,Industrials,Marine Transportation
OTIS,Otis Worldwide Corporation Common Stock ,$81.43,0.74,0.917%,31653532545.00,United States,2020,3520007,Technology,Consumer Electronics/Appliances
OTLK,Outlook Therapeutics Inc. Common Stock,$0.3092,0.0388,14.349%,26162717.00,United States,2016,4655584,Health Care,Biotechnology: Biological Products (No Diagnostic Substances)
OTLY,Oatly Group AB American Depositary Shares,$13.52,0.67,5.214%,422162000.00,Sweden,2021,230449,Consumer Staples,Packaged Foods
OTTR,Otter Tail Corporation Common Stock,$88.16,0.68,0.777%,3698622764.00,United States,,448918,Utilities,Electric Utilities: Central
OUST,Ouster Inc. Common Stock,$24.26,0.09,0.372%,1523624822.00,United States,,1628628,Industrials,Industrial Machinery/Components
OUT,OUTFRONT Media Inc. Common Stock,$30.01,0.49,1.66%,5283265572.00,United States,2014,1163113,Real Estate,Real Estate Investment Trusts
OVBC,Ohio Valley Banc Corp. Common Stock,$46.61,1.10,2.417%,219579757.00,United States,,14946,Finance,Major Banks
OVID,Ovid Therapeutics Inc. Common Stock,$2.91,0.11,3.929%,383755185.00,United States,2017,2380201,Health Care,Biotechnology: Pharmaceutical Preparations
OVLY,Oak Valley Bancorp (CA) Common Stock,$35.06,0.70,2.037%,294975837.00,United States,,55910,Finance,Major Banks
OVV,Ovintiv Inc. (DE),$52.81,-2.91,-5.223%,14962945801.00,Canada,,3814341,Energy,Oil & Gas Production
OWL,Blue Owl Capital Inc. Class A Common Stock,$9.85,0.20,2.073%,15312510471.00,United States,2020,33884351,Finance,Investment Managers
OWLS,OBOOK Holdings Inc. Class A Common Shares,$5.29,-0.38,-6.702%,467517880.00,Taiwan,,97410,Technology,Computer Software: Prepackaged Software
OWLT,Owlet Inc. Class A Common Stock,$5.81,0.33,6.022%,163612319.00,United States,2020,196868,Industrials,Industrial Machinery/Components
OXBR,Oxbridge Re Holdings Limited Ordinary Shares,$0.774,0.0225,2.994%,6038263.00,Cayman Islands,2014,37017,Finance,Property-Casualty Insurers
OXBRW,Oxbridge Re Holdings Limited Warrant expiring 3/26/2029,$0.1197,0.0195,19.461%,933824.00,Cayman Islands,2014,900,Finance,Property-Casualty Insurers
OXLC,Oxford Lane Capital Corp. Common Stock,$10.00,-0.02,-0.20%,1736000000.00,United States,2011,857043,Finance,Investment Managers
OXLCG,Oxford Lane Capital Corp. 7.95% Notes due 2032,$24.94,0.0999,0.402%,0.00,United States,,1988,Finance,Investment Managers
OXLCI,Oxford Lane Capital Corp. 8.75% Notes due 2030,$25.47,0.01,0.039%,0.00,United States,,6914,,
OXLCL,Oxford Lane Capital Corp. 6.75% Notes due 2031,$23.95,-0.0999,-0.415%,4157720000.00,United States,,5846,Finance,Finance Companies
OXLCM,Oxford Lane Capital Corp. Preferred Stock Shares 8.25% Series 2031,$24.76,-0.02,-0.081%,4298336000.00,United States,,8395,Finance,Investment Managers
OXLCN,Oxford Lane Capital Corp. 7.125% Series 2029 Term Preferred Stock,$24.42,-0.01,-0.041%,4239312000.00,United States,,1076,Finance,Investment Managers
OXLCO,Oxford Lane Capital Corp. Preferred Stock Shares 6.00% Series 2029,$23.50,-0.295,-1.24%,4079600000.00,United States,,593,Finance,Investment Managers
OXLCP,Oxford Lane Capital Corp. 6.25% Series 2027 Term Preferred Shares,$24.90,0.00,0.00%,4322640000.00,United States,,11595,Finance,Investment Managers
OXLCZ,Oxford Lane Capital Corp. 5.00% Notes due 2027,$24.655,0.015,0.061%,4280108000.00,United States,,3471,Finance,Finance Companies
OXM,Oxford Industries Inc. Common Stock,$44.89,-0.20,-0.444%,668297810.00,United States,,356658,Industrials,Garments and Clothing
OXSQ,Oxford Square Capital Corp. Common Stock,$1.90,0.03,1.604%,166270381.00,United States,2003,1366142,Finance,Blank Checks
OXSQG,Oxford Square Capital Corp. 5.50% Notes due 2028,$23.80,0.0201,0.085%,1517437068.00,United States,,2572,Consumer Discretionary,Other Consumer Services
OXSQH,Oxford Square Capital Corp. 7.75% Notes due 2030,$24.73,-0.09,-0.363%,0.00,United States,,7876,Finance,Blank Checks
OXY,Occidental Petroleum Corporation Common Stock,$53.79,-3.08,-5.416%,53343283786.00,United States,,24152142,Energy,Oil & Gas Production
OYSE,Oyster Enterprises II Acquisition Corp Class A Ordinary Shares,$10.21,0.00,0.00%,0.00,United States,2025,310,Finance,Blank Checks
OYSER,Oyster Enterprises II Acquisition Corp Rights,$0.15,0.00,0.00%,0.00,United States,2025,1,Finance,Blank Checks
OZ,Belpointe PREP LLC Class A Units,$50.71,0.16,0.317%,202646491.00,,,3619,Real Estate,Real Estate Investment Trusts
OZK,Bank OZK Common Stock,$48.73,0.94,1.967%,5513123712.00,United States,,1441706,Finance,Major Banks
OZKAP,Bank OZK 4.625% Series A Non-Cumulative Perpetual Preferred Stock,$16.70,0.07,0.421%,1889373404.00,United States,,18699,Finance,Major Banks
P,Everpure Inc.,$66.97,-0.83,-1.224%,22130968482.00,United States,2015,2030093,,
PAA,Plains All American Pipeline L.P. Common Units representing Limited Partner Interests,$21.02,-0.50,-2.323%,16058094283.00,United States,1998,4336167,Energy,Natural Gas Distribution
PAAC,Proem Acquisition Corp I Ordinary Shares,$9.851,-0.019,-0.193%,142514417.00,United States,2026,231,,
PAACU,Proem Acquisition Corp I Units,$9.99,0.00,0.00%,0.00,United States,2026,232,Finance,Blank Checks
PAACW,Proem Acquisition Corp I Warrants,$0.30,-0.01,-3.226%,0.00,United States,2026,18166,Finance,Blank Checks
PAAS,Pan American Silver Corp. Common Stock,$59.06,2.55,4.512%,24916451027.00,Canada,,6289748,Basic Materials,Precious Metals
PAC,Grupo Aeroportuario Del Pacifico S.A. B. de C.V. Grupo Aeroportuario Del Pacifico S.A. de C.V. (each representing 10 Series B shares),$251.20,5.22,2.122%,12692569795.00,Mexico,2006,176490,Consumer Discretionary,Aerospace
PACB,Pacific Biosciences of California Inc. Common Stock,$1.69,0.06,3.681%,510377113.00,United States,2010,8525893,Industrials,Biotechnology: Laboratory Analytical Instruments
PACH,Pioneer Acquisition I Corp Class A Ordinary Shares,$10.175,0.00,0.00%,0.00,United States,2025,1000,,
PACHU,Pioneer Acquisition I Corp Units,$10.23,0.00,0.00%,0.00,United States,2025,40,,
PACHW,Pioneer Acquisition I Corp Warrants,$0.22,0.008,3.774%,0.00,United States,2025,9546,,
PACK,Ranpak Holdings Corp Class A Common Stock,$4.12,0.30,7.853%,352380873.00,United States,2018,541226,Consumer Discretionary,Containers/Packaging
PACS,PACS Group Inc. Common Stock,$35.20,0.87,2.534%,5532209021.00,United States,2024,849944,Health Care,Hospital/Nursing Management
PAG,Penske Automotive Group Inc. Common Stock,$161.32,5.30,3.397%,10606669817.00,United States,,336812,Consumer Discretionary,Retail-Auto Dealers and Gas Stations
PAGP,Plains GP Holdings L.P. Class A Units representing Limited Partner Interests,$22.69,-0.63,-2.702%,4490444574.00,United States,,2990158,Energy,Natural Gas Distribution
PAGS,PagSeguro Digital Ltd. Class A Common Shares,$11.26,-0.32,-2.763%,3711390854.00,Cayman Islands,2018,3418949,Technology,EDP Services
PAHC,Phibro Animal Health Corporation Class A Common Stock,$57.07,3.19,5.921%,2313316242.00,United States,2014,175576,Health Care,Biotechnology: Pharmaceutical Preparations
PAI,Western Asset Investment Grade Income Fund Inc.,$12.28,0.035,0.286%,0.00,United States,,7191,Finance,Trusts Except Educational Religious and Charitable
PAII,Pyrophyte Acquisition Corp. II Class A Ordinary Shares,$10.13,0.01,0.099%,0.00,,2025,52535,,
PAL,Proficient Auto Logistics Inc. Common Stock,$7.37,0.54,7.906%,204946368.00,United States,2024,1296226,Consumer Discretionary,Transportation Services
PALI,Palisade Bio Inc. Common Stock,$2.40,0.07,3.004%,398123561.00,United States,,3537367,Health Care,Biotechnology: Biological Products (No Diagnostic Substances)
PALO,Paloma Acquisition Corp I Class A Ordinary Shares,$9.90,0.01,0.101%,0.00,United States,2026,5488,Finance,Blank Checks
PALOU,Paloma Acquisition Corp I Units,$10.10,0.00,0.00%,0.00,United States,2026,30247,Finance,Blank Checks
PALOW,Paloma Acquisition Corp I Warrants,$0.34,0.00,0.00%,0.00,United States,2026,15101,Finance,Blank Checks
PAM,Pampa Energia S.A.,$80.81,-1.74,-2.108%,4407443260.00,Argentina,,343569,Utilities,Electric Utilities: Central
PAMT,PAMT CORP Common Stock,$9.785,0.335,3.545%,204941032.00,United States,,6474,Industrials,Trucking Freight/Courier Services
PANL,Pangaea Logistics Solutions Ltd. Common Shares,$7.90,0.14,1.804%,516017311.00,United States,2013,404561,Consumer Discretionary,Marine Transportation
PANW,Palo Alto Networks Inc. Common Stock,$167.85,0.88,0.527%,136965600000.00,United States,,7032111,Technology,Computer peripheral equipment
PAPL,Pineapple Financial Inc. Common Stock,$0.592,0.0033,0.561%,15444481.00,,,146719,Finance,Finance: Consumer Services
PAR,PAR Technology Corporation Common Stock,$14.18,0.58,4.265%,584858028.00,United States,,1504558,Miscellaneous,Office Equipment/Supplies/Services
PARK,Park Dental Partners Inc. Common Stock,$18.00,-0.02,-0.111%,81270972.00,United States,2025,14212,Health Care,Misc Health and Biotechnology Services
PARR,Par Pacific Holdings Inc.  Common Stock,$57.33,-6.38,-10.014%,2836158900.00,United States,,2820019,Energy,Oil & Gas Production
PASG,Passage Bio Inc. Common Stock,$11.67,-0.01,-0.086%,37435143.00,United States,2020,20376,Health Care,Biotechnology: Biological Products (No Diagnostic Substances)
PASW,Ping An Biomedical Co. Ltd. Ordinary Shares,$0.1663,0.0003,0.181%,20712665.00,Hong Kong,1999,282317,Consumer Discretionary,Apparel
PATH,UiPath Inc. Class A Common Stock,$10.41,-0.20,-1.885%,5454026688.00,United States,2021,23785821,Technology,Computer Software: Prepackaged Software
PATK,Patrick Industries Inc. Common Stock,$106.93,4.03,3.916%,3540579867.00,United States,,756596,Consumer Discretionary,Auto Parts:O.E.M.
PAVM,PAVmed Inc. Common Stock,$9.12,0.01,0.11%,58213772.00,United States,2016,6347,Health Care,Medical/Dental Instruments
PAVS,Paranovus Entertainment Technology Ltd. Class A Ordinary Shares,$1.65,-0.02,-1.198%,906599.00,China,2019,120004,Health Care, Medicinal Chemicals and Botanical Products 
PAX,Patria Investments Limited Class A Common Shares,$13.35,0.25,1.908%,2128905169.00,Cayman Islands,2021,912514,Finance,Investment Managers
PAXS,PIMCO Access Income Fund Common Shares of Beneficial Interest,$14.78,0.16,1.094%,0.00,United States,2022,180151,Finance,Investment Managers
PAY,Paymentus Holdings Inc. Class A Common Stock,$28.59,0.61,2.18%,3594208747.00,United States,2021,434000,Real Estate,Real Estate
PAYC,Paycom Software Inc. Common Stock,$126.93,1.40,1.115%,6050261754.00,United States,2014,986798,Technology,Computer Software: Prepackaged Software
PAYO,Payoneer Global Inc. Common Stock,$5.27,0.10,1.934%,1816953536.00,United States,,2134144,Real Estate,Real Estate
PAYP,PayPay Corporation American Depository Shares,$21.60,0.75,3.597%,13771537920.00,Japan,2026,937730,Real Estate,Real Estate
PAYS,Paysign Inc. Common Stock,$6.29,0.45,7.705%,347116128.00,United States,,925660,Technology,EDP Services
PAYX,Paychex Inc. Common Stock,$91.96,-0.17,-0.185%,32948429417.00,United States,1983,3215997,Industrials,Diversified Commercial Services
PB,Prosperity Bancshares Inc. Common Stock,$70.05,0.93,1.345%,7109305991.00,United States,,819956,Finance,Major Banks
PBA,Pembina Pipeline Corp. Ordinary Shares (Canada),$42.48,-0.76,-1.758%,24693817666.00,Canada,,1382279,Energy,Oil & Gas Production
PBF,PBF Energy Inc. Class A Common Stock,$37.16,-5.47,-12.831%,4364579083.00,United States,2012,6064211,Energy,Integrated oil Companies
PBFS,Pioneer Bancorp Inc. Common Stock,$14.38,0.28,1.986%,360604398.00,United States,2019,9662,Finance,Banks
PBH,Prestige Consumer Healthcare Inc. Common Stock,$58.13,1.08,1.893%,2750637775.00,United States,2005,331861,Health Care,Biotechnology: Pharmaceutical Preparations
PBHC,Pathfinder Bancorp Inc. Common Stock (MD),$13.57,0.10,0.742%,84900651.00,United States,,144,Finance,Major Banks
PBI,Pitney Bowes Inc. Common Stock,$12.84,0.67,5.505%,1843030231.00,United States,,4908000,Miscellaneous,Office Equipment/Supplies/Services
PBI^B,Pitney Bowes Inc 6.70% Notes Due 2043,$20.18,0.08,0.398%,,United States,,9357,,
PBM,Psyence Biomedical Ltd. Common Shares,$7.60,1.73,29.472%,7768545.00,Canada,,50135442,Health Care,Biotechnology: Pharmaceutical Preparations
PBMWW,Psyence Biomedical Ltd. Warrant,$0.0344,-0.0026,-7.027%,35163.00,Canada,,562136,Health Care,Biotechnology: Pharmaceutical Preparations
PBR,Petroleo Brasileiro S.A. Petrobras ADS,$20.45,-1.05,-4.884%,131787292491.00,Brazil,,42444854,Energy,Oil & Gas Production
PBT,Permian Basin Royalty Trust Common Stock,$21.41,-0.84,-3.775%,997894322.00,United States,,110849,Energy,Oil & Gas Production
PBYI,Puma Biotechnology Inc Common Stock,$7.47,0.23,3.177%,380047358.00,United States,,264754,Health Care,Biotechnology: Pharmaceutical Preparations
PCAP,ProCap Acquisition Corp Class A Ordinary Shares,$10.23,0.00,0.00%,0.00,United States,2025,215185,Finance,Blank Checks
PCAPU,ProCap Acquisition Corp Unit,$10.28,0.03,0.293%,0.00,United States,2025,154,,
PCAPW,ProCap Acquisition Corp Warrant,$0.3187,0.0187,6.233%,0.00,United States,2025,336,Finance,Blank Checks
PCAR,PACCAR Inc. Common Stock,$126.25,1.88,1.512%,66440699331.00,United States,,3076903,Consumer Discretionary,Motor Vehicles
PCB,PCB Bancorp Common Stock,$24.23,0.25,1.043%,344827379.00,United States,2018,91295,Finance,Major Banks
PCF,High Income Securities Fund Common Stock,$5.72,0.02,0.351%,0.00,United States,,68780,Finance,Trusts Except Educational Religious and Charitable
PCG,Pacific Gas & Electric Co. Common Stock,$17.26,-0.11,-0.633%,45072188655.00,United States,,22132377,Utilities,Power Generation
PCG^A,Pacific Gas & Electric Co. 6% Preferred Stock,$22.71,0.00,0.00%,,United States,,7100,,
PCG^B,Pacific Gas & Electric Co. 5 1/2% Preferred Stock,$21.39,0.09,0.423%,,United States,,5217,,
PCG^C,Pacific Gas & Electric Co. 5% 1st Preferred Stock,$18.825,0.00,0.00%,,United States,,16,,
PCG^D,Pacific Gas & Electric Co. 5% 1st  Red. Preferred Stock,$18.52,-0.01,-0.054%,,United States,,344,,
PCG^E,Pacific Gas & Electric Co. 5% 1st A Preferred Stock,$18.40,0.00,0.00%,,United States,,69,,
PCG^G,Pacific Gas & Electric Co. 4.80% 1st Preferred Stock,$18.905,0.00,0.00%,,United States,,62,,
PCG^H,Pacific Gas & Electric Co. 4.50% 1st Preferred Stock,$16.90,-0.13,-0.763%,,United States,,3008,,
PCG^I,Pacific Gas & Electric Co. 4.36% 1st Preferred Stock,$17.20,0.00,0.00%,,United States,,3,,
PCG^X,PG&E Corp 6.000% Series A Mandatory Convertible Preferred Stock,$42.82,-0.15,-0.349%,,United States,,77095,,
PCLA,PicoCELA Inc. American Depositary Shares,$2.22,-0.12,-5.128%,9221447.00,Japan,2025,4559,Consumer Discretionary,Building Products
PCM,PCM Fund Inc. Common Stock,$5.7692,0.0342,0.596%,0.00,United States,1993,35700,Finance,Trusts Except Educational Religious and Charitable
PCN,Pimco Corporate & Income Strategy Fund Common Stock,$12.04,0.00,0.00%,0.00,United States,2001,503875,Finance,Investment Managers
PCOR,Procore Technologies Inc. Common Stock,$55.44,1.79,3.336%,8321570722.00,United States,2021,1905981,Technology,Computer Software: Prepackaged Software
PCQ,PIMCO California Municipal Income Fund Common Stock,$8.78,0.07,0.804%,0.00,United States,2001,246888,Finance,Investment Managers
PCRX,Pacira BioSciences Inc. Common Stock,$24.72,0.86,3.604%,1000910180.00,United States,2011,471482,Health Care,Biotechnology: Pharmaceutical Preparations
PCSA,Processa Pharmaceuticals Inc. Common Stock,$3.10,-0.08,-2.516%,8246121.00,United States,,94783,Health Care,Biotechnology: Pharmaceutical Preparations
PCSC,Perceptive Capital Solutions Corp Class A Ordinary Shares,$11.20,0.15,1.357%,0.00,United States,2024,137564,,
PCT,PureCycle Technologies Inc. Common stock,$6.77,-0.05,-0.733%,1223510173.00,United States,,4247601,Industrials,Major Chemicals
PCTTU,PureCycle Technologies Inc. Unit,$6.20,0.00,0.00%,1120496761.00,United States,,36,Industrials,Major Chemicals
PCTTW,PureCycle Technologies Inc. Warrant,$1.12,0.01,0.901%,202412318.00,United States,,7451,Industrials,Major Chemicals
PCTY,Paylocity Holding Corporation Common Stock,$100.78,0.12,0.119%,5429693020.00,United States,2014,708009,Technology,Computer Software: Prepackaged Software
PCVX,Vaxcyte Inc. Common Stock,$62.35,0.15,0.241%,8973434508.00,United States,2020,1151589,Health Care,Biotechnology: Pharmaceutical Preparations
PCYO,Pure Cycle Corporation Common Stock,$11.46,0.38,3.43%,276230786.00,United States,,51683,Utilities,Water Supply
PD,PagerDuty Inc. Common Stock,$6.32,-0.09,-1.404%,537070326.00,United States,2019,2079515,Technology,Computer Software: Prepackaged Software
PDC,Perpetuals.com Ltd American Depositary Shares,$6.97,0.27,4.03%,21262473.00,Japan,2023,207404,Technology,EDP Services
PDCC,Pearl Diver Credit Company Inc. Common Stock,$10.72,-0.03,-0.279%,0.00,,2024,17197,,
PDD,PDD Holdings Inc. American Depositary Shares,$104.79,1.08,1.041%,148764752753.00,China,2018,11138755,Technology,EDP Services
PDEX,Pro-Dex Inc. Common Stock,$53.40,0.80,1.521%,171199599.00,United States,,30435,Health Care,Medical/Dental Instruments
PDFS,PDF Solutions Inc. Common Stock,$43.97,2.15,5.141%,1753994475.00,United States,2001,530354,Technology,Computer Software: Prepackaged Software
PDI,PIMCO Dynamic Income Fund Common Stock,$17.39,0.10,0.578%,4227335100.00,United States,2012,2505333,Finance,Trusts Except Educational Religious and Charitable
PDLB,Ponce Financial Group Inc. Common Stock,$17.95,0.44,2.513%,433615116.00,United States,2017,76770,Finance,Savings Institutions
PDM,Piedmont Realty Trust Inc. Class A Common Stock,$7.78,0.12,1.567%,972647843.00,United States,,1388721,Real Estate,Building operators
PDO,PIMCO Dynamic Income Opportunities Fund Common Shares of Beneficial Interest,$13.38,0.07,0.526%,1968363283.00,United States,2021,620010,Finance,Trusts Except Educational Religious and Charitable
PDPA,Pearl Diver Credit Company Inc. 8.00% Series A Preferred Stock Due 2029,$25.1996,-0.0104,-0.041%,0.00,,,1474,,
PDS,Precision Drilling Corporation Common Stock,$83.59,-5.14,-5.793%,1081019232.00,Canada,,186528,Energy,Oil & Gas Production
PDSB,PDS Biotechnology Corporation Common Stock,$1.31,0.03,2.344%,73118505.00,United States,2015,727806,Health Care,Biotechnology: Pharmaceutical Preparations
PDT,John Hancock Premium Dividend Fund,$13.20,0.01,0.076%,0.00,United States,,155191,Finance,Finance Companies
PDX,PIMCO Dynamic Income Strategy Fund Common Shares of Beneficial Interest,$20.48,-0.39,-1.869%,915599360.00,,2019,270186,Finance,Finance/Investors Services
PDYN,Palladyne AI Corp. Common Stock,$6.57,-0.06,-0.905%,310394558.00,United States,,1582940,Technology,Computer Software: Prepackaged Software
PDYNW,Palladyne AI Corp Warrants,$0.071,-0.0037,-4.953%,3354340.00,United States,,25152,Technology,Computer Software: Prepackaged Software
PEB,Pebblebrook Hotel Trust Common Shares of Beneficial Interest,$14.00,0.15,1.083%,1587717376.00,United States,2009,3181699,Real Estate,Real Estate Investment Trusts
PEB^E,Pebblebrook Hotel Trust 6.375% Series E Cumulative Redeemable Preferred Shares of Beneficial Interest,$20.28,0.18,0.896%,,United States,,3157,,
PEB^F,Pebblebrook Hotel Trust 6.3% Series F Cumulative Redeemable Preferred Shares of Beneficial Interest,$20.52,0.25,1.233%,,United States,,1949,,
PEB^G,Pebblebrook Hotel Trust 6.375% Series G Cumulative Redeemable Preferred Shares of Beneficial Interest,$20.60,0.20,0.98%,,United States,,874,,
PEB^H,Pebblebrook Hotel Trust 5.700% Series H Cumulative Redeemable Preferred Shares of Beneficial Interest,$18.4999,0.00,0.00%,,United States,,220,,
PEBK,Peoples Bancorp of North Carolina Inc. Common Stock,$42.16,1.07,2.604%,230256418.00,United States,,54752,Finance,Major Banks
PEBO,Peoples Bancorp Inc. Common Stock,$34.36,0.70,2.08%,1234118119.00,United States,,301950,Finance,Major Banks
PECO,Phillips Edison & Company Inc. Common Stock,$39.59,0.72,1.852%,4987010726.00,United States,2021,605849,Real Estate,Real Estate Investment Trusts
PED,Pedevco Corp. Common Stock,$14.53,-1.34,-8.444%,193258023.00,United States,,35045,Energy,Oil & Gas Production
PEG,Public Service Enterprise Group Incorporated Common Stock,$81.58,-0.46,-0.561%,40687201858.00,United States,,3023540,Utilities,Power Generation
PEGA,Pegasystems Inc. Common Stock,$43.61,0.33,0.762%,7371996455.00,United States,1996,1929851,Technology,EDP Services
PEN,Penumbra Inc. Common Stock,$332.13,0.66,0.199%,13033795193.00,United States,2015,346239,Health Care,Medical/Dental Instruments
PENG,Penguin Solutions Inc. Common Stock,$26.74,0.65,2.491%,1356988364.00,United States,2017,1219708,Technology,Semiconductors
PENN,PENN Entertainment Inc. Common Stock,$15.85,-0.29,-1.797%,2116708427.00,United States,1994,3539772,Consumer Discretionary,Hotels/Resorts
PEO,Adams Natural Resources Fund Inc. Common Stock,$25.61,-0.75,-2.845%,0.00,United States,,179770,Finance,Finance/Investors Services
PEP,PepsiCo Inc. Common Stock,$157.67,-0.71,-0.448%,215525581952.00,United States,,7782636,Consumer Staples,Beverages (Production/Distribution)
PEPG,PepGen Inc. Common Stock,$1.70,0.03,1.796%,117495996.00,United States,2022,939174,Health Care,Biotechnology: Pharmaceutical Preparations
PERF,Perfect Corp. Class A Ordinary Share,$1.71,-0.03,-1.724%,174161227.00,Taiwan,2022,101724,Technology,Computer Software: Prepackaged Software
PERI,Perion Network Ltd. Ordinary Shares,$10.61,0.14,1.337%,417294685.00,Israel,2006,379599,Technology,EDP Services
PESI,Perma-Fix Environmental Services Inc. Common Stock,$12.90,0.85,7.054%,239263253.00,United States,,187990,Industrials,Environmental Services
PETS,PetMed Express Inc. Common Stock,$2.33,-0.01,-0.427%,49863153.00,United States,,89268,Consumer Staples,Retail-Drug Stores and Proprietary Stores
PETZ,TDH Holdings Inc. Common Shares,$1.04,0.02,1.961%,10736199.00,China,2017,581,Industrials,Steel/Iron Ore
PEW,GrabAGun Digital Holdings Inc. Common Stock,$2.99,0.02,0.673%,88233997.00,,2025,535121,Consumer Discretionary,Other Specialty Stores
PFAI,Pinnacle Food Group Limited Class A Common Shares,$3.86,-0.05,-1.279%,45162000.00,Canada,2025,1507,Consumer Staples,Farming/Seeds/Milling
PFBC,Preferred Bank Common Stock,$95.72,1.31,1.388%,1374224281.00,United States,,86041,Finance,Major Banks
PFD,Flaherty & Crumrine Preferred and Income Fund Incorporated,$11.66,0.07,0.604%,0.00,United States,1991,9660,Finance,Investment Managers
PFE,Pfizer Inc. Common Stock,$27.56,0.34,1.249%,156771094915.00,United States,,30048913,Health Care,Biotechnology: Pharmaceutical Preparations
PFG,Principal Financial Group Inc Common Stock,$96.17,2.19,2.33%,20836890202.00,United States,2001,1259324,Finance,Accident &Health Insurance
PFGC,Performance Food Group Company Common Stock,$93.50,4.49,5.044%,14688753789.00,United States,2015,1811094,Consumer Discretionary,Food Distributors
PFH,Prudential Financial Inc. 4.125% Junior Subordinated Notes due 2060,$17.01,0.05,0.295%,6072570000.00,United States,2020,12838,Finance,Life Insurance
PFIS,Peoples Financial Services Corp. Common Stock,$58.45,1.72,3.032%,584832464.00,United States,,85598,Finance,Major Banks
PFL,PIMCO Income Strategy Fund Shares of Beneficial Interest,$8.05,0.03,0.374%,0.00,United States,2003,244160,Finance,Finance Companies
PFLT,PennantPark Floating Rate Capital Ltd. Common Stock,$8.92,0.27,3.121%,885023632.00,United States,2022,1066568,Finance,Finance: Consumer Services
PFN,PIMCO Income Strategy Fund II,$7.10,0.06,0.852%,0.00,United States,2004,300935,Finance,Finance/Investors Services
PFO,Flaherty & Crumrine Preferred and Income Opportunity Fund Incorporated,$9.36,0.04,0.429%,0.00,United States,1992,50277,Finance,Finance Companies
PFS,Provident Financial Services Inc Common Stock,$22.84,0.60,2.698%,2976364543.00,United States,2003,983216,Finance,Savings Institutions
PFSA,Profusa Inc. Common Stock,$0.692,0.0452,6.988%,3051905.00,United States,,303772,Health Care,Medical/Dental Instruments
PFSI,PennyMac Financial Services Inc. Common Stock,$94.57,2.84,3.096%,4933506009.00,United States,2013,621146,Finance,Finance: Consumer Services
PFX,PhenixFIN Corporation Common Stock,$41.005,-0.495,-1.193%,81938610.00,United States,,1288,Finance,Finance: Consumer Services
PFXNZ,PhenixFIN Corporation  5.25% Notes due 2028,$23.82,0.07,0.295%,47732160.00,United States,,1577,Finance,Finance: Consumer Services
PG,Procter & Gamble Company (The) Common Stock,$146.93,3.82,2.669%,341465420647.00,United States,,10869800,Consumer Discretionary,Package Goods/Cosmetics
PGAC,Pantages Capital Acquisition Corporation Class A Ordinary Shares,$10.5035,-0.0065,-0.062%,0.00,United States,2025,7661,,
PGACR,Pantages Capital Acquisition Corporation Right,$0.23,0.00,0.00%,0.00,United States,2025,2,,
PGC,Peapack-Gladstone Financial Corporation Common Stock,$39.44,0.96,2.495%,692985450.00,United States,,134379,Finance,Commercial Banks
PGEN,Precigen Inc. Common Stock,$3.98,0.03,0.759%,1408636115.00,United States,,2502843,Health Care,Biotechnology: Pharmaceutical Preparations
PGNY,Progyny Inc. Common Stock,$18.12,0.19,1.06%,1419321426.00,United States,2019,1086137,Health Care,Misc Health and Biotechnology Services
PGP,Pimco Global StocksPlus & Income Fund Common Shares of Beneficial Interest,$9.12,0.07,0.773%,0.00,United States,2005,10135,Finance,Finance Companies
PGR,Progressive Corporation (The) Common Stock,$202.58,-0.89,-0.437%,118692908991.00,United States,,3150392,Finance,Property-Casualty Insurers
PGY,Pagaya Technologies Ltd. Class A Ordinary Shares,$14.99,0.28,1.903%,1237071276.00,United States,,4759420,Finance,Finance: Consumer Services
PGYWW,Pagaya Technologies Ltd. Warrants,$0.0558,0.0073,15.052%,4604975.00,United States,,199542,Finance,Finance: Consumer Services
PGZ,Principal Real Estate Income Fund Common Shares of Beneficial Interest,$10.39,0.02,0.193%,0.00,,2013,32827,Finance,Investment Managers
PH,Parker-Hannifin Corporation Common Stock,$988.80,31.80,3.323%,124802903875.00,United States,,728860,Industrials,Metal Fabrications
PHAR,Pharming Group N.V. ADS each representing 10 ordinary shares,$17.34,0.01,0.058%,1224641488.00,Netherlands,,7026,Health Care,Biotechnology: Pharmaceutical Preparations
PHAT,Phathom Pharmaceuticals Inc. Common Stock,$13.19,0.58,4.60%,1047683243.00,United States,2019,922627,Health Care,Biotechnology: Pharmaceutical Preparations
PHG,Koninklijke Philips N.V. NY Registry Shares,$29.70,1.07,3.737%,28253281340.00,Netherlands,,1012671,Health Care,Medical Electronics
PHGE,BiomX Inc. COmmon Stock,$1.84,-0.13,-6.599%,12040069.00,,2019,181058,Health Care,Biotechnology: Biological Products (No Diagnostic Substances)
PHI,PLDT Inc. Sponsored ADR,$21.12,0.29,1.392%,4563097968.00,Philippines,,84879,Telecommunications,Telecommunications Equipment
PHIN,PHINIA Inc. Common Stock,$73.16,3.34,4.784%,2751275298.00,United States,2023,288781,Consumer Discretionary,Auto Parts:O.E.M.
PHIO,Phio Pharmaceuticals Corp. Common Stock,$1.29,0.02,1.575%,14986253.00,United States,,102908,Health Care,Biotechnology: Pharmaceutical Preparations
PHK,Pimco High Income Fund,$4.67,-0.03,-0.638%,0.00,United States,2003,630066,Finance,Finance/Investors Services
PHM,PulteGroup Inc. Common Stock,$126.53,6.06,5.03%,24241787803.00,United States,,2700916,Consumer Discretionary,Homebuilding
PHOE,Phoenix Asia Holdings Limited Ordinary Shares,$17.60,0.00,0.00%,380160000.00,Hong Kong,2025,1841,Consumer Discretionary,Engineering & Construction
PHR,Phreesia Inc. Common Stock,$9.17,0.00,0.00%,557197306.00,United States,2019,1598555,Real Estate,Real Estate
PHUN,Phunware Inc. Common Stock,$2.20,0.11,5.263%,44419932.00,Greece,2016,241783,Technology,EDP Services
PHVS,Pharvaris N.V. Ordinary Shares,$28.58,-0.20,-0.695%,1869355553.00,Netherlands,2021,149208,Health Care,Biotechnology: Pharmaceutical Preparations
PHXE^,Phoenix Energy One LLC Series A Cumulative Redeemable Preferred Shares,$24.25,-0.15,-0.615%,,,,8959,,
PI,Impinj Inc. Common Stock,$112.28,1.84,1.666%,3394413704.00,United States,2016,391278,Technology,Industrial Machinery/Components
PICS,PicS N.V. Class A Common Shares,$14.30,0.81,6.004%,1526244720.00,Brazil,2026,570529,Finance,Finance: Consumer Services
PII,Polaris Inc. Common Stock,$57.91,4.89,9.223%,3278626364.00,United States,,1817908,Consumer Discretionary,Industrial Specialties
PIII,P3 Health Partners Inc. Class A Common Stock,$2.60,0.10,4.00%,18754876.00,United States,2021,21185,Health Care,Medical/Nursing Services
PIIIW,P3 Health Partners Inc. Warrant,$0.0054,0.001,22.727%,38952.00,United States,2021,100,Health Care,Medical/Nursing Services
PIM,Putnam Master Intermediate Income Trust Common Stock,$3.28,0.00,0.00%,164831132.00,United States,1988,44429,Finance,Finance Companies
PINE,Alpine Income Property Trust Inc. Common Stock,$19.82,0.24,1.226%,324694907.00,United States,2019,105615,Real Estate,Real Estate Investment Trusts
PINE^A,Alpine Income Property Trust Inc. 8.00% Series A Cumulative Redeemable Preferred Stock,$25.345,0.13,0.516%,,United States,,1808,,
PINS,Pinterest Inc. Class A Common Stock,$20.12,0.00,0.00%,11585124872.00,United States,2019,15156278,Technology,Computer Software: Programming Data Processing
PIPR,Piper Sandler Companies Common Stock,$90.60,1.78,2.004%,6457159848.00,United States,2026,541385,Finance,Investment Bankers/Brokers/Service
PJT,PJT Partners Inc. Class A Common Stock,$159.51,-3.06,-1.882%,3856074335.00,United States,2015,589981,Finance,Investment Managers
PK,Park Hotels & Resorts Inc. Common Stock ,$11.41,0.23,2.057%,2297956189.00,United States,2016,5624955,Consumer Discretionary,Hotels/Resorts
PKBK,Parke Bancorp Inc. Common Stock,$30.43,1.10,3.75%,356972809.00,United States,,193863,Finance,Major Banks
PKE,Park Aerospace Corp. Common Stock,$34.51,1.57,4.766%,687639289.00,United States,,344091,Industrials,Military/Government/Technical
PKG,Packaging Corporation of America Common Stock,$213.39,5.77,2.779%,18997675104.00,United States,2000,968117,Consumer Discretionary,Containers/Packaging
PKOH,Park-Ohio Holdings Corp. Common Stock,$27.30,1.56,6.061%,393074000.00,United States,,26282,Industrials,Industrial Specialties
PKST,Peakstone Realty Trust Common Shares,$20.94,0.00,0.00%,778555377.00,United States,2023,405060,Real Estate,Real Estate Investment Trusts
PKX,POSCO HOLDINGS INC. American Depositary Shares (Each representing 1/4th of a share of Common Stock),$66.62,3.63,5.763%,22017743983.00,South Korea,1994,141315,Industrials,Steel/Iron Ore
PL,Planet Labs PBC Class A Common Stock,$38.48,-1.41,-3.535%,13319814559.00,United States,2021,11718706,Technology,Radio And Television Broadcasting And Communications Equipment
PLAB,Photronics Inc. Common Stock,$48.38,2.54,5.541%,2852794142.00,United States,1987,1133627,Technology,Semiconductors
PLAG,Planet Green Holdings Corp. Common Stock,$1.39,0.01,0.725%,19783472.00,China,,286,Consumer Staples,Packaged Foods
PLAY,Dave & Buster's Entertainment Inc. Common Stock,$14.28,0.04,0.281%,496078703.00,United States,2014,2905351,Consumer Discretionary,Restaurants
PLBC,Plumas Bancorp,$52.25,0.54,1.044%,364426664.00,United States,,61565,Finance,Finance Companies
PLBL,Polibeli Group Ltd Class A Ordinary Shares,$7.29,0.78,11.982%,2670964656.00,Indonesia,,28647,Consumer Discretionary,Consumer Electronics/Appliances
PLBY,Playboy Inc. Common Stock,$1.81,0.08,4.624%,207896099.00,United States,2020,1593106,Consumer Discretionary,Other Specialty Stores
PLCE,Children's Place Inc. (The) Common Stock,$3.51,0.03,0.862%,77969410.00,United States,1997,728371,Consumer Discretionary,Clothing/Shoe/Accessory Stores
PLD,Prologis Inc. Common Stock,$145.10,2.93,2.061%,135266671088.00,United States,,4432775,Real Estate,Real Estate Investment Trusts
PLG,Platinum Group Metals Ltd. Ordinary Shares (Canada),$1.98,0.12,6.452%,251115240.00,Canada,,2458851,Basic Materials,Precious Metals
PLMK,Plum Acquisition Corp. IV Class A Ordinary Shares,$10.5972,-0.0028,-0.026%,0.00,United States,2025,2577,,
PLMKU,Plum Acquisition Corp. IV Unit,$10.70,0.00,0.00%,0.00,United States,2025,35,,
PLMKW,Plum Acquisition Corp. IV Warrants,$0.60,-0.005,-0.826%,0.00,United States,2025,21938,,
PLMR,Palomar Holdings Inc. Common stock,$132.55,1.14,0.868%,3514313261.00,United States,2019,185861,Finance,Property-Casualty Insurers
PLNT,Planet Fitness Inc. Common Stock,$72.77,1.31,1.833%,5777959249.00,United States,2015,1584120,Consumer Discretionary,Hotels/Resorts
PLOW,Douglas Dynamics Inc. Common Stock,$46.19,1.16,2.576%,1066287559.00,United States,2010,140689,Industrials,Construction/Ag Equipment/Trucks
PLPC,Preformed Line Products Company Common Stock,$318.60,20.09,6.73%,1560138003.00,United States,,182152,Industrials,Water Sewer Pipeline Comm & Power Line Construction
PLRX,Pliant Therapeutics Inc. Common Stock,$1.33,0.03,2.308%,82346503.00,United States,2020,444521,Health Care,Biotechnology: Pharmaceutical Preparations
PLRZ,Polyrizon Ltd. Ordinary Shares,$11.41,0.47,4.296%,19340532.00,Israel,2024,62874,Health Care,Biotechnology: Pharmaceutical Preparations
PLSE,Pulse Biosciences Inc Common Stock (DE),$23.40,2.89,14.091%,1590944425.00,United States,2016,251012,Health Care,Medical/Dental Instruments
PLSM,Pulsenmore Ltd. Ordinary Shares,$3.65,0.00,0.00%,0.00,Israel,,6878,Health Care,Medical/Dental Instruments
PLTK,Playtika Holding Corp. Common Stock,$3.62,0.05,1.401%,1373190188.00,Israel,2021,1143661,Technology,EDP Services
PLTR,Palantir Technologies Inc. Class A Common Stock,$146.39,3.63,2.543%,349970285383.00,United States,,50407562,Technology,Computer Software: Prepackaged Software
PLUG,Plug Power Inc. Common Stock,$2.78,-0.08,-2.797%,3875195259.00,United States,1999,83391319,Energy,Industrial Machinery/Components
PLUR,Pluri Inc. Common Stock,$3.62,0.11,3.134%,36383690.00,Israel,,1924,Health Care,Biotechnology: Biological Products (No Diagnostic Substances)
PLUS,ePlus inc. Common Stock,$85.17,2.86,3.475%,2247854420.00,United States,1996,179134,Technology,Retail: Computer Software & Peripheral Equipment
PLUT,Plutus Financial Group Limited Ordinary Shares,$3.05,0.0488,1.626%,43462500.00,Hong Kong,2025,623,Finance,Investment Bankers/Brokers/Service
PLX,Protalix BioTherapeutics Inc. (DE) Common Stock,$2.32,0.02,0.87%,186926209.00,Israel,,536474,Health Care,Biotechnology: Biological Products (No Diagnostic Substances)
PLXS,Plexus Corp. Common Stock,$228.64,5.76,2.584%,6124457586.00,United States,,217587,Technology,Electrical Products
PLYX,Polaryx Therapeutics Inc. Common Stock,$6.12,-0.27,-4.225%,289740978.00,United States,,85323,Health Care,Biotechnology: Pharmaceutical Preparations
PM,Philip Morris International Inc Common Stock,$157.79,1.55,0.992%,245628470770.00,United States,,5639314,Health Care, Medicinal Chemicals and Botanical Products 
PMAX,Powell Max Limited Class A Ordinary Shares,$2.53,0.321,14.531%,22207042.00,Hong Kong,2024,429806,Consumer Discretionary,Other Consumer Services
PMCB,PharmaCyte  Biotech Inc. Common Stock,$0.7286,0.0009,0.124%,7821994.00,United States,,53506,Health Care,Biotechnology: Biological Products (No Diagnostic Substances)
PMEC,Primech Holdings Ltd. Ordinary Shares,$0.6999,-0.0001,-0.014%,26631195.00,Singapore,2023,22304,Consumer Discretionary,Diversified Commercial Services
PMI,Picard Medical Inc. Common Stock,$0.927,-0.0294,-3.074%,69690502.00,,2025,144795,Health Care,Medical/Dental Instruments
PML,Pimco Municipal Income Fund II Common Shares of Beneficial Interest,$7.60,0.02,0.264%,0.00,United States,2002,292762,Finance,Investment Managers
PMM,Putnam Managed Municipal Income Trust Common Stock,$6.27,0.04,0.642%,305592332.00,United States,1989,81941,Finance,Investment Managers
PMN,ProMIS Neurosciences Inc. Common Shares (ON),$11.53,-0.31,-2.618%,103397500.00,Canada,,35554,Health Care,Biotechnology: Pharmaceutical Preparations
PMNT,Perfect Moment Ltd. Common Stock,$0.348,-0.062,-15.122%,16311108.00,United Kingdom,2024,3284981,Consumer Discretionary,Apparel
PMO,Putnam Municipal Opportunities Trust Common Stock,$10.50,0.03,0.287%,356806454.00,United States,1993,147914,Finance,Finance Companies
PMT,PennyMac Mortgage Investment Trust Common Shares of Beneficial Interest,$12.09,0.22,1.853%,1052030742.00,United States,2009,995472,Real Estate,Real Estate Investment Trusts
PMT^A,PennyMac Mortgage Investment Trust 8.125% Series A Fixed-to-Floating Rate Cumulative Redeemable Preferred Shares of Beneficial Interest,$23.95,0.19,0.80%,,United States,,11634,,
PMT^B,PennyMac Mortgage Investment Trust 8.00% Series B Fixed-to-Floating Rate Cumulative Redeemable Preferred Shares of Beneficial Interest,$23.63,0.05,0.212%,,United States,,9145,,
PMT^C,PennyMac Mortgage Investment Trust 6.75% Series C Cumulative Redeemable Preferred Shares of Beneficial Interest,$18.56,0.04,0.216%,,United States,,5772,,
PMTR,Perimeter Acquisition Corp. I Class A Ordinary Shares,$10.28,0.0001,0.001%,0.00,United States,2025,13560,Finance,Blank Checks
PMTRW,Perimeter Acquisition Corp. I Warrant,$0.6974,0.00,0.00%,0.00,United States,2025,9,Finance,Blank Checks
PMTS,CPI Card Group Inc. Common Stock,$18.75,0.86,4.807%,214856025.00,United States,,72799,Consumer Discretionary,Publishing
PMTU,PennyMac Mortgage Investment Trust 8.50% Senior Notes due 2028,$25.598,0.078,0.306%,2227451029.00,United States,2023,611,Real Estate,Real Estate Investment Trusts
PMTV,PennyMac Mortgage Investment Trust 9.00% Senior Notes due 2030,$25.57,0.06,0.235%,0.00,United States,2025,30495,Real Estate,Real Estate Investment Trusts
PMTW,PennyMac Mortgage Investment Trust 9.00% Senior Notes due 2030,$25.48,0.0164,0.064%,0.00,United States,2025,6069,Real Estate,Real Estate Investment Trusts
PMVP,PMV Pharmaceuticals Inc. Common Stock,$1.38,0.01,0.73%,73594561.00,United States,2020,493861,Health Care,Biotechnology: Pharmaceutical Preparations
PN,Skycorp Solar Group Limited Class A Ordinary Shares,$2.90,-0.23,-7.348%,41504075.00,China,2025,115978,Technology,Retail: Computer Software & Peripheral Equipment
PNBK,Patriot National Bancorp Inc. Common Stock,$1.36,0.02,1.493%,159236570.00,United States,,263327,Finance,Major Banks
PNC,PNC Financial Services Group Inc. (The) Common Stock,$224.81,4.74,2.154%,90681817200.00,United States,,2538286,Finance,Major Banks
PNFP,Pinnacle Financial Partners Inc. Common stock,$97.06,3.92,4.209%,14664702708.00,United States,,1620932,Finance,Major Banks
PNFP^A,Pinnacle Financial Partners Inc. Fixed-to-Floating Rate Non-Cumulative Perpetual Preferred Stock Series A,$25.69,0.00,0.00%,,United States,,5650,,
PNFP^B,Pinnacle Financial Partners Inc. Fixed-to-Floating Rate Non-Cumulative Perpetual Preferred Stock Series B,$25.95,-0.10,-0.384%,,United States,,17559,,
PNFP^C,Pinnacle Financial Partners Inc. Fixed-to-Floating Rate Non-Cumulative Perpetual Preferred Stock Series C,$24.84,-0.07,-0.281%,,United States,,36324,,
PNI,Pimco New York Municipal Income Fund II Common Shares of Beneficial Interest,$7.01,0.08,1.154%,0.00,United States,2002,171701,Finance,Trusts Except Educational Religious and Charitable
PNNT,PennantPark Investment Corporation Common Stock,$4.76,0.15,3.254%,310809407.00,United States,2022,794888,Finance,Finance: Consumer Services
PNR,Pentair plc. Ordinary Share,$91.08,2.34,2.637%,14718783024.00,Switzerland,,1925606,Industrials,Industrial Machinery/Components
PNRG,PrimeEnergy Resources Corporation Common Stock,$200.30,-5.85,-2.838%,327490500.00,United States,,81821,Energy,Oil & Gas Production
PNTG,The Pennant Group Inc. Common Stock ,$30.74,0.32,1.052%,1066881929.00,United States,,149114,Health Care,Medical/Nursing Services
PNW,Pinnacle West Capital Corporation Common Stock,$104.04,-0.13,-0.125%,12591508834.00,United States,,1237026,Utilities,Electric Utilities: Central
POAS,Phaos Technology Holdings (Cayman) Limited Class A Ordinary Shares,$1.81,0.01,0.556%,51452872.00,,2025,64499,Industrials,Industrial Machinery/Components
POCI,Precision Optics Corporation Inc. Common stock,$4.34,-0.36,-7.66%,33564939.00,United States,,57329,Health Care,Biotechnology: Electromedical & Electrotherapeutic Apparatus
PODC,PodcastOne Inc. Common Stock,$2.26,0.17,8.134%,62122799.00,United States,,55963,Technology,Computer Software: Programming Data Processing
PODD,Insulet Corporation Common Stock,$203.73,2.26,1.122%,14111096453.00,United States,2007,864943,Health Care,Medical/Dental Instruments
POET,POET Technologies Inc. Common Shares,$7.26,-0.08,-1.09%,1108683181.00,Canada,,9651626,Technology,Semiconductors
POLA,Polar Power Inc. Common Stock,$1.75,0.01,0.575%,6370278.00,United States,2016,75829,Miscellaneous,Industrial Machinery/Components
POLE,Andretti Acquisition Corp. II Class A Ordinary Shares,$10.67,-0.01,-0.094%,0.00,United States,2024,46915,,
POLEW,Andretti Acquisition Corp. II Warrant,$0.1301,-0.0689,-34.623%,0.00,United States,2024,62308,,
POM,POMDOCTOR LIMITED American Depositary Shares,$0.3949,0.0138,3.621%,46764404.00,China,2025,1925172,Consumer Discretionary,Other Specialty Stores
PONOU,Pono Capital Four Inc. Units,$10.03,0.05,0.501%,0.00,Cayman Islands,2026,231,Industrials,Aerospace
PONY,Pony AI Inc. American Depositary Shares ,$11.69,0.72,6.563%,5068100755.00,China,2024,5752524,Technology,EDP Services
POOL,Pool Corporation Common Stock,$227.62,1.98,0.878%,8353786930.00,United States,1995,861213,Consumer Discretionary,Industrial Specialties
POR,Portland General Electric Co Common Stock,$52.41,-0.22,-0.418%,6065254009.00,United States,,1286044,Utilities,Electric Utilities: Central
POST,Post Holdings Inc. Common Stock,$101.59,2.04,2.049%,4858462408.00,United States,2012,545834,Consumer Staples,Packaged Foods
POWI,Power Integrations Inc. Common Stock,$58.65,2.60,4.639%,3255309600.00,United States,1997,777588,Technology,Semiconductors
POWL,Powell Industries Inc. Common Stock,$241.01,8.20,3.522%,8779243554.00,United States,,928806,Energy,Electrical Products
POWW,Outdoor Holding Company Common Stock,$2.07,-0.01,-0.481%,242787655.00,United States,,1570531,Industrials,Ordnance And Accessories
POWWP,Outdoor Holding Company 8.75% Series A Cumulative Redeemable Perpetual Preferred Stock,$24.90,0.0499,0.201%,2920489178.00,United States,,9049,Industrials,Ordnance And Accessories
PPBT,Purple Biotech Ltd. American Depositary Shares,$4.87,0.80,19.656%,4526451.00,Israel,2015,101018,Health Care,Biotechnology: Pharmaceutical Preparations
PPC,Pilgrim's Pride Corporation Common Stock,$33.91,0.26,0.773%,8067933019.00,United States,,952561,Consumer Staples,Meat/Poultry/Fish
PPCB,Propanc Biopharma Inc. Common Stock,$0.1117,0.0054,5.08%,2441682.00,Australia,,5349591,Health Care,Biotechnology: Pharmaceutical Preparations
PPG,PPG Industries Inc. Common Stock,$114.85,2.69,2.398%,25703274953.00,United States,,5824978,Consumer Discretionary,Paints/Coatings
PPHC,Public Policy Holding Company Inc. Common Stock,$13.86,0.31,2.288%,348368037.00,United States,2026,96071,,
PPIH,Perma-Pipe International Holdings Inc. Common Stock,$30.31,-2.03,-6.277%,245330504.00,United States,,141844,Industrials,Pollution Control Equipment
PPL,PPL Corporation Common Stock,$39.02,-0.32,-0.813%,29349482085.00,United States,,6552143,Utilities,Electric Utilities: Central
PPLC,PPL Corporation Corporate Units,$51.565,-0.395,-0.76%,38785393227.00,United States,,1345,Utilities,Electric Utilities: Central
PPSI,Pioneer Power Solutions Inc. Common Stock,$2.84,0.27,10.506%,31513395.00,United States,,251150,Industrials,Electrical Products
PPT,Putnam Premier Income Trust Common Stock,$3.55,0.02,0.567%,353325334.00,United States,1988,107566,Finance,Finance Companies
PPTA,Perpetua Resources Corp. Common Shares,$33.90,2.25,7.109%,4131483920.00,Canada,,2068654,Basic Materials,Precious Metals
PR,Permian Resources Corporation Class A Common Stock,$19.42,-1.00,-4.897%,16358736981.00,United States,2022,15964233,Energy,Oil & Gas Production
PRA,ProAssurance Corporation Common Stock,$24.65,-0.02,-0.081%,1267346300.00,United States,,388548,Finance,Property-Casualty Insurers
PRAA,PRA Group Inc. Common Stock,$21.09,0.71,3.484%,810981025.00,United States,2002,259712,Finance,Finance: Consumer Services
PRAX,Praxis Precision Medicines Inc. Common Stock,$342.50,22.11,6.901%,9538910303.00,United States,2020,425343,Health Care,Biotechnology: Pharmaceutical Preparations
PRCH,Porch Group Inc. Common Stock,$8.20,0.49,6.355%,1020587564.00,United States,2020,3168540,Technology,Computer Software: Prepackaged Software
PRCT,PROCEPT BioRobotics Corporation Common Stock,$25.14,0.62,2.529%,1417649527.00,United States,2021,755598,Health Care,Medical/Dental Instruments
PRDO,Perdoceo Education Corporation Common Stock,$36.32,0.85,2.396%,2277315030.00,United States,,555564,Real Estate,Other Consumer Services
PRE,Prenetics Global Limited Class A Ordinary Share,$17.83,-0.11,-0.613%,290244496.00,Hong Kong,,222451,Finance,Blank Checks
PRENW,Prenetics Global Limited Warrant,$0.018,0.0005,2.857%,293012.00,Hong Kong,,600,Finance,Blank Checks
PRFX,PRF Technologies Ltd. Ordinary Shares,$2.73,0.05,1.866%,2305624.00,Israel,2020,25543,Health Care,Biotechnology: Pharmaceutical Preparations
PRG,PROG Holdings Inc. Common Stock,$32.33,1.95,6.419%,1295087070.00,United States,,421874,Consumer Discretionary,Diversified Commercial Services
PRGO,Perrigo Company plc Ordinary Shares,$11.80,0.38,3.327%,1624262354.00,United States,,1879112,Health Care,Biotechnology: Pharmaceutical Preparations
PRGS,Progress Software Corporation Common Stock (DE),$30.93,1.11,3.722%,1301491407.00,United States,1991,1665457,Technology,Computer Software: Prepackaged Software
PRH,Prudential Financial Inc. 5.950% Junior Subordinated Notes due 2062,$24.08,0.17,0.711%,8476160000.00,United States,2022,12320,Finance,Life Insurance
PRHI,Presurance Holdings Inc. Common Stock,$0.645,-0.019,-2.861%,16913758.00,United States,2015,22735,Finance,Property-Casualty Insurers
PRHIZ,Presurance Holdings Inc. 9.75% Senior Unsecured Notes due 2028,$17.03,0.00,0.00%,208155663.00,United States,,216,Finance,Property-Casualty Insurers
PRI,Primerica Inc. Common Stock,$272.89,-0.10,-0.037%,8567949707.00,United States,2010,207611,Finance,Life Insurance
PRIF^D,Priority Income Fund Inc. 7.00% Series D Term Preferred Stock due 2029,$24.45,-0.105,-0.428%,,,,952,,
PRIF^J,Priority Income Fund Inc. 6.000% Series J Term Preferred Stock due 2028,$25.065,0.015,0.06%,,,,682,,
PRIF^K,Priority Income Fund Inc. 7.000% Series K Cumulative Preferred Stock,$21.71,0.00,0.00%,,,,75,,
PRIF^L,Priority Income Fund Inc. 6.375% Series L Term Preferred Stock Due 2029,$24.40,0.00,0.00%,,,,110,,
PRIM,Primoris Services Corporation Common Stock,$164.81,6.95,4.403%,8937898130.00,United States,,2386454,Industrials,Water Sewer Pipeline Comm & Power Line Construction
PRK,Park National Corporation Common Stock,$175.33,4.86,2.851%,3167580685.00,United States,1994,90581,Finance,Major Banks
PRKS,United Parks & Resorts Inc. Common Stock,$36.07,0.13,0.362%,1753950389.00,United States,2013,1240427,Health Care,Biotechnology: Electromedical & Electrotherapeutic Apparatus
PRLB,Proto Labs Inc. Common stock,$64.51,2.45,3.948%,1534853401.00,United States,2012,142549,Industrials,Metal Fabrications
PRLD,Prelude Therapeutics Incorporated Common Stock,$4.44,0.01,0.226%,279729981.00,United States,2020,367382,Health Care,Biotechnology: Pharmaceutical Preparations
PRM,Perimeter Solutions SA Common Stock,$27.80,0.10,0.361%,4154433668.00,Luxembourg,,961939,Industrials,Major Chemicals
PRMB,Primo Brands Corporation Class A Common Stock,$20.89,0.56,2.755%,7586765984.00,United States,2024,4991174,Consumer Staples,Beverages (Production/Distribution)
PRME,Prime Medicine Inc. Common Stock,$3.81,0.14,3.815%,687903802.00,United States,2022,1894486,Health Care,Biotechnology: Biological Products (No Diagnostic Substances)
PROF,Profound Medical Corp. Common Stock,$6.65,0.03,0.453%,201049224.00,Canada,,117897,Health Care,Medical/Dental Instruments
PROK,ProKidney Corp. Class A Ordinary Shares,$2.18,0.23,11.795%,658177065.00,United States,2021,1379959,Health Care,Biotechnology: Biological Products (No Diagnostic Substances)
PROP,Prairie Operating Co. Common Stock,$1.24,-0.07,-5.344%,94952037.00,United States,,4228737,Finance,Finance: Consumer Services
PROV,Provident Financial Holdings Inc. Common Stock,$17.04,-0.13,-0.757%,108630341.00,United States,,7819,Finance,Savings Institutions
PRPL,Purple Innovation Inc. Common Stock,$0.629,-0.001,-0.159%,68433287.00,United States,2015,285940,Consumer Discretionary,Home Furnishings
PRPO,Precipio Inc.  Common Stock,$28.30,-0.70,-2.414%,50478201.00,United States,,13518,Industrials,Biotechnology: Laboratory Analytical Instruments
PRQR,ProQR Therapeutics N.V. Ordinary Shares,$1.99,0.04,2.051%,209668517.00,Netherlands,2014,608507,Health Care,Biotechnology: Pharmaceutical Preparations
PRS,Prudential Financial Inc. 5.625% Junior Subordinated Notes due 2058,$23.3501,0.0101,0.043%,8219235200.00,United States,2018,31535,Finance,Life Insurance
PRSO,Peraso Inc. Common Stock,$0.9716,-0.0164,-1.66%,12255656.00,United States,,543072,Technology,Semiconductors
PRSU,Pursuit Attractions and Hospitality Inc. Common Stock,$41.33,0.29,0.707%,1134478081.00,United States,,372231,Real Estate,Real Estate
PRT,PermRock Royalty Trust Units of Beneficial Interest,$3.00,0.01,0.334%,36497196.00,United States,2018,73437,Energy,Oil & Gas Production
PRTA,Prothena Corporation plc Ordinary Shares,$10.90,0.38,3.612%,586779504.00,United States,,486508,Health Care,Biotechnology: Pharmaceutical Preparations
PRTC,PureTech Health plc American Depositary Shares,$18.30,0.08,0.439%,442281793.00,United States,,6089,Health Care,Biotechnology: Pharmaceutical Preparations
PRTH,Priority Technology Holdings Inc. Common Stock,$5.15,0.16,3.206%,423769609.00,United States,2016,617936,Real Estate,Real Estate
PRTS,CarParts.com Inc. Common Stock,$0.8698,0.0393,4.732%,61314056.00,United States,2007,666890,Consumer Discretionary,Auto & Home Supply Stores
PRU,Prudential Financial Inc. Common Stock,$101.65,1.87,1.874%,35355771160.00,United States,2001,2438886,Finance,Life Insurance
PRVA,Privia Health Group Inc. Common Stock,$24.02,0.52,2.213%,3017512044.00,United States,2021,803287,Health Care,Medical/Nursing Services
PRZO,ParaZero Technologies Ltd. Ordinary Shares,$0.6848,-0.0152,-2.171%,16042745.00,Israel,2023,402571,Industrials,Military/Government/Technical
PSA,Public Storage Common Stock,$309.22,7.48,2.479%,54281145169.00,United States,,988983,Real Estate,Real Estate Investment Trusts
PSA^F,Public Storage Depositary Shares Each Representing 1/1000 of a 5.15% Cumulative Preferred Share of Beneficial Interest Series F par value $0.01 per share,$20.41,0.05,0.246%,,United States,,14215,,
PSA^G,Public Storage Depositary Shares Each Representing 1/1000 of a 5.05% Cumulative Preferred Share of Beneficial Interest Series G,$20.31,0.10,0.495%,,United States,,13864,,
PSA^H,Public Storage Depositary Shares Each Representing 1/1000 of a  5.60% Cumulative Preferred  Share of Beneficial Interest Series H,$22.45,0.08,0.358%,,United States,,18283,,
PSA^I,Public Storage Depositary Shares Each Representing 1/1000 of a 4.875% Cumulative Preferred Share of Beneficial Interest Series I par value $0.01 per share,$19.27,0.03,0.156%,,United States,,18946,,
PSA^J,Public Storage Depositary Shares Each Representing 1/1000 of a 4.700% Cumulative Preferred Share of Beneficial Interest Series J par value $0.01 per share,$18.60,0.02,0.108%,,United States,,5183,,
PSA^K,Public Storage Depositary Shares Each Representing 1/1000 of a 4.75% Cumulative Preferred Share of Beneficial Interest Series K,$18.76,0.02,0.107%,,United States,,7265,,
PSA^L,Public Storage Depositary Shares Each Representing 1/1000 of a 4.625% Cumulative Preferred Share of Beneficial Interest Series L par value $0.01 per share,$18.44,0.07,0.381%,,United States,,24194,,
PSA^M,Public Storage Depositary Shares Each Representing 1/1000 of a 4.125% Cumulative Preferred Share of Beneficial Interest Series M,$16.3199,0.1199,0.74%,,United States,,5809,,
PSA^N,Public Storage Depositary Shares Each Representing 1/1000 of a 3.875% Cumulative Preferred Share of Beneficial Interest Series N,$15.30,0.08,0.526%,,United States,,44796,,
PSA^O,Public Storage Depositary Shares Each Representing 1/1000 of a 3.900% Cumulative Preferred Share of Beneficial Interest Series O,$15.39,0.05,0.326%,,United States,,17671,,
PSA^P,Public Storage Depositary Shares Each Representing 1/1000 of a 4.000% Cumulative Preferred Share of Bene cial Interest Series P,$15.87,0.01,0.063%,,United States,,29086,,
PSA^Q,Public Storage Depositary Shares Each Representing 1/1000 of a 3.950% Cumulative Preferred Share of Beneficial Interest Series Q par value $0.01 per share,$15.6099,0.0999,0.644%,,United States,,5630,,
PSA^R,Public Storage Depositary Shares Each Representing 1/1000 of a 4.00% Cumulative Preferred Share of Bene cial Interest Series R,$15.88,0.05,0.316%,,United States,,20464,,
PSA^S,Public Storage Depositary Shares Each Representing 1/1000 of a 4.100% Cumulative Preferred Share of Beneficial Interest Series S,$16.13,0.06,0.373%,,United States,,5018,,
PSBD,Palmer Square Capital BDC Inc. Common Stock,$10.85,0.03,0.277%,0.00,,2024,39977,,
PSEC,Prospect Capital Corporation Common Stock,$2.81,0.00,0.00%,1367022695.00,United States,2004,6673942,Finance,Finance: Consumer Services
PSEC^A,Prospect Capital Corporation 5.35% Series A Fixed Rate Cumulative Perpetual Preferred Stock,$18.66,0.06,0.323%,,United States,,14372,,
PSF,Cohen & Steers Select Preferred and Income Fund Inc. Common Stock,$19.94,0.16,0.809%,979824242.00,,2010,67150,Finance,Investment Managers
PSFE,Paysafe Limited Common Shares,$8.85,0.23,2.668%,563535990.00,,2021,360682,Real Estate,Real Estate
PSHG,Performance Shipping Inc. Common Shares,$1.91,0.01,0.526%,23745422.00,Greece,,38980,Consumer Discretionary,Marine Transportation
PSIG,PS International Group Ltd. Ordinary Shares,$6.15,-0.36,-5.53%,53032077.00,Hong Kong,,29000,Industrials,Integrated Freight & Logistics
PSIX,Power Solutions International Inc. Common Stock,$79.60,-2.87,-3.48%,1834815820.00,United States,,466872,Industrials,Industrial Machinery/Components
PSKY,Paramount Skydance Corporation Class B Common Stock,$11.74,0.01,0.085%,13051840620.00,United States,,7187008,Industrials,Broadcasting
PSMT,PriceSmart Inc. Common Stock,$161.78,5.11,3.262%,4998335305.00,United States,,171103,Consumer Discretionary,Department/Specialty Retail Stores
PSN,Parsons Corporation Common Stock,$55.75,-0.27,-0.482%,5965890902.00,United States,2019,1419210,Technology,EDP Services
PSNL,Personalis Inc. Common Stock,$6.73,0.07,1.051%,704482267.00,United States,2019,1399869,Health Care,Medical Specialities
PSNY,Polestar Automotive Holding UK PLC Class A ADS,$18.06,-2.44,-11.902%,1390480432.00,Sweden,,158450,Industrials,Auto Manufacturing
PSNYW,Polestar Automotive Holding UK PLC Class C-1 ADS (ADW),$3.47,-0.13,-3.611%,267163184.00,Sweden,,17760,Industrials,Auto Manufacturing
PSO,Pearson Plc Common Stock,$14.66,0.06,0.411%,9320431271.00,United Kingdom,,1293968,Consumer Discretionary,Books
PSQH,PSQ Holdings Inc. Class A Common Stock,$0.73,0.0839,12.986%,35563582.00,,2021,590728,Consumer Discretionary,Advertising
PSTL,Postal Realty Trust Inc. Class A Common Stock,$21.27,1.39,6.992%,584341011.00,United States,2019,282120,Real Estate,Real Estate Investment Trusts
PSTV,PLUS THERAPEUTICS Inc. Common Stock ,$6.39,0.44,7.395%,43848359.00,United States,,254595,Health Care,Medical/Dental Instruments
PSX,Phillips 66 Common Stock,$156.37,-6.96,-4.261%,62701647755.00,United States,,3692840,Energy,Integrated oil Companies
PTA,Cohen & Steers Tax-Advantaged Preferred Securities and Income Fund Common Shares of Beneficial Interest,$19.40,0.12,0.622%,1072305066.00,United States,2020,112838,Finance,Trusts Except Educational Religious and Charitable
PTC,PTC Inc. Common Stock,$139.74,1.47,1.063%,16628517250.00,United States,,858173,Technology,Computer Software: Prepackaged Software
PTCT,PTC Therapeutics Inc. Common Stock,$72.43,0.73,1.018%,5995373694.00,United States,2013,1500508,Health Care,Biotechnology: Pharmaceutical Preparations
PTEN,Patterson-UTI Energy Inc. Common Stock,$9.42,-0.99,-9.51%,3575855211.00,United States,1993,15488755,Energy,Oil & Gas Production
PTGX,Protagonist Therapeutics Inc. Common Stock,$105.98,2.25,2.169%,6762447722.00,United States,2016,1006350,Health Care,Biotechnology: Pharmaceutical Preparations
PTHS,Pelthos Therapeutics Inc. Common Stock,$23.015,0.015,0.065%,77227822.00,,2024,16717,Health Care,Biotechnology: Biological Products (No Diagnostic Substances)
PTLE,PTL LTD Class A Ordinary Shares,$6.52,-0.60,-8.427%,40952733.00,Singapore,2024,7401,Energy,Oil Refining/Marketing
PTLO,Portillo's Inc. Class A Common Stock,$5.91,0.32,5.725%,446252191.00,United States,2021,2309754,Consumer Discretionary,Restaurants
PTN,Palatin Technologies Inc. Common Stock,$22.50,1.60,7.656%,39874478.00,United States,,18918,Health Care,Biotechnology: Pharmaceutical Preparations
PTON,Peloton Interactive Inc. Class A Common Stock,$5.10,0.07,1.392%,2169994359.00,United States,2019,14274343,Consumer Discretionary,Recreational Games/Products/Toys
PTOR,Praetorian Acquisition Corp. Class A Ordinary Shares,$9.81,0.00,0.00%,0.00,United States,2026,130731,Finance,Blank Checks
PTORU,Praetorian Acquisition Corp. Units,$9.913,0.00,0.00%,0.00,United States,2026,2,,
PTORW,Praetorian Acquisition Corp. Warrant,$0.30,0.00,0.00%,0.00,United States,2026,300,Finance,Blank Checks
PTRN,Pattern Group Inc. Series A Common Stock,$13.53,0.06,0.445%,2391649811.00,United States,2025,1130404,Consumer Discretionary,Catalog/Specialty Distribution
PTY,Pimco Corporate & Income Opportunity Fund,$12.15,0.06,0.496%,0.00,United States,2002,1365467,Finance,Investment Managers
PUBM,PubMatic Inc. Class A Common Stock,$9.81,0.02,0.204%,457875148.00,United States,2020,739706,Technology,Computer Software: Programming Data Processing
PUK,Prudential Public Limited Company Common Stock,$30.90,0.39,1.278%,39478441963.00,United Kingdom,,724804,Finance,Life Insurance
PULM,Pulmatrix Inc. Common Stock,$1.26,0.01,0.80%,4601879.00,United States,2014,67045,Health Care,Biotechnology: Pharmaceutical Preparations
PUMP,ProPetro Holding Corp. Common Stock,$13.96,-0.80,-5.42%,1711732985.00,United States,2017,2981660,Energy,Oilfield Services/Equipment
PURR,Hyperliquid Strategies Inc Common Stock,$6.41,-0.04,-0.62%,794631726.00,United States,,6487973,Finance,Finance: Consumer Services
PVH,PVH Corp. Common Stock,$94.17,4.70,5.253%,4314071592.00,United States,,1221284,Industrials,Garments and Clothing
PVL,Permianville Royalty Trust Units of Beneficial Interest,$1.85,-0.03,-1.596%,61050000.00,United States,2011,65627,Energy,Oil & Gas Production
PVLA,Palvella Therapeutics Inc. Common Stock,$130.01,5.83,4.695%,1860918807.00,United States,,303765,Health Care,Biotechnology: Pharmaceutical Preparations
PW,Power REIT (MD) Common Stock,$0.8591,0.0225,2.689%,3154851.00,United States,1998,15087,Real Estate,Real Estate Investment Trusts
PW^A,Power REIT 7.75% Series A Cumulative Perpetual Preferred Stock,$8.06,0.26,3.333%,,United States,,309,,
PWP,Perella Weinberg Partners Class A Common Stock,$21.56,-0.02,-0.093%,1993883720.00,United States,2020,1077610,Finance,Finance: Consumer Services
PWR,Quanta Services Inc. Common Stock,$601.88,14.46,2.462%,90316138634.00,United States,,1176501,Industrials,Engineering & Construction
PXED,Phoenix Education Partners Inc. Common Stock,$28.62,0.85,3.061%,1024910162.00,,2025,136533,Real Estate,Other Consumer Services
PXLW,Pixelworks Inc.  Common Stock,$5.57,0.25,4.699%,35432207.00,United States,2000,40074,Technology,Semiconductors
PXS,Pyxis Tankers Inc. Common Stock,$4.44,0.04,0.909%,45621617.00,Greece,,23404,Consumer Discretionary,Marine Transportation
PYPD,PolyPid Ltd. Ordinary Shares,$4.74,0.08,1.717%,90454539.00,Israel,2020,63085,Health Care,Biotechnology: Pharmaceutical Preparations
PYPL,PayPal Holdings Inc. Common Stock,$50.81,1.00,2.008%,46778965379.00,United States,,18746455,Industrials,Diversified Commercial Services
PYT,PPlus Tr GSC-2 Tr Ctf Fltg Rate,$23.4999,0.1199,0.513%,0.00,United States,,3615,Finance,Finance: Consumer Services
PYXS,Pyxis Oncology Inc. Common Stock,$1.66,-0.04,-2.353%,104299868.00,United States,2021,337780,Health Care,Biotechnology: Pharmaceutical Preparations
PZG,Paramount Gold Nevada Corp. Common Stock,$1.79,0.00,0.00%,150025703.00,United States,2015,371795,Basic Materials,Metal Mining
PZZA,Papa John's International Inc. Common Stock,$37.46,0.56,1.518%,1232100269.00,United States,1993,1110322,Consumer Discretionary,Restaurants
Q,Qnity Electronics Inc. Common Stock,$136.29,4.99,3.80%,28563988703.00,United States,2025,1398864,Technology,Semiconductors
QADRU,QDRO Acquisition Corp. Units,$9.93,0.01,0.101%,0.00,United States,2026,18834,Finance,Blank Checks
QBTS,D-Wave Quantum Inc. Common Shares,$21.69,0.17,0.79%,7954538566.00,United States,2022,45979922,Technology,EDP Services
QCLS,Q/C Technologies Inc. Common Stock,$3.79,0.07,1.882%,29764496.00,United States,2014,341923,Health Care,Biotechnology: In Vitro & In Vivo Diagnostic Substances
QCOM,QUALCOMM Incorporated Common Stock,$136.20,1.73,1.287%,145325400000.00,United States,1991,9587432,Technology,Radio And Television Broadcasting And Communications Equipment
QCRH,QCR Holdings Inc. Common Stock,$92.77,2.18,2.406%,1553276127.00,United States,,131432,Finance,Major Banks
QDEL,QuidelOrtho Corporation Common Stock,$12.71,0.025,0.197%,865319259.00,United States,,4824285,Health Care,Biotechnology: In Vitro & In Vivo Diagnostic Substances
QETA,Quetta Acquisition Corporation Common Stock,$11.51,0.00,0.00%,0.00,United States,2023,19,Finance,Blank Checks
QETAR,Quetta Acquisition Corporation Right,$1.00,-0.20,-16.667%,0.00,United States,2023,5247,Finance,Blank Checks
QFIN,Qfin Holdings Inc. American Depositary Shares,$14.13,0.25,1.801%,1901898000.00,China,2018,1516066,Finance,Finance: Consumer Services
QGEN,Qiagen N.V. Common Shares,$41.24,0.28,0.684%,8498522814.00,Netherlands,2026,1700005,Health Care,Biotechnology: Biological Products (No Diagnostic Substances)
QLYS,Qualys Inc. Common Stock,$83.17,-0.92,-1.094%,2967166765.00,United States,2012,1369064,Technology,Computer Software: Prepackaged Software
QMCO,Quantum Corporation Common Stock,$7.28,0.21,2.97%,106564851.00,United States,,519082,Technology,Electronic Components
QNC,Quantum eMotion Corp. Common Shares,$2.87,0.23,8.712%,627349483.00,,2026,682821,,
QNCX,Quince Therapeutics Inc. Common Stock,$1.37,0.03,2.239%,22332089.00,United States,2019,2452183,Health Care,Biotechnology: Biological Products (No Diagnostic Substances)
QNRX,Quoin Pharmaceuticals Ltd. American Depositary Shares,$6.46,-0.12,-1.824%,11651430.00,Israel,2016,20762,Health Care,Medical/Dental Instruments
QNST,QuinStreet Inc. Common Stock,$12.75,0.15,1.19%,726672722.00,United States,2010,831076,Real Estate,Real Estate
QNTM,Quantum Biopharma Ltd. Class B Subordinate Voting Shares,$3.12,-0.05,-1.577%,18187307.00,Canada,,155422,Health Care,Biotechnology: Pharmaceutical Preparations
QQQX,Nuveen NASDAQ 100 Dynamic Overwrite Fund Shares of Beneficial Interest,$29.56,0.19,0.647%,0.00,United States,,122916,Finance,Finance Companies
QRHC,Quest Resource Holding Corporation Common Stock,$1.18,0.05,4.425%,24732506.00,United States,,140974,Utilities,Environmental Services
QRVO,Qorvo Inc. Common Stock,$81.90,0.18,0.22%,7592595110.00,United States,,1085846,Technology,Semiconductors
QS,QuantumScape Corporation Class A Common Stock,$7.10,0.06,0.852%,4349331554.00,United States,,14490869,Miscellaneous,Industrial Machinery/Components
QSEA,Quartzsea Acquisition Corporation Ordinary Shares,$10.39,0.00,0.00%,0.00,United States,2025,9393,Finance,Blank Checks
QSEAR,Quartzsea Acquisition Corporation Rights,$0.1102,0.00,0.00%,0.00,United States,2025,100,Finance,Blank Checks
QSI,Quantum-Si Incorporated Class A Common Stock,$1.07,0.03,2.885%,231514587.00,United States,2020,6965283,Industrials,Industrial Machinery/Components
QSIAW,Quantum-Si Incorporated Warrant,$0.09,0.0038,4.408%,19473190.00,United States,2020,7690,Industrials,Industrial Machinery/Components
QSR,Restaurant Brands International Inc. Common Shares,$78.32,0.71,0.915%,35702973840.00,Canada,2014,2826805,Consumer Discretionary,Restaurants
QTI,QT Imaging Holdings Inc. Common Stock,$6.93,0.40,6.126%,83454525.00,United States,,32567,Health Care,Biotechnology: Electromedical & Electrotherapeutic Apparatus
QTRX,Quanterix Corporation Common Stock,$3.50,0.10,2.941%,164289913.00,United States,2017,1021342,Industrials,Biotechnology: Laboratory Analytical Instruments
QTTB,Q32 Bio Inc. Common Stock,$5.85,0.13,2.273%,85582359.00,United States,2018,791778,Health Care,Biotechnology: Pharmaceutical Preparations
QTWO,Q2 Holdings Inc. Common Stock,$51.81,0.80,1.568%,3233170513.00,United States,2014,584007,Technology,Computer Software: Prepackaged Software
QUAD,Quad Graphics Inc Class A Common Stock,$7.65,0.20,2.685%,389008238.00,United States,,305260,Consumer Discretionary,Publishing
QUBT,Quantum Computing Inc. Common Stock,$9.57,0.13,1.377%,2148831091.00,United States,,22016855,Technology,Computer Software: Prepackaged Software
QUCY,Mainz Biomed N.V. Ordinary Shares,$0.487,-0.0174,-3.45%,6094969.00,Germany,2021,686973,Health Care,Biotechnology: Pharmaceutical Preparations
QUIK,QuickLogic Corporation Common Stock,$11.94,-0.46,-3.71%,211581994.00,United States,1999,254825,Technology,Semiconductors
QUMS,Quantumsphere Acquisition Corp. Ordinary Shares,$10.15,0.01,0.099%,0.00,United States,2025,2084,,
QUMSR,Quantumsphere Acquisition Corp. Rights,$0.26,0.00,0.00%,0.00,United States,2025,9797,,
QUMSU,Quantumsphere Acquisition Corp. Units,$10.35,0.00,0.00%,0.00,United States,2025,200,,
QURE,uniQure N.V. Ordinary Shares,$17.58,0.77,4.581%,1099266993.00,Netherlands,2014,1902376,Health Care,Biotechnology: Pharmaceutical Preparations
QVCGA,QVC Group Inc. Series A Common Stock,$0.6427,-0.1489,-18.81%,5202079.00,United States,,10260141,Consumer Discretionary,Catalog/Specialty Distribution
QVCGP,QVC Group Inc. 8.0% Fixed Rate Cumulative Redeemable Preferred Stock,$2.02,-1.39,-40.762%,16350086.00,United States,,14268128,Consumer Discretionary,Catalog/Specialty Distribution
QXO,QXO Inc. Common Stock,$25.00,0.75,3.093%,17747372925.00,United States,,10064831,Consumer Discretionary,RETAIL: Building Materials
QXO^B,QXO Inc.  Depositary Shares each representing a 1/20th interest in a share of 5.50% Series B Mandatory Convertible Preferred Stock,$68.29,1.76,2.645%,,United States,,4887,,
R,Ryder System Inc. Common Stock,$227.13,5.75,2.597%,8953923630.00,United States,,1028958,Consumer Discretionary,Rental/Leasing Companies
RA,Brookfield Real Assets Income Fund Inc. Common Stock,$13.05,-0.03,-0.229%,0.00,United States,2016,126048,Finance,Investment Managers
RAAQ,Real Asset Acquisition Corp. Class A Ordinary Share,$10.68,-0.02,-0.187%,0.00,United States,2025,446292,Finance,Blank Checks
RAAQU,Real Asset Acquisition Corp. Unit,$11.63,0.00,0.00%,0.00,United States,2025,168,Finance,Blank Checks
RAAQW,Real Asset Acquisition Corp. Warrants,$2.02,0.12,6.316%,0.00,United States,2025,64116,Finance,Blank Checks
RAC,Rithm Acquisition Corp. Class A Ordinary Shares,$10.41,0.01,0.096%,0.00,,2025,111,,
RACE,Ferrari N.V. Common Shares,$372.85,16.33,4.58%,87226219502.00,Italy,2015,866641,Industrials,Auto Manufacturing
RADX,Radiopharm Theranostics Limited American Depositary Shares,$4.58,-0.06,-1.293%,58413567.00,Australia,,32615,Health Care,Biotechnology: Pharmaceutical Preparations
RAIL,FreightCar America Inc. Common Stock,$9.17,0.24,2.688%,174799961.00,United States,2005,83864,Industrials,Railroads
RAIN,Rain Enhancement Technologies Holdco Inc. Class A Common Stock,$2.27,-0.01,-0.439%,18588651.00,United States,,11011,Technology,Industrial Machinery/Components
RAINW,Rain Enhancement Technologies Holdco Inc. Warrants,$0.2175,-0.0025,-1.136%,1781071.00,United States,,3606,Technology,Industrial Machinery/Components
RAL,Ralliant Corporation Common Stock,$47.40,2.06,4.543%,5297332613.00,United States,2025,1793053,Industrials,Industrial Machinery/Components
RAMP,LiveRamp Holdings Inc. Common Stock,$28.78,0.56,1.984%,1816734449.00,United States,2018,476051,Technology,EDP Services
RAND,Rand Capital Corporation Common Stock,$10.80,-0.02,-0.185%,32073991.00,United States,,2160,Finance,Finance: Consumer Services
RANG,Range Capital Acquisition Corp. Ordinary Shares,$10.56,0.004,0.038%,0.00,United States,2025,2900,,
RANGR,Range Capital Acquisition Corp. Rights,$0.30,0.0025,0.84%,0.00,United States,2025,200,,
RANI,Rani Therapeutics Holdings Inc. Class A Common Stock,$0.9564,0.0374,4.07%,118299302.00,United States,2021,1304396,Health Care,Biotechnology: Pharmaceutical Preparations
RAPP,Rapport Therapeutics Inc. Common Stock,$39.71,0.17,0.43%,1897857767.00,United States,2024,1667277,Health Care,Biotechnology: Pharmaceutical Preparations
RARE,Ultragenyx Pharmaceutical Inc. Common Stock,$24.81,0.29,1.183%,2439006941.00,United States,2014,1725577,Health Care,Biotechnology: Pharmaceutical Preparations
RAVE,Rave Restaurant Group Inc. Common Stock,$2.47,0.10,4.219%,35102568.00,United States,,181967,Consumer Discretionary,Food Distributors
RAY,Raytech Holding Limited Ordinary Shares,$2.86,-0.32,-10.063%,7793157.00,Hong Kong,2024,10950,Consumer Discretionary,Consumer Electronics/Appliances
RAYA,Erayak Power Solution Group Inc. Class A Ordinary Shares,$0.4656,-0.0649,-12.234%,1666007.00,China,2022,1060008,Consumer Discretionary,Metal Fabrications
RBA,RB Global Inc. Common Stock,$104.17,0.88,0.852%,19343535848.00,Canada,,864212,Real Estate,Real Estate
RBB,RBB Bancorp Common Stock,$22.87,0.58,2.602%,390486016.00,United States,2017,62295,Finance,Major Banks
RBBN,Ribbon Communications Inc. Common Stock,$2.81,0.10,3.69%,493448712.00,United States,,841865,Technology,EDP Services
RBC,RBC Bearings Incorporated Common Stock,$589.77,18.16,3.177%,18647914629.00,United States,2022,364524,Industrials,Metal Fabrications
RBCAA,Republic Bancorp Inc. Class A Common Stock,$75.47,2.39,3.27%,1479917267.00,United States,1998,75038,Finance,Major Banks
RBKB,Rhinebeck Bancorp Inc. Common Stock,$15.37,-0.16,-1.03%,171421195.00,United States,2019,1919,Finance,Banks
RBLX,Roblox Corporation Class A Common Stock,$60.34,-0.10,-0.165%,42763322876.00,United States,2021,7993025,Technology,Computer Software: Prepackaged Software
RBNE,Robin Energy Ltd. Common Stock,$1.92,-0.07,-3.518%,5327741.00,Cyprus,,483373,Consumer Discretionary,Marine Transportation
RBRK,Rubrik Inc. Class A Common Stock,$52.34,0.40,0.77%,10772086816.00,United States,2024,3922559,Technology,Computer Software: Prepackaged Software
RC,Ready Capital Corporation Common Stock,$1.85,0.10,5.714%,301325741.00,United States,2013,1833343,Real Estate,Real Estate Investment Trusts
RC^C,Ready Capital Corporation 6.25% Series C Cumulative Convertible Preferred Stock,$11.53,0.00,0.00%,,United States,,42,,
RC^E,Ready Capital Corporation 6.50% Series E Cumulative Redeemable Preferred Stock,$11.535,0.3781,3.389%,,United States,,12701,,
RCAT,Red Cat Holdings Inc. Common Stock,$12.72,-0.99,-7.221%,1540885078.00,United States,,13550854,Technology,Computer Software: Prepackaged Software
RCB,Ready Capital Corporation 6.20% Senior Notes due 2026,$25.33,0.02,0.079%,4162409800.00,United States,2019,1145,Real Estate,Real Estate Investment Trusts
RCD,Ready Capital Corporation 9.00% Senior Notes due 2029,$21.72,0.24,1.117%,0.00,United States,2024,10122,Real Estate,Real Estate Investment Trusts
RCEL,Avita Medical Inc. Common Stock,$5.14,0.15,3.006%,158192181.00,United States,,197794,Health Care,Medical/Dental Instruments
RCG,RENN Fund Inc Common Stock,$2.93,-0.0681,-2.271%,0.00,United States,,3017,Finance,Investment Managers
RCI,Rogers Communication Inc. Common Stock,$33.32,-0.03,-0.09%,18000272943.00,Canada,,1660755,Telecommunications,Cable & Other Pay Television Services
RCKT,Rocket Pharmaceuticals Inc. Common Stock,$3.91,0.01,0.256%,426670293.00,United States,2015,2030295,Health Care,Biotechnology: Pharmaceutical Preparations
RCKTW,Rocket Pharmaceuticals Inc. Warrant,$0.0099,-0.0001,-1.00%,1080316.00,United States,,27226,Health Care,Biotechnology: Pharmaceutical Preparations
RCKY,Rocky Brands Inc. Common Stock,$43.89,1.62,3.833%,330776458.00,United States,1993,77452,Consumer Discretionary,Shoe Manufacturing
RCL,Royal Caribbean Cruises Ltd. Common Stock,$285.48,19.53,7.343%,77230419940.00,United States,1993,5457873,Consumer Discretionary,Marine Transportation
RCMT,RCM Technologies Inc. Common Stock,$31.76,1.40,4.611%,223094214.00,United States,,102668,Consumer Discretionary,Professional Services
RCON,Recon Technology Ltd. Class A Ordinary Shares,$0.909,0.0212,2.388%,27840330.00,China,2009,45022,Energy,Oilfield Services/Equipment
RCS,PIMCO Strategic Income Fund Inc.,$5.58,0.14,2.574%,0.00,United States,1994,138367,Finance,Investment Managers
RCT,RedCloud Holdings plc Ordinary Shares,$0.719,0.016,2.276%,39773895.00,United Kingdom,2025,1301696,Technology,Computer Software: Programming Data Processing
RCUS,Arcus Biosciences Inc. Common Stock,$24.25,0.66,2.798%,3039724793.00,United States,2018,695685,Health Care,Biotechnology: Pharmaceutical Preparations
RDAC,Rising Dragon Acquisition Corp. Ordinary Shares,$5.67,-0.05,-0.874%,0.00,China,2024,3875,,
RDACR,Rising Dragon Acquisition Corp. Rights,$0.185,0.00,0.00%,0.00,China,2024,23,Finance,Blank Checks
RDAG,Republic Digital Acquisition Company Class A Ordinary Shares,$10.26,0.00,0.00%,0.00,United States,2025,351,Finance,Blank Checks
RDAGW,Republic Digital Acquisition Company Warrants,$0.49,0.00,0.00%,0.00,United States,2025,3,Finance,Blank Checks
RDCM,Radcom Ltd. Ordinary Shares,$12.86,-0.14,-1.077%,214639277.00,Israel,1997,51775,Technology,Computer peripheral equipment
RDDT,Reddit Inc. Class A Common Stock,$163.80,1.35,0.831%,31291661419.00,United States,2024,4063806,Technology,EDP Services
RDGT,Ridgetech Inc. Ordinary Shares,$2.23,-0.19,-7.851%,2004560.00,China,,211931,Consumer Staples,Retail-Drug Stores and Proprietary Stores
RDHL,Redhill Biopharma Ltd. American Depositary Shares,$0.8021,0.0176,2.243%,4101045.00,Israel,,56102,Health Care,Biotechnology: Pharmaceutical Preparations
RDI,Reading International Inc Class A Common Stock,$1.20,0.02,1.695%,27260712.00,United States,,36658,Consumer Discretionary,Movies/Entertainment
RDIB,Reading International Inc Class B Common Stock,$9.9899,0.2899,2.989%,226943156.00,United States,,994,Consumer Discretionary,Movies/Entertainment
RDN,Radian Group Inc. Common Stock,$35.37,0.86,2.492%,4768819283.00,United States,,781276,Finance,Property-Casualty Insurers
RDNT,RadNet Inc. Common Stock,$60.39,0.30,0.499%,4686996229.00,United States,,648020,Health Care,Medical Specialities
RDNW,RideNow Group Inc. Class B Common Stock,$6.46,0.05,0.78%,248139601.00,United States,,13112,Technology,EDP Services
RDVT,Red Violet Inc. Common Stock ,$39.42,1.15,3.005%,556212810.00,United States,,81356,Technology,Computer Software: Prepackaged Software
RDW,Redwire Corporation Common Stock,$10.34,-0.88,-7.843%,2056819648.00,United States,2021,24846254,Industrials,Military/Government/Technical
RDWR,Radware Ltd. Ordinary Shares,$25.76,0.27,1.059%,1089827547.00,Israel,1999,276120,Real Estate,Real Estate
RDY,Dr. Reddy's Laboratories Ltd Common Stock,$13.30,0.24,1.838%,11098256355.00,India,,1901146,Health Care,Biotechnology: Pharmaceutical Preparations
RDZN,Roadzen Inc. Ordinary Shares,$1.20,0.02,1.695%,95634806.00,United States,2022,93309,Finance,Specialty Insurers
RDZNW,Roadzen Inc. Warrants,$0.13,0.02,18.182%,10360437.00,United States,2022,2000,Finance,Specialty Insurers
REAL,The RealReal Inc. Common Stock,$12.08,0.75,6.62%,1455191216.00,United States,2019,4125304,Consumer Discretionary,Other Specialty Stores
REAX,The Real Brokerage Inc. Common Shares,$2.74,0.18,7.031%,581702000.00,Canada,,833062,Finance,Real Estate
REBN,Reborn Coffee Inc. Common Stock,$2.69,0.02,0.749%,16076306.00,United States,2022,57610,Consumer Discretionary,Restaurants
RECT,Rectitude Holdings Ltd Ordinary Shares,$1.62,-0.11,-6.358%,23490000.00,Singapore,2024,244460,Consumer Discretionary,Industrial Machinery/Components
REE,REE Automotive Ltd. Class A Ordinary Shares,$0.6207,0.0087,1.422%,19254692.00,Israel,,23105,Industrials,Auto Manufacturing
REED,Reed's Inc. Common Stock,$3.96,-0.28,-6.604%,0.00,,2025,12920,,
REFI,Chicago Atlantic Real Estate Finance Inc. Common Stock,$12.11,0.25,2.108%,255282094.00,United States,2021,154358,Real Estate,Real Estate Investment Trusts
REFR,Research Frontiers Incorporated Common Stock,$0.9301,-0.0062,-0.662%,32226310.00,United States,,4913,Miscellaneous,Multi-Sector Companies
REG,Regency Centers Corporation Common Stock,$80.93,1.28,1.607%,14816937053.00,United States,1993,1453624,Real Estate,Real Estate Investment Trusts
REGCO,Regency Centers Corporation 5.875% Series B Cumulative Redeemable Preferred Stock,$22.31,0.00,0.00%,4084589962.00,United States,,433,Real Estate,Real Estate Investment Trusts
REGCP,Regency Centers Corporation 6.25% Series A Cumulative Redeemable Preferred Stock,$23.325,0.03,0.129%,4270419582.00,United States,,673,Real Estate,Real Estate Investment Trusts
REGN,Regeneron Pharmaceuticals Inc. Common Stock,$750.57,4.57,0.613%,79350114789.00,United States,1991,512956,Health Care,Biotechnology: Pharmaceutical Preparations
REI,Ring Energy Inc. Common Stock,$1.25,-0.07,-5.303%,261743888.00,United States,,5849565,Energy,Oil & Gas Production
REKR,Rekor Systems Inc. Common Stock,$0.8902,-0.0397,-4.269%,121581893.00,United States,,2841267,Telecommunications,Telecommunications Equipment
RELL,Richardson Electronics Ltd. Common Stock,$13.65,0.51,3.881%,198701985.00,United States,1983,96730,Technology,Electronic Components
RELX,RELX PLC PLC American Depositary Shares (Each representing One Ordinary Share),$36.68,0.47,1.298%,66903494517.00,United Kingdom,2015,3148513,Real Estate,Real Estate
RELY,Remitly Global Inc. Common Stock,$20.01,0.38,1.936%,4215194264.00,United States,2021,8463677,Real Estate,Real Estate
RENT,Rent the Runway Inc. Class A Common Stock,$5.51,-0.06,-1.077%,184140966.00,United States,2021,132212,Consumer Discretionary,Other Specialty Stores
RENX,RenX Enterprises Corp. Common Stock,$2.42,-0.10,-3.968%,6068240.00,United States,,203299,Finance,Real Estate
REPL,Replimune Group Inc. Common Stock,$2.17,-0.02,-0.913%,179182583.00,United States,2018,5917502,Health Care,Biotechnology: Biological Products (No Diagnostic Substances)
REPX,Riley Exploration Permian Inc. Common Stock,$33.47,-2.00,-5.639%,721861815.00,United States,1999,380328,Energy,Oil & Gas Production
RERE,ATRenew Inc. American Depositary Shares (every three of which representing two Class A ordinary shares),$5.06,0.11,2.222%,1109480880.00,Cayman Islands,2021,671717,Consumer Discretionary,Other Specialty Stores
RES,RPC Inc. Common Stock,$6.53,-0.67,-9.306%,1447304433.00,United States,,3317663,Energy,Oilfield Services/Equipment
RETO,ReTo Eco-Solutions Inc. Class A Shares,$1.08,-0.01,-0.917%,3087549.00,China,2017,174884,Industrials,Industrial Machinery/Components
REVB,Revelation Biosciences Inc. Common Stock,$1.145,-0.055,-4.583%,4259881.00,United States,2020,429707,Health Care,Biotechnology: Pharmaceutical Preparations
REVBW,Revelation Biosciences Inc. Warrant,$0.0093,0.00,0.00%,34600.00,United States,2020,5286,Health Care,Biotechnology: Pharmaceutical Preparations
REX,REX American Resources Corporation,$43.05,-0.52,-1.193%,1417968760.00,United States,,407537,Industrials,Major Chemicals
REXR,Rexford Industrial Realty Inc. Common Stock,$37.01,1.08,3.006%,8309532980.00,United States,2013,2539655,Real Estate,Real Estate Investment Trusts
REXR^B,Rexford Industrial Realty Inc. 5.875% Series B Cumulative Redeemable Preferred Stock,$21.70,0.005,0.023%,,United States,,10233,,
REXR^C,Rexford Industrial Realty Inc. 5.625% Series C Cumulative Redeemable Preferred Stock par value $0.01 per share,$20.87,0.145,0.70%,,United States,,777,,
REYN,Reynolds Consumer Products Inc. Common Stock,$22.35,0.42,1.915%,4709942672.00,United States,2020,990834,Consumer Discretionary,Containers/Packaging
REZI,Resideo Technologies Inc. Common Stock ,$40.28,1.05,2.677%,6092233228.00,United States,2018,1440447,Industrials,Wholesale Distributors
RF,Regions Financial Corporation Common Stock,$28.13,0.21,0.752%,24389184187.00,United States,,14650746,Finance,Major Banks
RF^C,Regions Financial Corporation Depositary Shares each Representing a 1/40th Interest in a  Share of 5.700% Fixed-to-Floating Rate Non-Cumulative  Perpetual Preferred Stock Series C,$24.57,0.10,0.409%,,United States,,17997,,
RF^E,Regions Financial Corporation Depositary Shares Each Representing a 1/40th Interest in a Share of 4.45% Non-Cumulative Perpetual Preferred Stock Series E,$16.81,0.02,0.119%,,United States,,16504,,
RF^F,Regions Financial Corporation Depositary Shares Each Representing a 1/40th Interest in a Share of Non-Cumulative Perpetual Preferred Stock Series F,$25.57,0.04,0.157%,,United States,,37453,,
RFAI,RF Acquisition Corp II Ordinary Shares,$10.93,0.02,0.183%,0.00,Singapore,2024,4618,,
RFAIR,RF Acquisition Corp II Right,$0.095,0.00,0.00%,0.00,Singapore,2024,40,Technology,Computer Software: Prepackaged Software
RFAM,RF Acquisition Corp III Ordinary Shares,$9.82,0.00,0.00%,0.00,Singapore,2026,12,,
RFAMR,RF Acquisition Corp III Rights,$0.10,0.00,0.00%,0.00,Singapore,2026,335587,,
RFAMU,RF Acquisition Corp III Units,$9.9502,0.00,0.00%,0.00,Singapore,2026,192,Finance,Blank Checks
RFI,Cohen & Steers Total Return Realty Fund Inc. Common Stock,$11.73,0.20,1.735%,576396106.00,United States,1993,122415,Finance,Investment Managers
RFIL,RF Industries Ltd. Common Stock,$13.92,0.00,0.00%,150534597.00,United States,,344048,Technology,Electrical Products
RFL,Rafael Holdings Inc. Class B Common Stock,$1.26,0.04,3.279%,65535296.00,United States,2018,63267,Finance,Real Estate
RFM,RiverNorth Flexible Municipal Income Fund Inc. Common Stock,$14.41,0.11,0.769%,88112813.00,,2020,10296,Finance,Finance/Investors Services
RFMZ,RiverNorth Flexible Municipal Income Fund II Inc. Common Stock,$13.05,0.10,0.772%,317790416.00,,2021,175613,Finance,Trusts Except Educational Religious and Charitable
RGA,Reinsurance Group of America Incorporated Common Stock,$211.07,2.34,1.121%,13827034020.00,United States,,255460,Finance,Life Insurance
RGC,Regencell Bioscience Holdings Limited Ordinary Shares,$28.67,-1.90,-6.215%,14176996992.00,Hong Kong,2021,152556,Health Care, Medicinal Chemicals and Botanical Products 
RGCO,RGC Resources Inc. Common Stock,$22.50,-0.1725,-0.761%,233875958.00,United States,,8533,Utilities,Oil & Gas Production
RGEN,Repligen Corporation Common Stock,$131.21,4.12,3.242%,7400148742.00,United States,1986,1122394,Health Care,Biotechnology: Biological Products (No Diagnostic Substances)
RGLD,Royal Gold Inc. Common Stock,$268.12,5.99,2.285%,22747060028.00,United States,,829203,Industrials,Precious Metals
RGNT,Regentis Biomaterials Ltd. Ordinary Shares,$3.05,-0.15,-4.688%,15797103.00,,2025,2617,Health Care,Biotechnology: Pharmaceutical Preparations
RGNX,REGENXBIO Inc. Common Stock,$9.49,0.30,3.264%,489847541.00,United States,2015,454040,Health Care,Biotechnology: Biological Products (No Diagnostic Substances)
RGP,Resources Connection Inc. Common Stock,$3.93,0.06,1.55%,134914322.00,United States,,188130,Real Estate,Real Estate
RGR,Sturm Ruger & Company Inc. Common Stock,$42.21,0.23,0.548%,673008903.00,United States,,100110,Industrials,Ordnance And Accessories
RGS,Regis Corporation Common Stock,$27.01,0.98,3.765%,67491994.00,United States,1991,10952,Consumer Discretionary,Other Consumer Services
RGT,Royce Global Trust Inc. Common Stock,$14.598,0.138,0.954%,91484834.00,,2013,46892,Finance,Trusts Except Educational Religious and Charitable
RGTI,Rigetti Computing Inc. Common Stock,$19.81,0.36,1.851%,6579902534.00,United States,,40298451,Technology,EDP Services
RGTIW,Rigetti Computing Inc. Warrants,$9.375,0.245,2.683%,3113911472.00,United States,,154877,Technology,EDP Services
RH,RH Common Stock,$141.04,11.55,8.92%,2656428599.00,United States,2012,1890110,Consumer Discretionary,Other Specialty Stores
RHI,Robert Half Inc. Common Stock,$27.44,1.04,3.939%,2809724947.00,United States,,2250981,Consumer Discretionary,Professional Services
RHLD,Resolute Holdings Management Common Stock ,$147.72,0.64,0.435%,1251780757.00,United States,,246584,Finance,Finance: Consumer Services
RHP,Ryman Hospitality Properties Inc. (REIT),$103.54,3.00,2.984%,6534334023.00,United States,,428661,Real Estate,Real Estate Investment Trusts
RIBB,Ribbon Acquisition Corp Class A Ordinary Shares,$10.51,0.00,0.00%,0.00,Japan,2025,8,,
RIBBR,Ribbon Acquisition Corp Rights,$0.176,0.00,0.00%,0.00,Japan,2025,61,,
RIBBU,Ribbon Acquisition Corp Unit,$11.78,0.00,0.00%,0.00,Japan,2025,16,,
RICK,RCI Hospitality Holdings Inc. Common Stock,$26.22,1.57,6.369%,202156200.00,United States,1995,97261,Consumer Discretionary,Restaurants
RIG,Transocean Ltd (Switzerland) Common Stock,$5.94,-0.41,-6.457%,6574098724.00,Switzerland,,48130154,Energy,Oil & Gas Production
RIGL,Rigel Pharmaceuticals Inc. Common Stock,$32.43,0.66,2.077%,599307016.00,United States,2000,418107,Health Care,Biotechnology: Pharmaceutical Preparations
RILY,BRC Group Holdings Inc. Common Stock,$7.80,0.10,1.299%,274177270.00,United States,,1033424,Finance,Investment Managers
RILYG,BRC Group Holdings Inc. 5.00% Senior Notes due 2026,$23.40,-0.0899,-0.383%,713631344.00,United States,,19549,Finance,Investment Managers
RILYL,BRC Group Holdings Inc. Depositary Shares each representing 1/1000th in a share of 7.375% Series B Cumulative Perpetual Preferred Stock par value $0.0001,$12.00,-0.21,-1.72%,421811184.00,United States,,4135,Finance,Investment Managers
RILYN,BRC Group Holdings Inc. 6.50% Senior Notes Due 2026,$24.29,0.0044,0.018%,740773733.00,United States,,22011,Finance,Investment Managers
RILYP,BRC Group Holdings Inc. Depositary Shares each representing a 1/1000th fractional interest in a share of Series A Cumulative Perpetual Preferred Stock,$11.60,-0.21,-1.778%,407750811.00,United States,,2434,Finance,Investment Managers
RILYT,BRC Group Holdings Inc. 6.00% Senior Notes Due 2028,$18.03,-0.3787,-2.057%,549862100.00,United States,,27842,Finance,Investment Managers
RILYZ,BRC Group Holdings Inc. 5.25% Senior Notes due 2028,$16.12,-0.13,-0.80%,491612704.00,United States,,40054,Finance,Investment Managers
RIME,Algorhythm Holdings Inc. Common Stock,$1.08,0.00,0.00%,15823798.00,United States,,493786,Consumer Staples,Diversified Electronic Products
RIO,Rio Tinto Plc Common Stock,$100.15,0.44,0.441%,125789432947.00,Australia,2002,2793016,Basic Materials,Metal Mining
RIOT,Riot Platforms Inc. Common Stock ,$18.11,1.19,7.033%,6865969125.00,United States,,20535136,Finance,Finance: Consumer Services
RITM,Rithm Capital Corp. Common Stock,$10.16,0.20,2.008%,5672395026.00,United States,,6910552,Real Estate,Real Estate Investment Trusts
RITM^A,Rithm Capital Corp. 7.50% Series A Fixed-to-Floating Rate Cumulative Redeemable Preferred Stock,$25.65,0.07,0.274%,,United States,,10026,,
RITM^B,Rithm Capital Corp. 7.125% Series B Fixed-to-Floating Rate Cumulative Redeemable Preferred Stock,$25.25,0.03,0.119%,,United States,,54823,,
RITM^C,Rithm Capital Corp. 6.375% Series C Fixed-to-Floating Rate Cumulative Redeemable Preferred Stock,$24.61,0.10,0.408%,,United States,,21103,,
RITM^D,Rithm Capital Corp. 7.00% Fixed-Rate Reset Series D Cumulative Redeemable Preferred Stock,$25.02,0.02,0.08%,,United States,,19953,,
RITM^E,Rithm Capital Corp. 8.75% Series E Fixed-Rate Cumulative Redeemable Preferred Stock,$24.97,0.09,0.362%,,United States,,20040,,
RITM^F,Rithm Capital Corp. 8.750% Series F Fixed-Rate Reset Cumulative Redeemable Preferred Stock,$25.14,0.12,0.48%,,United States,,32749,,
RITR,Reitar Logtech Holdings Limited Ordinary shares,$0.4816,0.0003,0.062%,30072910.00,Hong Kong,2024,48300,Finance,Real Estate
RIV,RiverNorth Opportunities Fund Inc. Common Stock,$11.59,0.10,0.87%,0.00,United States,2015,83688,Finance,Finance Companies
RIV^A,RiverNorth Opportunities Fund Inc. 6.00% Series A Perpetual Preferred Stock,$22.64,0.04,0.177%,,United States,,5272,,
RIVN,Rivian Automotive Inc. Class A Common Stock,$17.23,0.34,2.013%,21382254064.00,United States,2021,32216053,Industrials,Auto Manufacturing
RJET,Republic Airways Holdings Inc. Common Stock,$21.05,0.95,4.726%,985760470.00,United States,2018,149578,Consumer Discretionary,Air Freight/Delivery Services
RJF,Raymond James Financial Inc. Common Stock,$151.75,0.89,0.59%,29908564865.00,United States,,1836867,Finance,Investment Bankers/Brokers/Service
RKDA,Arcadia Biosciences Inc. Common Stock,$1.18,-0.16,-11.94%,2427123.00,United States,2015,291276,Consumer Staples,Farming/Seeds/Milling
RKLB,Rocket Lab Corporation Common Stock,$84.80,1.87,2.255%,48825067040.00,United States,2020,25991481,Industrials,Military/Government/Technical
RKT,Rocket Companies Inc. Class A Common Stock,$16.63,0.87,5.52%,46893529720.00,United States,2020,37316124,Finance,Finance: Consumer Services
RL,Ralph Lauren Corporation Common Stock,$386.88,17.18,4.647%,23420327461.00,United States,1997,690237,Industrials,Garments and Clothing
RLAY,Relay Therapeutics Inc. Common Stock,$16.76,0.65,4.035%,2995444559.00,United States,2020,2360118,Health Care,Biotechnology: Biological Products (No Diagnostic Substances)
RLGT,Radiant Logistics Inc. Common Stock,$8.32,0.22,2.716%,389596846.00,United States,,177673,Industrials,Integrated Freight & Logistics
RLI,RLI Corp. Common Stock (DE),$59.02,0.03,0.051%,5425940608.00,United States,,480008,Finance,Property-Casualty Insurers
RLJ,RLJ Lodging Trust Common Shares of Beneficial Interest $0.01 par value,$8.09,0.09,1.125%,1229012874.00,United States,2011,5684915,Real Estate,Real Estate Investment Trusts
RLJ^A,RLJ Lodging Trust $1.95 Series A Cumulative Convertible  Preferred Shares,$25.03,-0.07,-0.279%,,United States,,15418,,
RLMD,Relmada Therapeutics Inc. Common Stock,$7.48,0.48,6.857%,784563983.00,United States,,2384653,Health Care,Biotechnology: Pharmaceutical Preparations
RLTY,Cohen & Steers Real Estate Opportunities and Income Fund Common Shares of Beneficial Interest,$15.70,0.30,1.948%,0.00,,2022,39393,Finance,Investment Managers
RLX,RLX Technology Inc. American Depositary Shares each representing the right to receive one (1) Class A ordinary share,$2.17,-0.01,-0.459%,3408615537.00,Cayman Islands,2021,1061362,Health Care, Medicinal Chemicals and Botanical Products 
RLYB,Rallybio Corporation Common Stock,$8.22,-0.11,-1.321%,43481129.00,United States,2021,32652,Health Care,Biotechnology: Pharmaceutical Preparations
RM,Regional Management Corp. Common Stock,$39.99,1.45,3.762%,373097742.00,United States,2012,95880,Finance,Finance: Consumer Services
RMAX,RE/MAX Holdings Inc. Class A Common Stock,$6.41,0.41,6.833%,129113130.00,United States,2013,262510,Finance,Real Estate
RMBI,Richmond Mutual Bancorporation Inc. Common Stock,$14.55,0.36,2.537%,152793333.00,United States,2019,147037,Finance,Major Banks
RMBS,Rambus Inc. Common Stock,$126.93,6.90,5.749%,13681877613.00,United States,1997,2108080,Technology,Semiconductors
RMCF,Rocky Mountain Chocolate Factory Inc. Common Stock,$2.25,-0.03,-1.316%,20998850.00,United States,,25855,Consumer Staples,Specialty Foods
RMCO,Royalty Management Holding Corporation Class A Common Stock,$2.88,0.12,4.348%,43631150.00,United States,2023,35660,Miscellaneous,Multi-Sector Companies
RMCOW,Royalty Management Holding Corporation Warrant,$0.23,0.00,0.00%,3484432.00,United States,2023,4700,Miscellaneous,Multi-Sector Companies
RMD,ResMed Inc. Common Stock,$228.12,3.40,1.513%,33232156836.00,United States,,1173220,Health Care,Medical/Dental Instruments
RMI,RiverNorth Opportunistic Municipal Income Fund Inc. Common Stock,$15.385,0.195,1.284%,98052728.00,,2018,6181,Finance,Finance/Investors Services
RMIX,Suncrete Inc. Class A Common Stock,$12.73,-0.14,-1.088%,1089912875.00,United States,,598798,Industrials,Building Materials
RMM,RiverNorth Managed Duration Municipal Income Fund Inc. Common Stock,$14.39,0.11,0.77%,284053247.00,,2019,39210,Finance,Trusts Except Educational Religious and Charitable
RMMZ,RiverNorth Managed Duration Municipal Income Fund II Inc. Common Stock,$14.91,0.07,0.472%,294317853.00,,2022,23899,Finance,Investment Managers
RMNI,Rimini Street Inc. (DE) Common Stock,$3.72,0.12,3.333%,340990080.00,United States,2015,493517,Real Estate,Real Estate
RMR,The RMR Group Inc. Class A Common Stock,$16.96,0.38,2.292%,543706682.00,United States,,158744,Consumer Discretionary,Professional Services
RMSG,Real Messenger Corporation Ordinary Shares,$2.71,0.16,6.275%,25938172.00,United States,,7963182,Technology,Computer Software: Programming Data Processing
RMSGW,Real Messenger Corporation Warrants,$0.0937,-0.0153,-14.037%,896829.00,United States,,49323,Technology,Computer Software: Programming Data Processing
RMT,Royce Micro-Cap Trust Inc. Common Stock,$13.05,0.28,2.193%,603811846.00,United States,,225280,Finance,Investment Managers
RMTI,Rockwell Medical Inc. Common Stock,$0.9137,-0.0025,-0.273%,36004624.00,United States,1998,194038,Health Care,Biotechnology: Pharmaceutical Preparations
RNA,Atrium Therapeutics Inc. Common Stock,$14.41,0.38,2.708%,2235706399.00,United States,,632822,Health Care,Biotechnology: Pharmaceutical Preparations
RNAC,Cartesian Therapeutics Inc. Common Stock,$7.04,0.66,10.345%,186623529.00,United States,2016,373266,Health Care,Biotechnology: Pharmaceutical Preparations
RNAZ,TransCode Therapeutics Inc. Common Stock,$8.80,0.10,1.149%,8069318.00,United States,2021,4313,Health Care,Biotechnology: Pharmaceutical Preparations
RNG,RingCentral Inc. Class A Common Stock,$40.39,0.06,0.149%,3395691143.00,United States,2013,1417446,Technology,EDP Services
RNGR,Ranger Energy Services Inc. Class A Common Stock,$17.06,-0.19,-1.101%,407917651.00,United States,2017,332924,Energy,Oilfield Services/Equipment
RNGT,Range Capital Acquisition Corp II Class A Ordinary Shares,$10.02,0.00,0.00%,0.00,United States,2025,906,Finance,Blank Checks
RNGTU,Range Capital Acquisition Corp II Units,$10.13,0.00,0.00%,0.00,United States,2025,60,Finance,Blank Checks
RNP,Cohen & Steers REIT and Preferred and Income Fund Inc. Common Shares,$21.03,0.25,1.203%,1033385347.00,United States,2003,82549,Finance,Investment Managers
RNR,RenaissanceRe Holdings Ltd. Common Stock,$315.20,0.58,0.184%,13602080282.00,Bermuda,,190407,Finance,Property-Casualty Insurers
RNR^F,RenaissanceRe Holdings Ltd. Depositary Shares each Representing a 1/1000th Interest in a 5.750% Series F Preference Share,$21.66,0.07,0.324%,,Bermuda,,12774,,
RNR^G,RenaissanceRe Holdings Ltd. Depositary Shares each representing a 1/1000th interest in a share of 4.20% Series G Preference Shares,$15.83,0.05,0.317%,,Bermuda,,18883,,
RNST,Renasant Corporation Common Stock,$40.47,1.06,2.69%,3809939164.00,United States,2023,763268,Finance,Major Banks
RNTX,Rein Therapeutics Inc. Common Stock,$1.76,0.06,3.529%,49348696.00,United States,2017,56270,Health Care,Biotechnology: Pharmaceutical Preparations
RNW,ReNew Energy Global plc Class A Ordinary Shares,$4.99,0.00,0.00%,1810218029.00,United Kingdom,,734104,Utilities,Electric Utilities: Central
RNWWW,ReNew Energy Global plc Warrant,$0.0074,0.0015,25.424%,2684492.00,United Kingdom,,4882,Utilities,Electric Utilities: Central
RNXT,RenovoRx Inc. Common Stock,$1.00,0.00,0.00%,45052706.00,United States,2021,256589,Health Care,Biotechnology: Pharmaceutical Preparations
ROAD,Construction Partners Inc. Class A Common Stock,$125.64,13.49,12.029%,7100591841.00,United States,2018,1034100,Industrials,Military/Government/Technical
ROC,Rank One Computing Corporation Common stock,$6.18,-0.135,-2.138%,117915185.00,United States,2026,24823,Technology,Computer Software: Prepackaged Software
ROCK,Gibraltar Industries Inc. Common Stock,$39.40,1.77,4.704%,1168640603.00,United States,1993,341751,Industrials,Steel/Iron Ore
ROG,Rogers Corporation Common Stock,$122.34,3.36,2.824%,2181998373.00,United States,1960,303323,Industrials,Major Chemicals
ROIV,Roivant Sciences Ltd. Common Shares,$29.83,0.64,2.193%,21349364917.00,United Kingdom,,6502942,Health Care,Biotechnology: Pharmaceutical Preparations
ROK,Rockwell Automation Inc. Common Stock,$415.73,12.92,3.207%,46710553093.00,United States,,865338,Industrials,Industrial Machinery/Components
ROKU,Roku Inc. Class A Common Stock,$116.19,4.32,3.862%,17129633642.00,United States,2017,3102153,Telecommunications,Cable & Other Pay Television Services
ROL,Rollins Inc. Common Stock,$55.00,0.51,0.936%,26509386420.00,United States,,2422865,Consumer Discretionary,Diversified Commercial Services
ROLR,High Roller Technologies Inc. Common Stock,$7.58,0.04,0.531%,82546943.00,,2024,1659406,Consumer Discretionary,Services-Misc. Amusement & Recreation
ROMA,Roma Green Finance Limited Class A Ordinary Shares,$5.365,0.395,7.948%,319563923.00,Hong Kong,2024,118883,Consumer Discretionary,Professional Services
ROOT,Root Inc. Class A Common Stock,$54.70,2.95,5.70%,865470839.00,United States,2020,420569,Finance,Property-Casualty Insurers
ROP,Roper Technologies Inc. Common Stock,$362.44,0.56,0.155%,37104005243.00,United States,1992,1113502,Technology,Computer Software: Programming Data Processing
ROST,Ross Stores Inc. Common Stock,$227.82,5.85,2.635%,73391791077.00,United States,1985,2909666,Consumer Discretionary,Clothing/Shoe/Accessory Stores
RPAY,Repay Holdings Corporation Class A Common Stock,$4.11,0.93,29.245%,352970836.00,United States,2018,25089734,Real Estate,Real Estate
RPC,Ridgepost Capital Inc. Class A Common Stock,$7.85,0.04,0.512%,859618764.00,United States,2021,1071122,Finance,Investment Managers
RPD,Rapid7 Inc. Common Stock,$5.68,-0.09,-1.56%,374272876.00,United States,2015,1742081,Technology,Computer Software: Prepackaged Software
RPGL,Republic Power Group Limited Class A Ordinary Shares,$0.4685,-0.0385,-7.594%,1455291.00,Singapore,2025,1603364,Technology,Computer Software: Prepackaged Software
RPID,Rapid Micro Biosystems Inc. Class A Common Stock,$2.28,0.02,0.885%,104348851.00,United States,2021,199427,Industrials,Biotechnology: Laboratory Analytical Instruments
RPM,RPM International Inc. Common Stock,$109.81,4.16,3.938%,14014668930.00,United States,,964263,Consumer Discretionary,Paints/Coatings
RPRX,Royalty Pharma plc Class A Ordinary Shares ,$50.00,1.52,3.135%,28846859350.00,United States,2020,3036311,Health Care,Biotechnology: Pharmaceutical Preparations
RPT,Rithm Property Trust Inc. Common stock,$14.44,0.05,0.347%,109329716.00,United States,2015,18382,Real Estate,Real Estate Investment Trusts
RPT^C,Rithm Property Trust Inc. 9.875% Series C Fixed-to-Floating Rate Cumulative Redeemable Preferred Stock,$25.26,0.26,1.04%,,United States,,925,,
RQI,Cohen & Steers Quality Income Realty Fund Inc Common Shares,$13.34,0.25,1.91%,1791567443.00,United States,2002,326000,Finance,Trusts Except Educational Religious and Charitable
RR,Richtech Robotics Inc. Class B Common Stock,$2.41,0.02,0.837%,885246632.00,United States,2023,11414005,Industrials,Industrial Machinery/Components
RRBI,Red River Bancshares Inc. Common Stock,$96.53,1.97,2.083%,634895765.00,United States,2019,73051,Consumer Discretionary,Hotels/Resorts
RRC,Range Resources Corporation Common Stock,$41.71,-0.56,-1.325%,9822076389.00,United States,,4771672,Energy,Oil & Gas Production
RRGB,Red Robin Gourmet Burgers Inc. Common Stock,$3.95,0.115,2.999%,71634554.00,United States,2002,713091,Consumer Discretionary,Restaurants
RRR,Red Rock Resorts Inc. Class A Common Stock,$56.91,0.36,0.637%,5977077009.00,United States,2016,1088813,Consumer Discretionary,Hotels/Resorts
RRX,Regal Rexnord Corporation Common Stock,$205.40,9.33,4.759%,13672549387.00,United States,1976,1062470,Consumer Discretionary,Metal Fabrications
RS,Reliance Inc. Common Stock,$325.54,6.20,1.942%,16637985121.00,United States,1994,281328,Industrials,Metal Fabrications
RSF,RiverNorth Capital and Income Fund Common Stock,$14.62,0.03,0.206%,48853856.00,,2019,8572,Finance,Investment Managers
RSG,Republic Services Inc. Common Stock,$207.66,-2.00,-0.954%,64157842831.00,United States,1998,2197587,Utilities,Environmental Services
RSI,Rush Street Interactive Inc. Class A Common Stock,$22.89,0.22,0.97%,5318519540.00,United States,2020,2121321,Consumer Discretionary,Services-Misc. Amusement & Recreation
RSKD,Riskified Ltd. Class A Ordinary Shares,$4.46,-0.04,-0.889%,660994817.00,,2021,603664,Real Estate,Real Estate
RSSS,Research Solutions Inc Common Stock,$2.59,0.16,6.584%,85225183.00,United States,,51451,Technology,EDP Services
RSVR,Reservoir Media Inc. Common Stock,$10.00,0.09,0.908%,656002190.00,United States,2021,91467,Consumer Discretionary,Services-Misc. Amusement & Recreation
RTAC,Renatus Tactical Acquisition Corp I Class A Ordinary Shares,$10.31,0.00,0.00%,0.00,United States,2025,146523,Finance,Blank Checks
RTACU,Renatus Tactical Acquisition Corp I Unit,$10.54,0.01,0.095%,0.00,United States,2025,565,Finance,Blank Checks
RTACW,Renatus Tactical Acquisition Corp I Warrant,$0.5401,-0.0399,-6.879%,0.00,United States,2025,6100,Finance,Blank Checks
RTO,Rentokil Initial plc American Depositary Shares (each representing five (5) Ordinary Shares),$33.87,0.18,0.534%,8542014000.00,United States,2022,1351730,Consumer Discretionary,Other Consumer Services
RTX,RTX Corporation Common Stock,$196.42,0.57,0.291%,264376256292.00,United States,,4771042,Industrials,Aerospace
RUBI,Rubico Inc. Common Stock,$3.52,0.095,2.774%,2665893.00,Greece,,144414,Consumer Discretionary,Marine Transportation
RUM,Rumble Inc. Class A Common Stock,$6.32,-0.07,-1.095%,2750657430.00,United States,2021,4182338,Technology,Computer Software: Programming Data Processing
RUMBW,Rumble Inc. Warrant,$1.10,0.03,2.804%,478753667.00,United States,2021,25946,Technology,Computer Software: Programming Data Processing
RUN,Sunrun Inc. Common Stock,$12.40,0.30,2.479%,2907705797.00,United States,2015,16990478,Miscellaneous,Industrial Machinery/Components
RUSHA,Rush Enterprises Inc. Common Stock Cl A,$73.93,4.06,5.811%,5788174136.00,United States,,544875,Consumer Discretionary,Retail-Auto Dealers and Gas Stations
RUSHB,Rush Enterprises Inc. Class B,$74.20,3.42,4.832%,5809313146.00,United States,,66399,Consumer Discretionary,Retail-Auto Dealers and Gas Stations
RVI,Robinhood Ventures Fund I Common Shares of Beneficial Interest,$25.15,0.21,0.842%,0.00,,2026,270415,,
RVLV,Revolve Group Inc. Class A Common Stock,$27.30,0.81,3.058%,2252420407.00,United States,2019,1466124,Consumer Discretionary,Catalog/Specialty Distribution
RVMD,Revolution Medicines Inc. Common Stock,$148.63,-0.64,-0.429%,29454511996.00,United States,2020,4759130,Health Care,Biotechnology: Biological Products (No Diagnostic Substances)
RVMDW,Revolution Medicines Inc. Warrant,$5.43,-0.08,-1.452%,1076081546.00,United States,,140565,Health Care,Biotechnology: Biological Products (No Diagnostic Substances)
RVP,Retractable Technologies Inc. Common Stock,$0.67,-0.02,-2.899%,20057897.00,United States,2001,74529,Health Care,Medical/Dental Instruments
RVPH,Reviva Pharmaceuticals Holdings Inc. Common Stock ,$0.85,-0.024,-2.746%,10888820.00,United States,2020,781760,Health Care,Biotechnology: Pharmaceutical Preparations
RVSB,Riverview Bancorp Inc Common Stock,$5.48,-0.02,-0.364%,113495737.00,United States,,50101,Finance,Savings Institutions
RVSN,Rail Vision Ltd. Ordinary Share,$8.36,0.01,0.12%,18326675.00,Israel,2022,8036,Industrials,Railroads
RVSNW,Rail Vision Ltd. Warrant,$0.03,0.00,0.00%,65766.00,Israel,2022,1535,Industrials,Railroads
RVT,Royce Small-Cap Trust Inc. Common Stock,$18.05,0.31,1.747%,1948618706.00,United States,1986,213633,Finance,Trusts Except Educational Religious and Charitable
RVTY,Revvity Inc. Common Stock,$93.96,4.43,4.948%,10505040605.00,United States,,1050534,Industrials,Biotechnology: Laboratory Analytical Instruments
RVYL,Ryvyl Inc. Common Stock,$6.16,0.10,1.65%,7883352.00,United States,,39270,Consumer Discretionary,Professional Services
RWAY,Runway Growth Finance Corp. Common Stock,$6.77,0.08,1.196%,244627430.00,United States,2021,573627,Finance,Finance: Consumer Services
RWAYI,Runway Growth Finance Corp. 7.25% Notes due 2031,$25.38,-0.06,-0.236%,0.00,United States,,5832,Finance,Finance: Consumer Services
RWAYL,Runway Growth Finance Corp. 7.50% Notes due 2027,$25.40,-0.05,-0.196%,919902453.00,United States,,8286,Finance,Finance: Consumer Services
RWT,Redwood Trust Inc. Common Stock,$6.00,0.08,1.351%,749969586.00,United States,1995,1324233,Real Estate,Real Estate Investment Trusts
RWT^A,Redwood Trust Inc. 10.00% Series A Fixed-Rate Reset Cumulative Redeemable Preferred Stock,$24.5999,0.4599,1.905%,,United States,,6912,,
RWTN,Redwood Trust Inc. 9.125% Senior Notes Due 2029,$25.05,0.10,0.401%,3237047773.00,United States,2024,7569,Real Estate,Real Estate Investment Trusts
RWTO,Redwood Trust Inc. 9.00% Senior Notes Due 2029,$25.12,0.25,1.005%,3246093416.00,United States,2024,5019,Real Estate,Real Estate Investment Trusts
RWTP,Redwood Trust Inc. 9.125% Senior Notes Due 2030,$24.75,0.17,0.692%,0.00,United States,2025,20790,Real Estate,Real Estate Investment Trusts
RWTQ,Redwood Trust Inc. 9.500% Senior Notes Due 2030,$24.42,0.30,1.244%,0.00,United States,2025,28635,Real Estate,Real Estate Investment Trusts
RXO,RXO Inc. Common Stock,$18.70,0.72,4.004%,3080099851.00,United States,2022,1801006,Consumer Discretionary,Transportation Services
RXRX,Recursion Pharmaceuticals Inc. Class A Common Stock,$3.78,0.18,5.00%,1993564429.00,United States,2021,14252327,Health Care,Biotechnology: Biological Products (No Diagnostic Substances)
RXST,RxSight Inc. Common Stock,$7.61,0.23,3.117%,314036809.00,United States,2021,600149,Health Care,Ophthalmic Goods
RXT,Rackspace Technology Inc. Common Stock,$1.47,0.14,10.526%,362964167.00,United States,2020,10460894,Technology,Computer Software: Programming Data Processing
RY,Royal Bank Of Canada Common Stock,$178.44,2.59,1.473%,249195878174.00,Canada,,2344318,Finance,Commercial Banks
RYAAY,Ryanair Holdings plc American Depositary Shares,$62.03,4.65,8.104%,32642281932.00,Ireland,1997,1917728,Consumer Discretionary,Air Freight/Delivery Services
RYAM,Rayonier Advanced Materials Inc. Common Stock,$10.21,0.35,3.55%,688088309.00,United States,2014,495754,Basic Materials,Paper
RYAN,Ryan Specialty Holdings Inc. Class A Common Stock,$37.45,0.08,0.214%,9856074934.00,United States,2021,1725555,Finance,Specialty Insurers
RYDE,Ryde Group Ltd. Class A Ordinary Shares,$1.49,0.00,0.00%,131578661.00,,2024,696886,Real Estate,Real Estate
RYET,Ruanyun Edai Technology Inc. Ordinary shares,$1.13,-0.01,-0.877%,38815505.00,China,2025,16616,Technology,Computer Software: Prepackaged Software
RYM,RYTHM Inc. Common Stock,$25.10,0.05,0.20%,53943615.00,United States,2021,8214,Consumer Staples,Farming/Seeds/Milling
RYN,Rayonier Inc. REIT Common Stock,$21.32,0.29,1.379%,6441552952.00,United States,,2259431,Real Estate,Real Estate Investment Trusts
RYOJ,rYojbaba Co. Ltd. Common Shares,$2.05,0.0284,1.405%,23677500.00,Japan,2025,1507,Consumer Discretionary,Professional Services
RYTM,Rhythm Pharmaceuticals Inc. Common Stock,$88.69,0.58,0.658%,6056200109.00,United States,2017,688690,Health Care,Biotechnology: Pharmaceutical Preparations
RYZ,Ryerson Holding Corporation Common Stock,$24.83,0.97,4.065%,1284165712.00,United States,2014,339245,Industrials,Metal Fabrications
RZB,Reinsurance Group of America Incorporated 5.75% Fixed-To-Floating Rate Subordinated Debentures due 2056,$25.15,-0.02,-0.079%,1647557235.00,United States,2016,6370,Finance,Life Insurance
RZC,Reinsurance Group of America Incorporated 7.125% Fixed-Rate Reset Subordinated Debentures due 2052,$25.33,0.02,0.079%,1659348897.00,United States,2022,13439,Finance,Life Insurance
RZLT,Rezolute Inc. Common Stock (NV),$3.46,-0.08,-2.26%,331113990.00,United States,,1108519,Health Care,Biotechnology: Pharmaceutical Preparations
RZLV,Rezolve AI PLC Ordinary Shares,$2.70,-0.02,-0.735%,1081057768.00,United Kingdom,,12621025,Technology,Computer Software: Programming Data Processing
RZLVW,Rezolve AI PLC Warrants,$1.04,0.0199,1.951%,416407437.00,United Kingdom,,19622,Technology,Computer Software: Programming Data Processing
S,SentinelOne Inc. Class A Common Stock,$14.02,0.09,0.646%,4770676474.00,United States,2021,6822210,Technology,Computer Software: Prepackaged Software
SA,Seabridge Gold Inc. Ordinary Shares (Canada),$33.60,2.13,6.768%,3607738949.00,Canada,,763557,Basic Materials,Precious Metals
SAAQ,Space Asset Acquisition Corp. Class A Ordinary Shares,$10.16,0.00,0.00%,0.00,United States,2026,28063,Finance,Blank Checks
SAAQU,Space Asset Acquisition Corp. Units,$10.35,0.015,0.145%,0.00,United States,2026,15075,Finance,Blank Checks
SAAQW,Space Asset Acquisition Corp. Warrants,$0.6372,-0.0728,-10.254%,0.00,United States,2026,182650,,
SABA,Saba Capital Income & Opportunities Fund II Shares of Beneficial Interest,$8.53,0.05,0.59%,0.00,United States,,100580,,
SABR,Sabre Corporation Common Stock,$1.89,0.15,8.621%,746877238.00,United States,2014,5393699,Technology,Computer Software: Programming Data Processing
SABS,SAB Biotherapeutics Inc. Common Stock,$3.85,-0.07,-1.786%,196161492.00,United States,2021,346101,Health Care,Biotechnology: Biological Products (No Diagnostic Substances)
SABSW,SAB Biotherapeutics Inc. Warrant,$0.0277,0.00,0.00%,1411344.00,United States,2021,2160,Health Care,Biotechnology: Biological Products (No Diagnostic Substances)
SACH,Sachem Capital Corp. Common Shares,$1.06,0.00,0.00%,50845202.00,United States,2017,101319,Real Estate,Real Estate Investment Trusts
SACH^A,Sachem Capital Corp. 7.75% Series A Cumulative Redeemable Preferred Stock,$18.25,0.0001,0.001%,,United States,,854,,
SAFE,Safehold Inc. New Common Stock ,$15.48,0.27,1.775%,1111857533.00,United States,2023,598333,Real Estate,Real Estate Investment Trusts
SAFT,Safety Insurance Group Inc. Common Stock,$76.69,0.97,1.281%,1126107754.00,United States,2002,75477,Finance,Property-Casualty Insurers
SAFX,XCF Global Inc. Class A Common Stock,$0.4166,-0.0188,-4.318%,114751923.00,United States,,13920924,Industrials,Major Chemicals
SAGT,SAGTEC GLOBAL LIMITED Class A Ordinary shares,$1.72,-0.13,-7.027%,21586000.00,Malaysia,2025,90542,Technology,Computer Software: Prepackaged Software
SAH,Sonic Automotive Inc. Common Stock,$70.70,3.33,4.943%,2371769506.00,United States,1997,165206,Consumer Discretionary,Retail-Auto Dealers and Gas Stations
SAIA,Saia Inc. Common Stock,$434.22,11.66,2.759%,11580439843.00,United States,,709622,Industrials,Trucking Freight/Courier Services
SAIC,Science Applications International Corporation Common Stock,$95.38,0.15,0.158%,4141334074.00,United States,,488174,Technology,EDP Services
SAIH,SAIHEAT Limited Class A Ordinary Shares,$10.55,0.08,0.764%,18493623.00,Singapore,2021,876,Technology,EDP Services
SAIHW,SAIHEAT Limited Warrant,$0.0261,0.00,0.00%,45752.00,Singapore,2021,1,Technology,EDP Services
SAIL,SailPoint Inc. Common Stock,$11.57,-0.12,-1.027%,6523205662.00,United States,2025,3073320,Technology,Computer Software: Prepackaged Software
SAJ,Saratoga Investment Corp 8.00% Notes due 2027,$25.46,0.04,0.157%,398910615.00,United States,2022,403,Finance,Investment Managers
SAM,Boston Beer Company Inc. (The) Common Stock,$245.33,0.81,0.331%,2561580321.00,United States,,112048,Consumer Staples,Beverages (Production/Distribution)
SAMG,Silvercrest Asset Management Group Inc. Class A Common Stock,$13.73,0.13,0.956%,161931826.00,United States,2013,19555,Finance,Investment Managers
SAN,Banco Santander S.A. Sponsored ADR (Spain),$12.88,0.58,4.715%,189583597856.00,Spain,,8848627,Finance,Commercial Banks
SANA,Sana Biotechnology Inc. Common Stock,$3.52,0.05,1.441%,939371477.00,United States,2021,3259508,Health Care,Biotechnology: Biological Products (No Diagnostic Substances)
SANG,Sangoma Technologies Corporation Common Shares,$4.20,0.07,1.695%,139511320.00,Canada,,12988,Technology,Computer Software: Programming Data Processing
SANM,Sanmina Corporation Common Stock,$174.09,5.12,3.03%,9506164952.00,United States,1993,1042152,Technology,Electrical Products
SAP,SAP  SE ADS,$181.22,3.81,2.148%,222629536923.00,Germany,,6647530,Technology,Computer Software: Prepackaged Software
SAR,Saratoga Investment Corp New,$23.37,0.39,1.697%,378221435.00,United States,,96213,Finance,Investment Managers
SARO,StandardAero Inc. Common Stock,$26.76,0.75,2.884%,8901842823.00,United States,2024,2363748,Industrials,Aerospace
SAT,Saratoga Investment Corp 6.00% Notes due 2027,$24.95,0.11,0.443%,390919868.00,United States,2022,3153,Finance,Investment Managers
SATA,Strive Inc. Variable Rate Series A Perpetual Preferred Stock,$99.58,0.32,0.322%,6886831810.00,United States,,193274,,
SATL,Satellogic Inc. Class A Common Stock,$6.93,-0.59,-7.846%,991396368.00,Uruguay,,8791401,Technology,Radio And Television Broadcasting And Communications Equipment
SATLW,Satellogic Inc. Warrant,$1.65,-0.32,-16.244%,236046754.00,Uruguay,,27669,Technology,Radio And Television Broadcasting And Communications Equipment
SATS,EchoStar  Corporation Common Stock,$133.21,0.71,0.536%,38481153177.00,United States,,5815843,Consumer Discretionary,Telecommunications Equipment
SAV,Saratoga Investment Corp 7.50% Notes due 2031,$25.27,0.02,0.079%,0.00,United States,2026,5215,Finance,Investment Managers
SAY,Saratoga Investment Corp 8.125% Notes due 2027,$25.41,0.01,0.039%,398127209.00,United States,2022,4636,Finance,Investment Managers
SAZ,Saratoga Investment Corp 8.50% Notes due 2028,$25.52,0.06,0.236%,399850703.00,United States,2023,1248,Finance,Investment Managers
SB,Safe Bulkers Inc Common Stock ($0.001 par value),$6.64,0.11,1.685%,678905352.00,Monaco,2008,402909,Consumer Discretionary,Marine Transportation
SB^C,Safe Bulkers Inc Cumulative Redeemable Perpetual Preferred Series C (Marshall Islands),$25.84,-0.77,-2.894%,,Monaco,,2744,,
SB^D,Safe Bulkers Inc Perpetual Preferred Series D (Marshall Islands),$26.38,-0.1501,-0.566%,,Monaco,,3265,,
SBAC,SBA Communications Corporation Class A Common Stock,$223.14,1.38,0.622%,23666765498.00,United States,1999,944863,Real Estate,Real Estate Investment Trusts
SBC,SBC Medical Group Holdings Incorporated Common Stock,$4.49,0.07,1.584%,460570474.00,United States,2022,93532,Health Care,Medical/Nursing Services
SBCF,Seacoast Banking Corporation of Florida Common Stock,$32.73,0.57,1.772%,3196326833.00,United States,,715337,Finance,Major Banks
SBCWW,SBC Medical Group Holdings Incorporated Warrants,$0.22,-0.031,-12.351%,22566927.00,United States,2022,71869,Health Care,Medical/Nursing Services
SBET,Sharplink Inc. Common Stock,$7.99,0.25,3.23%,1575321368.00,United States,,7821842,Technology,Computer Software: Prepackaged Software
SBEV,Splash Beverage Group Inc. (NV) Common Stock,$0.356,0.0061,1.743%,3543460.00,,2021,384021,Consumer Staples,Beverages (Production/Distribution)
SBFG,SB Financial Group Inc. Common Stock,$22.54,0.60,2.735%,142057336.00,United States,,10797,Finance,Major Banks
SBFM,Sunshine Biopharma Inc. Common Stock,$1.03,0.0225,2.233%,5053123.00,Canada,,31044,Health Care,Biotechnology: Pharmaceutical Preparations
SBGI,Sinclair Inc. Class A Common Stock,$16.79,0.35,2.129%,1202483564.00,United States,1995,698332,Industrials,Broadcasting
SBH,Sally Beauty Holdings Inc. (Name to be changed from Sally Holdings Inc.) Common Stock,$14.53,0.68,4.91%,1409538067.00,United States,,1135375,Consumer Discretionary,Other Specialty Stores
SBI,Western Asset Intermediate Muni Fund Inc Common Stock,$7.84,0.00,0.00%,0.00,United States,1992,33348,Finance,Finance/Investors Services
SBLK,Star Bulk Carriers Corp. Common Shares,$24.45,-0.08,-0.326%,2726912168.00,Greece,,983519,Consumer Discretionary,Marine Transportation
SBLX,StableX Technologies Inc. Common Stock,$2.66,-0.08,-2.92%,3872894.00,United States,,420083,Consumer Discretionary,Telecommunications Equipment
SBR,Sabine Royalty Trust Common Stock,$72.37,-2.32,-3.106%,1055107198.00,United States,,53470,Energy,Oil & Gas Production
SBRA,Sabra Health Care REIT Inc. Common Stock,$20.68,0.02,0.097%,5214373428.00,United States,,1824716,Real Estate,Real Estate Investment Trusts
SBS,Companhia de saneamento Basico Do Estado De Sao Paulo - Sabesp American Depositary Shares (Each repstg 250 Common Shares),$33.85,0.37,1.105%,23861090238.00,Brazil,2002,1845353,Utilities,Water Supply
SBSI,Southside Bancshares Inc. Common Stock,$33.38,0.80,2.455%,992840867.00,United States,,111289,Finance,Major Banks
SBSW,D/B/A Sibanye-Stillwater Limited ADS,$13.80,0.71,5.424%,9765457061.00,South Africa,,6315594,Basic Materials,Precious Metals
SBUX,Starbucks Corporation Common Stock,$100.00,1.64,1.667%,113926208200.00,United States,1992,7986335,Consumer Discretionary,Restaurants
SBXD,SilverBox Corp IV Class A Ordinary Shares,$10.70,-0.08,-0.742%,0.00,,2024,514,,
SCAG,Scage Future American Depositary Shares,$1.219,0.119,10.818%,88511182.00,China,,535,Consumer Discretionary,Construction/Ag Equipment/Trucks
SCAGW,Scage Future Warrants,$0.045,0.003,7.143%,3267435.00,China,,500,Consumer Discretionary,Construction/Ag Equipment/Trucks
SCCD,Sachem Capital Corp. 6.00% Notes due 2026,$24.50,0.00,0.00%,1159886056.00,United States,,4142,Real Estate,Real Estate Investment Trusts
SCCE,Sachem Capital Corp. 6.00% Notes due 2027,$23.88,0.07,0.294%,1130533837.00,United States,2022,2412,Real Estate,Real Estate Investment Trusts
SCCF,Sachem Capital Corp. 7.125% Notes due 2027,$23.69,-0.04,-0.169%,1121538803.00,United States,2022,823,Real Estate,Real Estate Investment Trusts
SCCG,Sachem Capital Corp. 8.00% Notes due 2027,$23.76,-0.12,-0.503%,1124852763.00,United States,2022,1125,Real Estate,Real Estate Investment Trusts
SCCO,Southern Copper Corporation Common Stock,$194.32,6.07,3.224%,159168110894.00,United States,,1401176,Basic Materials,Metal Mining
SCD,LMP Capital and Income Fund Inc. Common Stock,$15.11,-0.24,-1.564%,0.00,United States,2004,513986,Finance,Trusts Except Educational Religious and Charitable
SCE^G,SCE Trust II Trust Preferred Securities,$18.75,-0.1501,-0.794%,,United States,,6119,,
SCE^L,SCE TRUST VI,$18.25,0.13,0.717%,,United States,,7870,,
SCE^M,SCE Trust VII 7.50% Trust Preference Securities,$24.80,0.05,0.202%,,United States,,42089,,
SCE^N,SCE Trust VIII 6.95% Trust Preference Securities,$23.78,0.08,0.338%,,United States,,22962,,
SCHL,Scholastic Corporation Common Stock,$39.77,0.01,0.025%,864694294.00,United States,1992,757222,Consumer Discretionary,Books
SCHW,Charles Schwab Corporation (The) Common Stock,$92.28,-0.34,-0.367%,160391816415.00,United States,,20180743,Finance,Investment Bankers/Brokers/Service
SCHW^D,The Charles Schwab Corporation Depositary Shares each representing 1/40th interest in a share of 5.95% Non-Cumulative Perpetual Preferred Stock Series D,$24.81,0.13,0.527%,,United States,,92348,,
SCHW^J,The Charles Schwab Corporation Depositary Shares Each Representing a 1/40th Interest in a Share of 4.450% Non-Cumulative Perpetual Preferred Stock Series J,$18.20,0.12,0.664%,,United States,,67501,,
SCI,Service Corporation International Common Stock,$82.98,-0.05,-0.06%,11511081774.00,United States,,1145411,Consumer Discretionary,Other Consumer Services
SCII,SC II Acquisition Corp. Class A ordinary share,$9.98,0.00,0.00%,0.00,United States,2026,36,,
SCIIR,SC II Acquisition Corp. Rights,$0.23,0.00,0.00%,0.00,United States,2026,2,,
SCIIU,SC II Acquisition Corp. Units,$10.18,0.00,0.00%,0.00,United States,2025,54,,
SCKT,Socket Mobile Inc. Common Stock,$0.93,-0.0163,-1.722%,7647351.00,United States,,151250,Technology,Computer Manufacturing
SCL,Stepan Company Common Stock,$51.42,0.63,1.24%,1166739288.00,United States,,160476,Consumer Discretionary,Package Goods/Cosmetics
SCLX,Scilex Holding Company Common Stock,$6.90,0.31,4.704%,58589742.00,United States,2021,119252,Health Care,Biotechnology: Biological Products (No Diagnostic Substances)
SCLXW,Scilex Holding Company Warrant,$0.12,0.0018,1.523%,1018952.00,United States,2021,910,Health Care,Biotechnology: Biological Products (No Diagnostic Substances)
SCM,Stellus Capital Investment Corporation Common Stock,$10.01,0.19,1.935%,289762013.00,United States,2012,168274,Finance,Finance/Investors Services
SCNI,Scinai Immunotherapeutics Ltd. American Depositary Shares,$0.555,-0.045,-7.50%,1962196.00,Israel,2015,69398,Health Care,Biotechnology: Biological Products (No Diagnostic Substances)
SCNX,Scienture Holdings Inc. Common Stock,$0.395,0.005,1.282%,16049172.00,United States,,362211,Health Care,Other Pharmaceuticals
SCOR,comScore Inc. Common Stock,$8.10,0.15,1.887%,121690463.00,United States,2018,9844,Real Estate,Real Estate
SCPQ,Social Commerce Partners Corporation Class A Ordinary Shares,$9.91,0.00,0.00%,0.00,United States,2026,15,,
SCPQU,Social Commerce Partners Corporation Unit,$10.01,0.00,0.00%,0.00,United States,2025,204,,
SCPQW,Social Commerce Partners Corporation Warrant,$0.21,-0.0005,-0.238%,0.00,United States,2026,1304,,
SCSC,ScanSource Inc. Common Stock,$39.55,0.97,2.514%,849549227.00,United States,,167111,Technology,Retail: Computer Software & Peripheral Equipment
SCVL,Shoe Carnival Inc. Common Stock,$18.89,1.07,6.004%,518900196.00,United States,1993,468465,Consumer Discretionary,Clothing/Shoe/Accessory Stores
SCWO,374Water Inc. Common Stock,$3.14,-0.15,-4.559%,54765896.00,United States,,32211,Consumer Discretionary,Metal Fabrications
SCYX,SCYNEXIS Inc. Common Stock,$1.11,0.06,5.714%,49576854.00,United States,2014,772367,Health Care,Biotechnology: Pharmaceutical Preparations
SCZM,Santacruz Silver Mining Ltd. Common Shares,$9.20,0.17,1.883%,850090258.00,Canada,,540490,,
SD,SandRidge Energy Inc. Common Stock,$14.38,-0.59,-3.941%,529545844.00,United States,2016,479878,Energy,Oil & Gas Production
SDA,SunCar Technology Group Inc. Class A Ordinary Shares,$1.67,-0.01,-0.595%,164503447.00,Hong Kong,2021,197675,Consumer Discretionary,Automotive Aftermarket
SDAWW,SunCar Technology Group Inc. Warrant,$0.1999,0.0004,0.201%,19691161.00,Hong Kong,2021,35212,Consumer Discretionary,Automotive Aftermarket
SDEV,Stablecoin Development Corporation Common Stock,$1.54,0.04,2.667%,41002545.00,United States,,120951,Health Care,Biotechnology: Pharmaceutical Preparations
SDGR,Schrodinger Inc. Common Stock,$12.34,0.28,2.322%,911001746.00,United States,2020,2542675,Health Care,Biotechnology: Pharmaceutical Preparations
SDHC,Smith Douglas Homes Corp. Class A Common Stock,$14.39,0.80,5.887%,740900808.00,United States,2024,123878,Consumer Discretionary,Homebuilding
SDHI,Siddhi Acquisition Corp Class A Common stock,$10.33,-0.0599,-0.577%,0.00,United States,2025,2362,Finance,Blank Checks
SDHIR,Siddhi Acquisition Corp Right,$0.21,0.00,0.00%,0.00,United States,2025,300,,
SDHIU,Siddhi Acquisition Corp Unit,$10.50,0.00,0.00%,0.00,United States,2025,3,Finance,Blank Checks
SDHY,PGIM Short Duration High Yield Opportunities Fund Common Shares,$16.23,0.00,0.00%,400443699.00,,2020,46492,Finance,Finance/Investors Services
SDOT,Sadot Group Inc. Common Stock,$1.57,0.09,6.081%,2903056.00,United States,2020,6045,Consumer Discretionary,Restaurants
SDRL,Seadrill Limited Common Shares,$46.17,-1.06,-2.244%,2883290968.00,Bermuda,2022,966287,Energy,Oil & Gas Production
SDST,Stardust Power Inc. Common Stock,$2.95,0.05,1.724%,29401095.00,United States,2021,72458,Industrials,Major Chemicals
SDSTW,Stardust Power Inc. Warrant,$0.1586,0.00,0.00%,1580683.00,United States,2021,3,Industrials,Major Chemicals
SE,Sea Limited American Depositary Shares each representing one Class A Ordinary Share,$91.33,0.93,1.029%,54069180572.00,United States,2017,3788685,Consumer Discretionary,Other Consumer Services
SEAL^A,Seapeak LLC 9.00% Series A Cumulative Redeemable Perpetual Preferred Units,$25.61,0.09,0.353%,,Bermuda,,1927,,
SEAL^B,Seapeak LLC 8.50% Series B Fixed-to-Floating Rate Cumulative Redeemable Perpetual Preferred Units,$25.47,0.00,0.00%,,Bermuda,,9277,,
SEAT,Vivid Seats Inc. Class A Common Stock,$8.04,0.30,3.876%,86556678.00,United States,,125670,Consumer Discretionary,Services-Misc. Amusement & Recreation
SEATW,Vivid Seats Inc. Warrant,$0.043,0.0105,32.308%,462928.00,United States,,16460,Consumer Discretionary,Services-Misc. Amusement & Recreation
SEB,Seaboard Corporation Common Stock,$5539.29,-18.45,-0.332%,5305498726.00,United States,1996,11747,Industrials,Farming/Seeds/Milling
SEDG,SolarEdge Technologies Inc. Common Stock,$38.30,-0.61,-1.568%,2329326681.00,Israel,2015,4298845,Technology,Semiconductors
SEED,Origin Agritech Limited Common Stock,$1.28,0.01,0.787%,15263167.00,China,,27813,Consumer Staples,Farming/Seeds/Milling
SEER,Seer Inc. Class A Common Stock,$2.00,-0.05,-2.439%,120894686.00,United States,2020,537026,Industrials,Biotechnology: Laboratory Analytical Instruments
SEG,Seaport Entertainment Group Inc. Common Stock,$22.71,0.27,1.203%,290602838.00,United States,2024,43663,Consumer Discretionary,Services-Misc. Amusement & Recreation
SEGG,Sports Entertainment Gaming Global Corporation Common Stock,$0.628,0.049,8.463%,7940085.00,United States,2023,1035311,Technology,Computer Software: Prepackaged Software
SEI,Solaris Energy Infrastructure Inc. Class A Common Stock,$65.62,-1.52,-2.264%,4822289253.00,United States,2017,1658939,Consumer Discretionary,Oil and Gas Field Machinery
SEIC,SEI Investments Company Common Stock,$79.79,0.86,1.09%,9653161839.00,United States,1981,1150570,Finance,Investment Bankers/Brokers/Service
SELF,Global Self Storage Inc. Common Stock,$5.31,-0.05,-0.933%,60218331.00,United States,,33258,Real Estate,Real Estate Investment Trusts
SELX,Semilux International Ltd. Ordinary Shares,$0.4437,0.0777,21.23%,16606961.00,Taiwan,,124869,Technology,Semiconductors
SEM,Select Medical Holdings Corporation Common Stock,$16.39,0.00,0.00%,2032659937.00,United States,2009,2136896,Health Care,Hospital/Nursing Management
SEMR,SEMrush Holdings Inc. Class A Common Stock,$11.98,0.03,0.251%,1808491312.00,United States,2021,1325312,Technology,Computer Software: Prepackaged Software
SENEA,Seneca Foods Corp. Class A Common Stock,$140.27,8.16,6.177%,949182402.00,United States,,139884,Consumer Staples,Packaged Foods
SENEB,Seneca Foods Corp. Class B Common Stock,$159.825,0.00,0.00%,1081507646.00,United States,,483,Consumer Staples,Packaged Foods
SENS,Senseonics Holdings Inc. Common Stock,$6.77,0.00,0.00%,282955305.00,United States,,279439,Health Care,Medical/Dental Instruments
SEPN,Septerna Inc. Common Stock,$26.13,1.14,4.562%,1173403553.00,United States,2024,391399,Health Care,Biotechnology: Pharmaceutical Preparations
SER,Serina Therapeutics Inc. Common Stock,$2.05,0.06,3.015%,25244026.00,,2018,144619,Health Care,Biotechnology: Pharmaceutical Preparations
SERA,Sera Prognostics Inc. Class A Common Stock,$2.30,-0.05,-2.128%,90030850.00,United States,2021,47649,Health Care,Medical Specialities
SERV,Serve Robotics Inc. Common Stock,$9.57,0.12,1.27%,724354994.00,United States,,3926042,Consumer Discretionary,Industrial Specialties
SES,SES AI Corporation Class A Common Stock,$1.21,0.06,5.217%,443614786.00,United States,2021,6170808,Miscellaneous,Industrial Machinery/Components
SEV,Aptera Motors Corp. Class B Common Stock,$3.16,-0.05,-1.558%,115646871.00,United States,,300123,Industrials,Auto Manufacturing
SEVN,Seven Hills Realty Trust Common Stock,$8.54,0.12,1.425%,192977449.00,United States,,181760,Real Estate,Real Estate Investment Trusts
SEZL,Sezzle Inc. Common Stock,$80.71,6.535,8.81%,2728133189.00,United States,,1059464,Finance,Finance: Consumer Services
SF,Stifel Financial Corporation Common Stock,$82.32,1.56,1.932%,12742135236.00,United States,,1251575,Finance,Investment Bankers/Brokers/Service
SF^B,Stifel Financial Corporation Depositary Shares Each Representing 1/1000th  Interest in a Share of 6.25% Non-Cumulative  Preferred Stock Series B,$23.92,0.01,0.042%,,United States,,4942,,
SF^C,Stifel Financial Corporation Depositary Shares Each Representing 1/1000th Interest in a Share of 6.125% Non Cumulative Preferred Stock Series C,$23.36,0.02,0.086%,,United States,,5608,,
SF^D,Stifel Financial Corporation Depositary Shares Each Representing 1/1000th Interest in a Share of 4.50% Non-Cumulative Preferred Stock Series D,$16.96,0.06,0.355%,,United States,,10015,,
SFB,Stifel Financial Corporation 5.20% Senior Notes due 2047,$19.87,0.08,0.404%,2030185577.00,United States,2017,18877,Finance,Investment Bankers/Brokers/Service
SFBC,Sound Financial Bancorp Inc. Common Stock,$44.18,-0.82,-1.822%,113456140.00,United States,,11917,Finance,Savings Institutions
SFBS,ServisFirst Bancshares Inc. Common Stock,$77.86,2.00,2.636%,4256134758.00,United States,,387388,Finance,Major Banks
SFD,Smithfield Foods Inc. Common Stock,$29.00,0.36,1.257%,11410840627.00,United States,2025,1320661,Consumer Staples,Meat/Poultry/Fish
SFHG,Samfine Creation Holdings Group Limited Class A Ordinary Share,$2.42,-0.08,-3.20%,9825200.00,Hong Kong,2024,12247,Consumer Discretionary,Publishing
SFIX,Stitch Fix Inc. Class A Common Stock,$3.85,0.15,4.054%,525611702.00,United States,2017,2196800,Consumer Discretionary,Catalog/Specialty Distribution
SFL,SFL Corporation Ltd,$11.07,0.17,1.56%,1600533002.00,Bermuda,,1062898,Consumer Discretionary,Marine Transportation
SFM,Sprouts Farmers Market Inc. Common Stock,$74.15,0.96,1.312%,7011366255.00,United States,2013,1981760,Consumer Staples,Food Chains
SFNC,Simmons First National Corporation Class A Common Stock,$21.52,1.06,5.181%,3121665699.00,United States,,3024260,Finance,Major Banks
SFST,Southern First Bancshares Inc. Common Stock,$57.78,2.66,4.826%,476552684.00,United States,,359518,Finance,Major Banks
SFWL,Shengfeng Development Limited Class A Ordinary Shares,$0.90,-0.0601,-6.26%,74247762.00,China,2023,1244,Industrials,Trucking Freight/Courier Services
SG,Sweetgreen Inc. Class A Common Stock,$6.87,0.34,5.207%,816128389.00,United States,2021,5563330,Consumer Discretionary,Restaurants
SGA,Saga Communications Inc. Class A Common Stock (FL),$11.95,0.02,0.168%,76049418.00,United States,,1614,Consumer Discretionary,Broadcasting
SGC,Superior Group of Companies Inc. Common Stock,$11.45,0.46,4.186%,179821242.00,United States,,28081,Consumer Discretionary,Apparel
SGHC,Super Group (SGHC) Limited Ordinary Shares,$11.29,0.32,2.917%,5708648425.00,,2022,7221470,Consumer Discretionary,Services-Misc. Amusement & Recreation
SGHT,Sight Sciences Inc. Common Stock,$4.09,0.26,6.789%,220884475.00,United States,2021,249167,Health Care,Medical/Dental Instruments
SGI,Somnigroup International Inc. Common Stock,$85.01,5.81,7.336%,17881056446.00,United States,,3889981,Consumer Discretionary,Home Furnishings
SGLY,Singularity Future Technology Ltd. Common Stock,$0.413,-0.0318,-7.149%,3012212.00,United States,2008,570969,Industrials,Integrated Freight & Logistics
SGML,Sigma Lithium Corporation Common Shares,$19.72,-0.98,-4.734%,2196866746.00,Canada,,4740908,Basic Materials,Metal Mining
SGMO,Sangamo Therapeutics Inc. Common Stock,$0.262,-0.008,-2.963%,108539792.00,United States,2000,3114464,Health Care,Biotechnology: Biological Products (No Diagnostic Substances)
SGMT,Sagimet Biosciences Inc. Series A Common Stock,$6.47,0.28,4.523%,210825642.00,United States,2023,624304,Health Care,Biotechnology: Pharmaceutical Preparations
SGP,SpyGlass Pharma Inc. Common Stock,$24.94,-0.09,-0.36%,833658332.00,United States,2026,43798,Health Care,Medical/Dental Instruments
SGRP,SPAR Group Inc. Common Stock,$0.61,0.00,0.00%,14719295.00,United States,,77799,Real Estate,Real Estate
SGRY,Surgery Partners Inc. Common Stock,$14.00,0.57,4.244%,1811877704.00,United States,2015,1258069,Health Care,Hospital/Nursing Management
SGU,Star Group L.P. Common Stock,$12.50,0.02,0.16%,410988188.00,United States,,15538,Consumer Discretionary,Other Specialty Stores
SHAK,Shake Shack Inc. Class A Common Stock,$103.73,3.98,3.99%,4428494166.00,United States,2015,1490451,Consumer Discretionary,Restaurants
SHAZ,SharonAI Holdings Inc. Class A Common Stock,$37.02,2.76,8.056%,600688889.00,United States,,540010,Technology,EDP Services
SHBI,Shore Bancshares Inc Common Stock,$19.98,0.60,3.096%,668341829.00,United States,,260358,Finance,Major Banks
SHC,Sotera Health Company Common Stock,$16.30,0.47,2.969%,4648049972.00,United States,2020,2687888,Health Care,Misc Health and Biotechnology Services
SHEL,Shell PLC American Depositary Shares (each representing two (2) Ordinary Shares) ,$87.81,-3.69,-4.033%,255150941629.00,Netherlands,2022,11065987,Energy,Oil & Gas Production
SHEN,Shenandoah Telecommunications Co Common Stock,$16.28,0.38,2.39%,900310829.00,United States,,278058,Telecommunications,Telecommunications Equipment
SHFS,SHF Holdings Inc. Class A Common Stock,$0.821,-0.049,-5.632%,3699004.00,United States,2021,50277,Finance,Finance: Consumer Services
SHFSW,SHF Holdings Inc. Warrants,$0.03,0.0003,1.01%,135165.00,United States,2021,480,Finance,Finance: Consumer Services
SHG,Shinhan Financial Group Co Ltd American Depositary Shares,$69.11,1.79,2.659%,34793106411.00,South Korea,,133365,Finance,Major Banks
SHIM,Shimmick Corporation Common Stock,$5.28,-0.09,-1.676%,190564334.00,United States,2023,114972,Industrials,Military/Government/Technical
SHIP,Seanergy Maritime Holdings Corp. Common Stock,$14.69,0.19,1.31%,318305829.00,Greece,,155477,Consumer Discretionary,Marine Transportation
SHLS,Shoals Technologies Group Inc. Class A Common Stock,$7.16,0.24,3.468%,1201246210.00,United States,2021,16918322,Technology,Semiconductors
SHMD,SCHMID Group N.V. Class A Ordinary Shares,$6.90,1.36,24.549%,383660465.00,Germany,,2096922,Technology,Industrial Machinery/Components
SHMDW,SCHMID Group N.V. Warrants,$1.95,0.45,30.00%,108425784.00,Germany,,135259,Technology,Industrial Machinery/Components
SHO,Sunstone Hotel Investors Inc. Sunstone Hotel Investors Inc. Common Shares,$9.65,0.15,1.579%,1825208479.00,United States,2004,1603254,Consumer Discretionary,Hotels/Resorts
SHO^H,Sunstone Hotel Investors Inc. 6.125% Series H Cumulative Redeemable Preferred Stock,$20.90,0.0999,0.48%,,United States,,10957,,
SHO^I,Sunstone Hotel Investors Inc. 5.70% Series I Cumulative Redeemable Preferred Stock,$20.015,-0.235,-1.16%,,United States,,2988,,
SHOO,Steven Madden Ltd. Common Stock,$39.80,1.55,4.052%,2907005532.00,United States,1993,1080995,Consumer Discretionary,Shoe Manufacturing
SHOP,Shopify Inc. Class A Subordinate Voting Shares,$131.15,4.21,3.317%,171034206569.00,Canada,,8829059,Technology,Computer Software: Prepackaged Software
SHPH,Shuttle Pharmaceuticals Holdings Inc. Common Stock,$1.02,-0.01,-0.971%,5703116.00,United States,2022,72585,Health Care,Biotechnology: Pharmaceutical Preparations
SHW,Sherwin-Williams Company (The) Common Stock,$345.55,12.21,3.663%,85476059351.00,United States,,2683316,Consumer Discretionary,RETAIL: Building Materials
SI,Shoulder Innovations Inc. Common Stock,$15.00,0.88,6.232%,309712890.00,United States,2025,74578,Health Care,Medical/Dental Instruments
SIBN,SI-BONE Inc. Common Stock,$14.09,0.42,3.072%,622288894.00,United States,2018,373006,Health Care,Medical/Dental Instruments
SID,Companhia Siderurgica Nacional S.A. Common Stock,$1.36,0.02,1.493%,1803487768.00,Brazil,,4484277,Industrials,Steel/Iron Ore
SIDU,Sidus Space Inc. Class A Common Stock,$5.35,-0.60,-10.084%,355346208.00,United States,2021,24941959,Telecommunications,Telecommunications Equipment
SIEB,Siebert Financial Corp. Common Stock,$1.91,0.04,2.139%,78197188.00,United States,,21857,Finance,Investment Bankers/Brokers/Service
SIF,SIFCO Industries Inc. Common Stock,$14.60,-0.86,-5.563%,90740869.00,United States,1969,42294,Industrials,Aerospace
SIFY,Sify Technologies Limited American Depositary Shares,$13.42,-0.26,-1.901%,970942368.00,India,,41849,Technology,Computer Software: Programming Data Processing
SIG,Signet Jewelers Limited Common Shares,$94.58,3.54,3.888%,3789610065.00,Bermuda,,767467,Consumer Discretionary,Consumer Specialties
SIGA,SIGA Technologies Inc. Common Stock,$4.76,0.12,2.586%,341027344.00,United States,,573161,Health Care,Biotechnology: Pharmaceutical Preparations
SIGI,Selective Insurance Group Inc. Common Stock,$82.77,2.10,2.603%,4955142259.00,United States,,380842,Finance,Property-Casualty Insurers
SIGIP,Selective Insurance Group Inc. Depositary Shares each representing a 1/1000th interest in a share of 4.60% Non-Cumulative Preferred Stock Series B,$16.33,0.02,0.123%,977618377.00,United States,,4424,Finance,Property-Casualty Insurers
SII,Sprott Inc. Common Shares,$148.40,2.96,2.035%,3826680687.00,,2020,148188,Finance,Finance: Consumer Services
SILA,Sila Realty Trust Inc. Common Stock,$25.53,0.24,0.949%,1410440337.00,United States,2024,225327,Real Estate,Real Estate Investment Trusts
SILC,Silicom Ltd Ordinary Shares,$28.70,3.57,14.206%,163491416.00,Israel,,175740,Telecommunications,Computer Communications Equipment
SILO,Silo Pharma Inc. Common Stock,$0.515,0.006,1.179%,8377295.00,United States,,2112674,Consumer Discretionary,Apparel
SIM,Grupo Simec S.A.B. de C.V. American Depositary Shares,$31.05,0.30,0.976%,4771400405.00,Mexico,1998,135,Industrials,Steel/Iron Ore
SIMA,SIM Acquisition Corp. I Class A Ordinary Shares,$10.73,0.00,0.00%,0.00,United States,2024,12,Miscellaneous,Industrial Machinery/Components
SIMAW,SIM Acquisition Corp. I Warrant,$0.2338,-0.0386,-14.17%,0.00,United States,2024,882,Finance,Blank Checks
SIMO,Silicon Motion Technology Corporation American Depositary Shares,$139.71,2.71,1.978%,4747858536.00,Taiwan,2005,846116,Technology,Semiconductors
SINT,SiNtx Technologies Inc. Common Stock,$2.69,0.01,0.373%,11087446.00,United States,2014,20949,Health Care,Medical/Dental Instruments
SION,Sionna Therapeutics Inc. Common Stock,$43.54,-1.70,-3.758%,1959216098.00,United States,2025,508786,Health Care,Biotechnology: Pharmaceutical Preparations
SIRI,SiriusXM Holdings Inc. Common Stock,$25.48,0.75,3.033%,8575302179.00,United States,,7550161,Consumer Discretionary,Broadcasting
SITC,SITE Centers Corp. Common Stock,$5.58,0.13,2.385%,292809797.00,United States,,562437,Real Estate,Real Estate Investment Trusts
SITE,SiteOne Landscape Supply Inc. Common Stock,$144.35,9.90,7.363%,6396582560.00,United States,2016,615020,Consumer Discretionary,Professional and commerical equipment
SITM,SiTime Corporation Common Stock,$503.63,33.07,7.028%,13294234486.00,United States,2019,442361,Technology,Semiconductors
SJ,Scienjoy Holding Corporation Class A Ordinary Shares ,$1.18,-0.10,-7.813%,49564010.00,China,2019,43110,Technology,EDP Services
SJM,The J.M. Smucker Company Common Stock,$95.50,1.56,1.661%,10184914465.00,United States,,2780815,Consumer Staples,Packaged Foods
SJT,San Juan Basin Royalty Trust Common Stock,$4.70,-0.02,-0.424%,219061341.00,United States,,230157,Energy,Oil & Gas Production
SKBL,Skyline Builders Group Holding Limited Class A Ordinary Shares,$3.64,0.29,8.657%,506708420.00,Hong Kong,2025,305096,Consumer Discretionary,Engineering & Construction
SKE,Skeena Resources Limited Common Shares,$33.41,0.80,2.453%,4067343256.00,,2021,648298,Basic Materials,Precious Metals
SKIL,Skillsoft Corp. Class A Common Stock,$6.82,0.18,2.711%,60099975.00,United States,2019,185546,Technology,Computer Software: Prepackaged Software
SKIN,The Beauty Health Company Class A Common Stock,$0.9127,0.0137,1.524%,116618463.00,United States,2020,464750,Health Care,Medical/Dental Instruments
SKK,SKK Holdings Limited Class A Ordinary Shares,$1.94,-0.27,-12.217%,4728750.00,Singapore,2024,129147,Industrials,Water Sewer Pipeline Comm & Power Line Construction
SKLZ,Skillz Inc. Class A Common Stock,$3.87,-0.01,-0.258%,60374148.00,United States,2020,220376,Technology,EDP Services
SKM,SK Telecom Co. Ltd. Common Stock,$37.84,0.56,1.502%,14514667200.00,South Korea,,1594062,Telecommunications,Telecommunications Equipment
SKT,Tanger Inc. Common Stock,$37.02,0.67,1.843%,4240048828.00,United States,1993,517234,Real Estate,Real Estate Investment Trusts
SKWD,Skyward Specialty Insurance Group Inc. Common Stock,$46.83,0.56,1.21%,2085951734.00,United States,2023,547017,Finance,Property-Casualty Insurers
SKY,Champion Homes Inc. Common Stock,$81.33,5.96,7.908%,4497713368.00,United States,,575144,Consumer Discretionary,Homebuilding
SKYE,Skye Bioscience Inc. Common Stock,$0.7889,0.0389,5.187%,27711600.00,United States,,236746,Health Care,Biotechnology: Pharmaceutical Preparations
SKYH,Sky Harbour Group Corporation Class A Common Stock,$10.95,0.20,1.86%,833966016.00,United States,2022,137797,Finance,Real Estate
SKYQ,Sky Quarry Inc. Common Stock,$8.01,-1.81,-18.432%,30097166.00,United States,2024,1222605,Industrials,Environmental Services
SKYT,SkyWater Technology Inc. Common Stock,$32.89,0.36,1.107%,1578558115.00,United States,2021,704906,Technology,Semiconductors
SKYW,SkyWest Inc. Common Stock,$99.30,4.52,4.769%,3989698934.00,United States,1986,312399,Consumer Discretionary,Air Freight/Delivery Services
SKYX,SKYX Platforms Corp. Common Stock,$1.17,0.04,3.54%,155938909.00,United States,2022,1092028,Consumer Discretionary,Building Products
SLAB,Silicon Laboratories Inc. Common Stock,$212.89,0.61,0.287%,7018646082.00,United States,2000,275799,Technology,Semiconductors
SLAI,SOLAI Limited American Depositary Shares (each representing one hundred (100) Class A Ordinary Shares),$0.95,0.093,10.852%,17744608.00,,2013,192389,Technology,EDP Services
SLB,SLB Limited Common Shares,$52.66,0.93,1.798%,79124891434.00,France,,20592882,Energy,Oilfield Services/Equipment
SLDB,Solid Biosciences Inc. Common Stock,$8.63,0.24,2.861%,849146434.00,United States,2018,977111,Health Care,Biotechnology: Biological Products (No Diagnostic Substances)
SLDE,Slide Insurance Holdings Inc. Common Stock,$19.63,0.64,3.37%,2440389940.00,United States,2025,3219119,Finance,Property-Casualty Insurers
SLDP,Solid Power Inc. Class A Common Stock,$3.37,0.11,3.374%,756630449.00,United States,2021,8395265,Miscellaneous,Industrial Machinery/Components
SLDPW,Solid Power Inc. Warrant,$0.26,-0.005,-1.887%,58375049.00,United States,2021,17336,Miscellaneous,Industrial Machinery/Components
SLE,Super League Enterprise Inc. Common Stock,$4.26,0.26,6.50%,6221513.00,United States,2019,12160,Consumer Discretionary,Services-Misc. Amusement & Recreation
SLF,Sun Life Financial Inc. Common Stock,$70.28,1.67,2.434%,38936035678.00,Canada,,1319329,Finance,Life Insurance
SLG,SL Green Realty Corp Common Stock,$43.28,2.47,6.052%,3074229600.00,United States,1997,2140810,Real Estate,Real Estate Investment Trusts
SLG^I,SL Green Realty Corporation Preferred Series I,$20.81,0.15,0.726%,,United States,,189327,,
SLGB,Smart Logistics Global Limited Ordinary Shares,$0.942,0.1069,12.801%,38622000.00,Hong Kong,2025,135712,Industrials,Integrated Freight & Logistics
SLGL,Sol-Gel Technologies Ltd. Ordinary Shares,$73.87,-1.45,-1.925%,207565762.00,Israel,2018,40589,Health Care,Biotechnology: Pharmaceutical Preparations
SLGN,Silgan Holdings Inc. Common Stock,$41.99,1.18,2.891%,4427508362.00,United States,2022,1122200,Industrials,Containers/Packaging
SLI,Standard Lithium Ltd. Common Shares,$3.82,-0.10,-2.551%,928337726.00,Canada,2021,2412798,Industrials,Major Chemicals
SLM,SLM Corporation Common Stock,$22.64,0.46,2.074%,4486220733.00,United States,,3888710,Finance,Finance: Consumer Services
SLMBP,SLM Corporation Floating Rate Non-Cumulative Preferred Stock Series B,$74.25,0.05,0.067%,14712980981.00,United States,,1494,Finance,Finance: Consumer Services
SLMT,Brera Holdings PLC Class B Ordinary Shares,$0.941,0.1016,12.104%,77157074.00,Ireland,2023,742414,Consumer Discretionary,Services-Misc. Amusement & Recreation
SLN,Silence Therapeutics Plc American Depository Share,$7.53,-0.07,-0.921%,352404000.00,United Kingdom,,416549,Health Care,Biotechnology: Pharmaceutical Preparations
SLND,Southland Holdings Inc. Common Stock,$1.14,-0.03,-2.564%,61688861.00,United States,,47631,Industrials,Military/Government/Technical
SLNG,Stabilis Solutions Inc. Common Stock,$3.47,-0.15,-4.144%,64529164.00,United States,,25114,Utilities,Oil/Gas Transmission
SLNH,Soluna Holdings Inc. Common Stock,$1.13,0.00,0.00%,127895310.00,United States,,9300495,Technology,EDP Services
SLNHP,Soluna Holdings Inc 9.0% Series A Cumulative Perpetual Preferred Stock ,$7.40,-0.45,-5.732%,837544506.00,United States,,26262,Technology,EDP Services
SLNO,Soleno Therapeutics Inc. Common Stock,$52.78,0.21,0.399%,2724734988.00,United States,2014,3948344,Health Care,Biotechnology: Electromedical & Electrotherapeutic Apparatus
SLP,Simulations Plus Inc. Common Stock,$14.37,0.25,1.771%,290352776.00,United States,,344334,Technology,EDP Services
SLQT,SelectQuote Inc. Common Stock,$0.7778,0.0343,4.613%,137118101.00,United States,2020,965659,Finance,Specialty Insurers
SLRC,SLR Investment Corp. Common Stock,$16.13,0.14,0.876%,879966246.00,United States,2010,576805,Finance,Finance/Investors Services
SLS,SELLAS Life Sciences Group Inc. Common Stock,$5.22,0.29,5.882%,937421036.00,United States,,5944946,Health Care,Biotechnology: Pharmaceutical Preparations
SLSN,Solesence Inc. Common Stock,$1.25,0.04,3.306%,88290556.00,United States,,25399,Consumer Discretionary,Package Goods/Cosmetics
SLSR,Solaris Resources Inc. Common Shares,$10.09,-0.11,-1.078%,1685386460.00,,2024,108111,,
SLVM,Sylvamo Corporation Common Stock,$43.64,1.34,3.168%,1734051852.00,United States,2021,348885,Basic Materials,Paper
SLXN,Silexion Therapeutics Corp Ordinary Shares,$1.07,0.07,7.00%,4359940.00,Israel,,22131,Health Care,Biotechnology: Biological Products (No Diagnostic Substances)
SLXNW,Silexion Therapeutics Corp Warrant,$0.0207,-0.0073,-26.071%,84346.00,Israel,,1000,Health Care,Biotechnology: Biological Products (No Diagnostic Substances)
SM,SM Energy Company Common Stock,$25.97,-2.11,-7.514%,6226096857.00,United States,,7672960,Energy,Oil & Gas Production
SMA,SmartStop Self Storage REIT Inc. Common Stock,$33.19,0.97,3.011%,1837522630.00,United States,2025,743058,Real Estate,Real Estate Investment Trusts
SMBC,Southern Missouri Bancorp Inc. Common Stock,$67.50,1.75,2.662%,749808833.00,United States,,167574,Finance,Banks
SMBK,SmartFinancial Inc. Common Stock,$42.38,1.02,2.466%,724633286.00,United States,,80528,Finance,Major Banks
SMC,Summit Midstream Corporation Common Stock,$29.20,-0.83,-2.764%,594040099.00,United States,2012,49517,Utilities,Natural Gas Distribution
SMCI,Super Micro Computer Inc. Common Stock,$28.56,0.16,0.563%,17107138064.00,United States,2020,21834693,Technology,Computer Manufacturing
SMFG,Sumitomo Mitsui Financial Group Inc Unsponsored American Depositary Shares (Japan),$21.66,0.30,1.404%,140228481027.00,Japan,,1577142,Finance,Commercial Banks
SMG,Scotts Miracle-Gro Company (The) Common Stock,$66.04,3.60,5.766%,3832945288.00,United States,1992,1067499,Industrials,Agricultural Chemicals
SMHI,SEACOR Marine Holdings Inc. Common Stock ,$7.49,-0.03,-0.399%,201868877.00,United States,2017,53717,Consumer Discretionary,Marine Transportation
SMID,Smith-Midland Corporation Common Stock,$33.98,1.84,5.725%,180316705.00,United States,,10821,Industrials,Building Materials
SMJF,SMJ International Holdings Inc. Class A Ordinary Shares,$3.50,0.05,1.449%,87500000.00,,2025,172707,Consumer Discretionary,RETAIL: Building Materials
SMMT,Summit Therapeutics Inc. Common Stock ,$25.15,0.73,2.989%,19516839471.00,United States,2015,4898809,Health Care,Biotechnology: Pharmaceutical Preparations
SMP,Standard Motor Products Inc. Common Stock,$37.87,1.09,2.964%,838666710.00,United States,,90784,Consumer Discretionary,Auto Parts:O.E.M.
SMPL,The Simply Good Foods Company Common Stock,$11.89,0.28,2.412%,1075914495.00,United States,,3154383,Consumer Staples,Packaged Foods
SMR,NuScale Power Corporation Class A Common Stock,$12.65,1.24,10.868%,4340335061.00,United States,2022,66904604,Industrials,Metal Fabrications
SMRT,SmartRent Inc. Class A Common Stock,$1.57,0.10,6.803%,301844972.00,United States,,1710130,Technology,EDP Services
SMSI,Smith Micro Software Inc. Common Stock,$0.711,0.0021,0.296%,18317507.00,United States,1995,72908,Technology,Computer Software: Prepackaged Software
SMTC,Semtech Corporation Common Stock,$107.71,5.27,5.144%,10011770198.00,United States,,3571302,Technology,Semiconductors
SMTI,Sanara MedTech Inc. Common Stock,$20.77,0.99,5.005%,190399421.00,United States,,106118,Health Care,Industrial Specialties
SMTK,SmartKem Inc. Common Stock,$0.3378,-0.0006,-0.177%,7162343.00,United Kingdom,,247395,Technology,Semiconductors
SMWB,Similarweb Ltd. Ordinary Shares,$2.63,0.02,0.766%,228721769.00,,2021,569240,Technology,Computer Software: Programming Data Processing
SMX,SMX (Security Matters) Public Limited Company Ordinary Shares,$4.96,-0.55,-9.982%,15199588.00,Ireland,,784699,Technology,Industrial Machinery/Components
SMXT,Solarmax Technology Inc. Common Stock,$0.587,0.0068,1.172%,33404158.00,United States,2024,67932,Consumer Discretionary,Engineering & Construction
SMXWW,SMX (Security Matters) Public Limited Company Warrant,$0.0464,-0.0014,-2.929%,142190.00,Ireland,,1386,Technology,Industrial Machinery/Components
SN,SharkNinja Inc. Ordinary Shares,$119.60,4.72,4.109%,16892645936.00,United States,2023,1350236,Consumer Discretionary,Consumer Electronics/Appliances
SNA,Snap-On Incorporated Common Stock,$380.27,13.41,3.655%,19795845823.00,United States,,408740,Consumer Discretionary,Industrial Machinery/Components
SNAL,Snail Inc. Class A Common Stock,$0.825,0.065,8.553%,31169029.00,United States,2022,22137882,Technology,Computer Software: Prepackaged Software
SNAP,Snap Inc. Class A Common Stock,$6.03,0.01,0.166%,10184380500.00,United States,2017,64255073,Technology,Computer Software: Programming Data Processing
SNBR,Sleep Number Corporation Common Stock,$2.53,0.39,18.224%,58298469.00,United States,,2110897,Consumer Discretionary,Home Furnishings
SNCY,Sun Country Airlines Holdings Inc. Common Stock,$18.33,1.15,6.694%,975583126.00,United States,2021,870061,Consumer Discretionary,Air Freight/Delivery Services
SND,Smart Sand Inc. Common Stock,$4.98,-0.15,-2.924%,216820181.00,United States,2016,368626,Industrials,Mining & Quarrying of Nonmetallic Minerals (No Fuels)
SNDA,Sonida Senior Living Inc. Common Stock,$34.67,-0.75,-2.117%,1642943416.00,United States,,653759,Health Care,Hospital/Nursing Management
SNDK,Sandisk Corporation Common Stock,$920.99,1.52,0.165%,135939019202.00,United States,,25610117,Technology,Electronic Components
SNDL,SNDL Inc. Common Shares,$1.51,0.00,0.00%,391392000.00,Canada,2019,1253441,Health Care, Medicinal Chemicals and Botanical Products 
SNDR,Schneider National Inc. Common Stock,$29.39,0.69,2.404%,5153140205.00,United States,2017,5451117,Industrials,Trucking Freight/Courier Services
SNDX,Syndax Pharmaceuticals Inc. Common Stock,$24.23,0.42,1.764%,2137100441.00,United States,2016,1658075,Health Care,Biotechnology: Pharmaceutical Preparations
SNES,SenesTech Inc. Common Stock,$1.60,-0.02,-1.235%,8485482.00,United States,2016,10522,Industrials,Agricultural Chemicals
SNEX,StoneX Group Inc. Common Stock,$106.03,1.71,1.639%,8344023958.00,United States,,767546,Finance,Investment Bankers/Brokers/Service
SNFCA,Security National Financial Corporation Class A Common Stock,$9.86,0.21,2.176%,256557200.00,United States,,31246,Finance,Finance: Consumer Services
SNGX,Soligenix Inc. Common Stock,$1.25,0.08,6.838%,12882599.00,United States,,570704,Health Care,Biotechnology: Pharmaceutical Preparations
SNN,Smith & Nephew SNATS Inc. Common Stock,$34.36,0.53,1.567%,14598258664.00,United Kingdom,,1080581,Health Care,Industrial Specialties
SNOA,Sonoma Pharmaceuticals Inc. Common Stock,$2.30,0.09,4.072%,3980410.00,United States,2007,7507,Health Care,Biotechnology: Pharmaceutical Preparations
SNOW,Snowflake Inc. Common Stock,$143.98,0.43,0.30%,49773886000.00,United States,2020,6437575,Technology,Computer Software: Prepackaged Software
SNPS,Synopsys Inc. Common Stock,$449.58,8.43,1.911%,86122456099.00,United States,1992,1718155,Technology,Computer Software: Prepackaged Software
SNSE,Sensei Biotherapeutics Inc. Common Stock,$30.49,1.27,4.346%,40865168.00,United States,2021,25558,Health Care,Biotechnology: Pharmaceutical Preparations
SNT,Senstar Technologies Corporation Common Shares,$2.93,-0.04,-1.347%,68347093.00,Canada,,20355,Telecommunications,Telecommunications Equipment
SNTG,Sentage Holdings Inc. Class A Ordinary Shares,$2.02,-0.04,-1.942%,5666757.00,China,2021,7595,Finance,Finance: Consumer Services
SNTI,Senti Biosciences Inc. Common Stock,$1.10,0.1383,14.381%,34258947.00,United States,2021,927459,Health Care,Biotechnology: Biological Products (No Diagnostic Substances)
SNWV,SANUWAVE Health Inc. Common Stock,$20.61,2.59,14.373%,177126647.00,United States,,180677,Health Care,Medical/Dental Instruments
SNX,TD SYNNEX Corporation Common Stock,$214.32,5.52,2.644%,17229419052.00,United States,2003,753121,Technology,Retail: Computer Software & Peripheral Equipment
SNY,Sanofi ADS,$48.06,0.34,0.712%,117211332468.00,France,,2245658,Health Care,Biotechnology: Pharmaceutical Preparations
SNYR,Synergy CHC Corp. Common Stock,$0.5246,0.0177,3.492%,5930001.00,United States,2024,1081268,Health Care,Other Pharmaceuticals
SO,Southern Company (The) Common Stock,$94.51,-0.39,-0.411%,106637506661.00,United States,,4894117,Utilities,Electric Utilities: Central
SOAR,Volato Group Inc. Class A Common Stock,$0.226,-0.014,-5.833%,4546046.00,,2022,5428939,Consumer Discretionary,Transportation Services
SOBO,South Bow Corporation Common Shares,$32.07,-0.24,-0.743%,6688490305.00,Canada,2024,1402580,Energy,Natural Gas Distribution
SOBR,SOBR Safe Inc. Common Stock,$0.615,-0.1735,-22.004%,1726046.00,United States,,4004746,Consumer Discretionary,Newspapers/Magazines
SOC,Sable Offshore Corp. Common Stock,$13.11,-1.26,-8.768%,1930369967.00,United States,2021,3846528,Energy,Oil & Gas Production
SOCA,Solarius Capital Acquisition Corp. Class A Ordinary Share,$10.15,0.00,0.00%,0.00,United States,2025,170,,
SOCAW,Solarius Capital Acquisition Corp. Warrant,$0.26,0.00,0.00%,0.00,United States,2025,1066,,
SOFI,SoFi Technologies Inc. Common Stock  ,$19.43,0.40,2.102%,24778376606.00,United States,,73313129,Finance,Finance: Consumer Services
SOGP,Sound Group Inc. American Depositary Shares,$16.79,-0.22,-1.293%,82868287.00,China,2020,29715,Technology,Computer Software: Programming Data Processing
SOHOB,Sotherly Hotels Inc. 8.0% Series B Cumulative Redeemable Perpetual Preferred Stock,$15.62,-0.48,-2.981%,1562.00,United States,,3488,Real Estate,Real Estate Investment Trusts
SOHON,Sotherly Hotels Inc. 8.25% Series D Cumulative Redeemable Perpetual Preferred Stock,$15.715,0.00,0.00%,1572.00,United States,,6,Real Estate,Real Estate Investment Trusts
SOHOO,Sotherly Hotels Inc. 7.875% Series C Cumulative Redeemable Perpetual Preferred Stock,$17.595,0.0949,0.542%,1760.00,United States,,1518,Real Estate,Real Estate Investment Trusts
SOHU,Sohu.com Limited American Depositary Shares,$15.70,-0.02,-0.127%,409283645.00,China,,41687,Technology,EDP Services
SOJC,Southern Company (The) Series 2017B 5.25% Junior Subordinated Notes due December 1 2077,$21.67,0.09,0.417%,23838027310.00,United States,2017,9141,Utilities,Electric Utilities: Central
SOJD,Southern Company (The) Series 2020A 4.95% Junior Subordinated Notes due January 30 2080,$20.41,0.06,0.295%,22451967577.00,United States,2020,30502,Utilities,Electric Utilities: Central
SOJE,Southern Company (The) Series 2020C 4.20% Junior Subordinated Notes due October 15 2060,$17.40,0.04,0.23%,19045443824.00,United States,2020,27112,Basic Materials,Metal Mining
SOJF,Southern Company (The) Series 2025A 6.50% Junior Subordinated Notes due March 15 2085,$25.33,0.14,0.556%,0.00,United States,2025,46988,Basic Materials,Metal Mining
SOLS,Solstice Advanced Materials Inc. Common Stock ,$81.20,1.24,1.551%,12894197117.00,United States,,2660363,Industrials,Aerospace
SOLV,Solventum Corporation Common Stock,$70.48,1.60,2.323%,12221602302.00,United States,2024,913670,Health Care,Medical/Dental Instruments
SOMN,Southern Company (The) 2025 Series A Corporate Units,$51.21,-0.24,-0.466%,57781258238.00,United States,,9574,Basic Materials,Metal Mining
SON,Sonoco Products Company Common Stock,$57.41,2.14,3.872%,5662568525.00,United States,,764596,Consumer Discretionary,Containers/Packaging
SONM,DNA X Inc. Common Stock,$3.00,-0.18,-5.66%,4464804.00,United States,2019,25763,Utilities,Telecommunications Equipment
SONO,Sonos Inc. Common Stock,$14.37,0.23,1.627%,1736940081.00,United States,2018,1048144,Consumer Staples,Consumer Electronics/Appliances
SONY,Sony Group Corporation American Depositary Shares ,$21.70,0.24,1.118%,130742549802.00,Japan,,3831161,Consumer Staples,Consumer Electronics/Appliances
SOPA,Society Pass Incorporated Common Stock,$0.5199,-0.0321,-5.815%,3954112.00,United States,2021,1113578,Real Estate,Real Estate
SOPH,SOPHiA GENETICS SA Ordinary Shares,$5.28,0.16,3.125%,378410747.00,Switzerland,2021,130912,Health Care,Biotechnology: Biological Products (No Diagnostic Substances)
SOR,Source Capital Inc. Cmn Shs of BI,$46.52,0.22,0.475%,388185349.00,United States,,4363,Finance,Investment Managers
SORA,AsiaStrategy Ordinary Shares,$2.252,0.002,0.089%,55993728.00,Hong Kong,2025,10312,Industrials,Other Specialty Stores
SORN,Soren Acquisition Corp. Class A Ordinary Shares,$9.91,0.00,0.00%,0.00,United States,2026,24,Finance,Blank Checks
SORNU,Soren Acquisition Corp. Unit,$9.99,0.00,0.00%,0.00,United States,2026,55,Finance,Blank Checks
SORNW,Soren Acquisition Corp. Warrant,$0.26,-0.04,-13.333%,0.00,United States,2026,3341,Finance,Blank Checks
SOS,SOS Limited Class A Ordinary Shares,$1.13,0.03,2.727%,7677078.00,China,,52016,Finance,Finance: Consumer Services
SOTK,Sono-Tek Corporation Common Stock,$4.18,-0.01,-0.239%,65669426.00,United States,,14291,Technology,Industrial Machinery/Components
SOUL,Soulpower Acquisition Corporation Class A Ordinary Shares,$10.31,-0.03,-0.29%,0.00,,2025,6800,Consumer Discretionary,Publishing
SOUN,SoundHound AI Inc Class A Common Stock,$8.08,0.38,4.935%,3443777244.00,United States,,30633549,Technology,Computer Software: Prepackaged Software
SOUNW,SoundHound AI Inc. Warrant,$2.87,0.12,4.364%,1223222858.00,United States,2021,36012,Technology,Computer Software: Prepackaged Software
SOWG,Sow Good Inc. Common Stock,$0.3047,0.0097,3.288%,91654170.00,United States,,191241,Consumer Staples,Packaged Foods
SPAI,Safe Pro Group Inc. Common Stock,$4.41,0.00,0.00%,92123074.00,United States,2024,243246,Health Care,Industrial Specialties
SPB,Spectrum Brands Holdings Inc. Common Stock,$84.71,3.75,4.632%,1965169331.00,United States,,378762,Miscellaneous,Industrial Machinery/Components
SPCB,SuperCom Ltd. Ordinary Shares (Israel),$9.19,0.42,4.789%,40879877.00,Israel,,64292,Technology,Semiconductors
SPCE,Virgin Galactic Holdings Inc. Common Stock,$2.93,-0.13,-4.248%,238527535.00,United States,2017,8881392,Consumer Discretionary,Transportation Services
SPE,Special Opportunities Fund Inc Common Stock,$14.37,0.09,0.63%,0.00,United States,,70070,Finance,Finance/Investors Services
SPE^C,Special Opportunities Fund Inc. 2.75% Convertible Preferred Stock Series C,$25.02,0.0601,0.241%,,United States,,996,,
SPEG,Silver Pegasus Acquisition Corp Class A Ordinary Shares,$10.18,0.00,0.00%,0.00,United States,2025,15,,
SPEGR,Silver Pegasus Acquisition Corp Rights.,$0.23,0.00,0.00%,0.00,United States,2025,125,,
SPEGU,Silver Pegasus Acquisition Corp Unit,$10.35,0.00,0.00%,0.00,United States,2025,1,,
SPFI,South Plains Financial Inc. Common Stock,$44.42,1.12,2.587%,725915860.00,United States,2019,137487,Finance,Major Banks
SPG,Simon Property Group Inc. Common Stock,$206.23,4.88,2.424%,66993441399.00,United States,,1345866,Real Estate,Real Estate Investment Trusts
SPG^J,Simon Property Group Inc. Simon Property Group 8 3/8% Series J Cumulative Redeemable Preferred Stock,$54.2199,0.0299,0.055%,,United States,,1155,,
SPGI,S&P Global Inc. Common Stock,$442.57,5.78,1.323%,134159296505.00,United States,,1679525,Finance,Finance: Consumer Services
SPH,Suburban Propane Partners L.P. Common Stock,$18.87,-0.03,-0.159%,1251675046.00,United States,1996,147913,Consumer Discretionary,Other Specialty Stores
SPHL,Springview Holdings Ltd Class A Ordinary Shares,$2.62,0.02,0.769%,32126388.00,Singapore,2024,10872,Consumer Discretionary,Homebuilding
SPHR,Sphere Entertainment Co. Class A Common Stock,$135.67,2.58,1.939%,4816572620.00,United States,2020,424912,Consumer Discretionary,Services-Misc. Amusement & Recreation
SPIR,Spire Global Inc. Class A Common Stock,$19.54,-1.77,-8.306%,684624739.00,United States,2020,2469032,Consumer Discretionary,Telecommunications Equipment
SPKL,Spark I Acquisition Corp. Class A Ordinary Share,$11.39,0.02,0.176%,0.00,United States,2023,3899,,
SPKLU,Spark I Acquisition Corp. Unit,$11.32,-0.58,-4.874%,0.00,United States,2023,269,,
SPKLW,Spark I Acquisition Corp. Warrant,$0.1962,-0.0338,-14.696%,0.00,United States,2023,20190,,
SPMA,Sound Point Meridian Capital Inc. 8.00% Series A Preferred Shares Due 2029,$25.08,0.00,0.00%,0.00,,,2165,,
SPMC,Sound Point Meridian Capital Inc. Common Stock,$9.72,0.02,0.206%,0.00,,2024,25431,,
SPME,Sound Point Meridian Capital Inc. 7.875% Series B Preferred Shares due 2030,$24.975,-0.075,-0.299%,0.00,,,982,,
SPNT,SiriusPoint Ltd. Common Shares,$23.28,0.60,2.646%,2723516608.00,Bermuda,2013,1429995,Finance,Property-Casualty Insurers
SPOK,Spok Holdings Inc. Common Stock,$11.50,0.18,1.59%,238399060.00,United States,,160518,Telecommunications,Telecommunications Equipment
SPOT,Spotify Technology S.A. Ordinary Shares,$536.61,5.16,0.971%,110451792313.00,Luxembourg,2018,1398316,Consumer Discretionary,Broadcasting
SPPL,SIMPPLE LTD. Ordinary Shares,$2.115,0.0507,2.456%,20697779.00,Singapore,2023,741798,Consumer Discretionary,Diversified Commercial Services
SPRB,Spruce Biosciences Inc. Common Stock,$70.30,2.40,3.535%,96471143.00,United States,2020,32076,Health Care,Biotechnology: Pharmaceutical Preparations
SPRC,SciSparc Ltd. Ordinary Shares,$4.42,0.18,4.245%,2499510.00,Israel,,66540,Health Care,Biotechnology: Pharmaceutical Preparations
SPRO,Spero Therapeutics Inc. Common Stock,$2.75,0.07,2.612%,159201606.00,United States,2017,381178,Health Care,Biotechnology: Pharmaceutical Preparations
SPRU,Spruce Power Holding Corporation Class A Common Stock,$4.03,-0.08,-1.946%,73220518.00,United States,2019,43602,Consumer Discretionary,Auto Parts:O.E.M.
SPRY,ARS Pharmaceuticals Inc. Common Stock,$8.18,0.00,0.00%,812251971.00,United States,2020,1276171,Health Care,Biotechnology: Pharmaceutical Preparations
SPSC,SPS Commerce Inc. Common Stock,$57.62,1.07,1.892%,2130044763.00,United States,2010,499312,Technology,Computer Software: Prepackaged Software
SPT,Sprout Social Inc Class A Common Stock,$5.52,-0.12,-2.128%,328772839.00,United States,2019,930106,Technology,Computer Software: Prepackaged Software
SPWH,Sportsman's Warehouse Holdings Inc. Common Stock,$1.52,-0.06,-3.797%,59209092.00,United States,2014,2089166,Consumer Discretionary,Other Specialty Stores
SPWR,SunPower Inc. Common Stock,$1.18,-0.02,-1.667%,149450267.00,United States,,1893929,Technology,Semiconductors
SPWRW,SunPower Inc. Warrants,$0.28,0.00,0.00%,35462775.00,United States,,405,Technology,Semiconductors
SPXC,SPX Technologies Inc. Common Stock,$223.52,8.25,3.832%,11215511630.00,United States,,1475978,Industrials,Industrial Machinery/Components
SPXX,Nuveen S&P 500 Dynamic Overwrite Fund,$17.39,0.09,0.52%,0.00,United States,,306821,Finance,Trusts Except Educational Religious and Charitable
SQFT,Presidio Property Trust Inc. Class A Common Stock,$3.29,0.04,1.231%,4743121.00,United States,2020,42734,Real Estate,Real Estate Investment Trusts
SQFTP,Presidio Property Trust Inc. 9.375% Series D Cumulative Redeemable Perpetual Preferred Stock $0.01 par value per share,$6.43,0.00,0.00%,9269990.00,United States,,1772,Real Estate,Real Estate Investment Trusts
SQFTW,Presidio Property Trust Inc. Series A Common Stock Purchase Warrants,$0.0205,-0.0008,-3.756%,29554.00,United States,,2145,Real Estate,Real Estate Investment Trusts
SQM,Sociedad Quimica y Minera S.A. Common Stock,$88.80,-6.51,-6.83%,25364637350.00,Chile,1993,2128004,Industrials,Mining & Quarrying of Nonmetallic Minerals (No Fuels)
SQNS,Sequans Communications S.A. American Depositary Shares (each representing one hundred (100) Ordinary Shares),$2.63,0.02,0.766%,37694322.00,France,,429333,Technology,Semiconductors
SR,Spire Inc. Common Stock,$92.31,-1.23,-1.315%,5455206038.00,United States,,630823,Utilities,Oil/Gas Transmission
SRAD,Sportradar Group AG Class A Ordinary Shares,$17.42,-0.60,-3.33%,5430813281.00,Switzerland,2021,3193186,Technology,Computer Software: Programming Data Processing
SRBK,SR Bancorp Inc. Common stock,$18.03,0.38,2.153%,150288488.00,United States,2023,122237,Finance,Banks
SRCE,1st Source Corporation Common Stock,$74.65,2.11,2.909%,1881759209.00,United States,,191629,Finance,Major Banks
SRE,DBA Sempra Common Stock,$94.02,-1.77,-1.848%,61426326915.00,United States,,4675837,Utilities,Natural Gas Distribution
SREA,DBA Sempra 5.750% Junior Subordinated Notes due 2079,$21.97,0.22,1.011%,13910214874.00,United States,2019,31967,Utilities,Natural Gas Distribution
SRFM,Surf Air Mobility Inc. Common Stock,$1.36,0.11,8.80%,104710823.00,United States,2023,3624549,Consumer Discretionary,Transportation Services
SRG,Seritage Growth Properties Class A Common Stock,$2.68,0.07,2.682%,150949947.00,United States,2015,231079,Finance,Real Estate
SRG^A,Seritage Growth Properties 7.00% Series A Cumulative Redeemable Preferred Shares of Beneficial Interest,$21.7989,-0.0011,-0.005%,,United States,,3223,,
SRI,Stoneridge Inc. Common Stock,$6.91,0.05,0.729%,195105543.00,United States,1997,220246,Consumer Discretionary,Auto Parts:O.E.M.
SRJN,Spire Inc. 6.375% Junior Subordinated Notes due 2086,$25.09,0.14,0.561%,0.00,United States,,8435,Utilities,Oil/Gas Transmission
SRL,Scully Royalty Ltd.,$7.07,0.03,0.426%,107650302.00,Canada,,19950,Finance,Commercial Banks
SRPT,Sarepta Therapeutics Inc. Common Stock (DE),$21.55,0.38,1.795%,2262529587.00,United States,,2511011,Health Care,Biotechnology: Pharmaceutical Preparations
SRRK,Scholar Rock Holding Corporation Common Stock,$49.96,-0.04,-0.08%,5739559476.00,United States,2018,1757077,Health Care,Biotechnology: Biological Products (No Diagnostic Substances)
SRTA,Strata Critical Medical Inc. Class A Common Stock,$4.57,0.07,1.556%,395061373.00,United States,2019,793427,Consumer Discretionary,Transportation Services
SRTAW,Strata Critical Medical Inc. Warrants,$0.0121,0.0021,21.00%,1046005.00,United States,2019,16230,Consumer Discretionary,Transportation Services
SRTS,Sensus Healthcare Inc. Common Stock,$4.49,0.05,1.126%,73914645.00,United States,2016,66160,Health Care,Medical/Dental Instruments
SRV,NXG Cushing Midstream Energy Fund Common Shares of Beneficial Interest,$44.03,-0.54,-1.212%,0.00,United States,,80210,Finance,Finance Companies
SRXH,SRX Health Solutions Inc. Common Stock,$0.127,-0.0007,-0.548%,37872376.00,,2021,44265155,Consumer Staples,Beverages (Production/Distribution)
SRZN,Surrozen Inc. Common Stock,$31.56,1.24,4.09%,362520473.00,United States,,133142,Health Care,Biotechnology: Biological Products (No Diagnostic Substances)
SRZNW,Surrozen Inc. Warrant,$0.0191,0.0002,1.058%,219396.00,United States,,2992,Health Care,Biotechnology: Biological Products (No Diagnostic Substances)
SSAC,SPACSphere Acquisition Corp. Class A Ordinary Shares,$9.92,0.00,0.00%,0.00,United States,2026,302,Finance,Blank Checks
SSACR,SPACSphere Acquisition Corp. Rights,$0.17,-0.01,-5.556%,0.00,United States,2026,16000,Finance,Blank Checks
SSACU,SPACSphere Acquisition Corp. Unit,$10.10,0.00,0.00%,0.00,United States,2026,3,Finance,Blank Checks
SSACW,SPACSphere Acquisition Corp. Warrant,$0.08,0.0004,0.503%,0.00,United States,2026,20060,Finance,Blank Checks
SSB,SouthState Bank Corporation Common Stock,$99.93,2.53,2.598%,9819855486.00,United States,,1006579,Finance,Major Banks
SSBI,Summit State Bank Common Stock,$13.73,0.04,0.292%,91622075.00,United States,2006,7854,Finance,Major Banks
SSD,Simpson Manufacturing Company Inc. Common Stock,$176.27,6.41,3.774%,7261269553.00,United States,,254862,Consumer Discretionary,Industrial Machinery/Components
SSEA,Starry Sea Acquisition Corp	Ordinary Shares,$10.15,0.00,0.00%,0.00,United States,2025,4,,
SSEAR,Starry Sea Acquisition Corp Rights,$0.20,0.00,0.00%,0.00,United States,2025,42,,
SSII,SS Innovations International Inc. Common Stock,$4.89,-0.04,-0.811%,950404243.00,India,,26559,Health Care,Medical/Dental Instruments
SSL,Sasol Ltd. American Depositary Shares,$12.16,-0.96,-7.317%,7896401265.00,South Africa,,3696410,Energy,Oil & Gas Production
SSM,Sono Group N.V. Ordinary Shares,$6.12,-0.39,-5.991%,,Germany,,6104,,
SSNC,SS&C Technologies Holdings Inc. Common Stock,$72.11,0.81,1.136%,17359587326.00,United States,2010,2349849,Technology,Computer Software: Prepackaged Software
SSP,E.W. Scripps Company (The) Class A Common Stock,$4.94,0.16,3.347%,439802475.00,United States,,530418,Industrials,Broadcasting
SSRM,SSR Mining Inc. Common Stock,$31.75,0.60,1.926%,6501845359.00,Canada,,2543572,Industrials,Precious Metals
SSSS,SuRo Capital Corp. Common Stock,$13.29,0.19,1.45%,337403277.00,United States,2011,342033,Finance,Finance: Consumer Services
SSSSL,SuRo Capital Corp. 6.00% Notes due 2026,$25.0259,-0.0113,-0.045%,597821377.00,United States,,216,Finance,Finance: Consumer Services
SST,System1 Inc. Class A Common Stock,$2.15,-0.11,-4.867%,21279281.00,United States,2020,202187,Technology,Computer Software: Programming Data Processing
SSTI,SoundThinking Inc. Common Stock,$6.90,0.15,2.222%,89382165.00,United States,2017,58998,Technology,Computer Software: Prepackaged Software
SSTK,Shutterstock Inc. Common Stock,$17.69,-0.23,-1.283%,628822096.00,United States,2012,177308,Technology,EDP Services
SSYS,Stratasys Ltd. Ordinary Shares (Israel),$8.79,0.16,1.854%,757456618.00,United States,1994,871623,Technology,Computer peripheral equipment
ST,Sensata Technologies Holding plc Ordinary Shares,$40.67,2.01,5.199%,5929667454.00,Netherlands,2010,2132839,Industrials,Industrial Machinery/Components
STAA,STAAR Surgical Company Common Stock,$25.08,0.46,1.868%,1241779745.00,United States,,895345,Health Care,Ophthalmic Goods
STAG,Stag Industrial Inc. Common Stock,$39.75,0.93,2.396%,7599014099.00,United States,2011,1305540,Real Estate,Real Estate Investment Trusts
STAK,STAK Inc. Class A Ordinary Shares,$0.9435,-0.0205,-2.127%,12463964.00,China,2025,40455,Consumer Discretionary,Oil and Gas Field Machinery
STBA,S&T Bancorp Inc. Common Stock,$44.15,0.73,1.681%,1617877280.00,United States,,221707,Finance,Major Banks
STC,Stewart Information Services Corporation Common Stock,$67.52,2.59,3.989%,2059544667.00,United States,,172183,Finance,Specialty Insurers
STE,STERIS plc (Ireland) Ordinary Shares,$225.79,5.82,2.646%,22144359895.00,United States,,600706,Health Care,Industrial Specialties
STEL,Stellar Bancorp Inc. Common Stock,$37.95,0.48,1.281%,1926805597.00,United States,,347811,Finance,Major Banks
STEM,Stem Inc. Class A Common Stock,$10.81,0.11,1.028%,92090109.00,United States,1992,134557,Miscellaneous,Industrial Machinery/Components
STEP,StepStone Group Inc. Class A Common Stock,$54.97,0.62,1.141%,6550317440.00,United States,2020,1097020,Finance,Investment Managers
STEW,SRH Total Return Fund Inc. Common Stock,$18.03,0.25,1.406%,0.00,United States,,100930,Finance,Investment Managers
STEX,Streamex Corp. Common Stock,$1.11,0.07,6.731%,108471083.00,United States,,1969237,Health Care,Biotechnology: Electromedical & Electrotherapeutic Apparatus
STFS,Star Fashion Culture Holdings Limited Class A Ordinary Shares,$4.01,-0.01,-0.249%,4786938.00,China,2024,8827,Consumer Discretionary,Advertising
STG,Sunlands Technology Group American Depositary Shares representing Class A ordinary shares,$3.5154,0.1033,3.027%,47515018.00,,2018,677,Real Estate,Other Consumer Services
STGW,Stagwell Inc. Class A Common Stock,$7.28,0.06,0.831%,1845134593.00,Canada,,1878423,Consumer Discretionary,Advertising
STHO,Star Holdings Shares of Beneficial Interest,$8.53,0.26,3.144%,103117208.00,United States,,10015,Real Estate,Real Estate
STI,Solidion Technology Inc. Common Stock,$7.17,0.15,2.137%,55536547.00,United States,2022,31505,Miscellaneous,Industrial Machinery/Components
STIM,Neuronetics Inc. Common Stock,$1.42,0.02,1.429%,98802901.00,United States,2018,1098763,Health Care,Medical/Dental Instruments
STK,Columbia Seligman Premium Technology Growth Fund Inc,$45.67,0.07,0.154%,0.00,United States,2009,48233,Finance,Investment Managers
STKE,Sol Strategies Inc. Common Shares,$1.22,0.07,6.087%,38964359.00,Canada,,404196,,
STKH,Steakholder Foods Ltd. American Depositary Shares,$2.07,0.13,6.701%,2857840.00,Israel,2021,22629,Consumer Staples,Packaged Foods
STKL,SunOpta Inc. Common Stock,$6.47,-0.03,-0.462%,765867105.00,Canada,,899889,Industrials,Farming/Seeds/Milling
STKS,The ONE Group Hospitality Inc. Common Stock,$1.75,-0.02,-1.13%,54921071.00,United States,,17591,Consumer Discretionary,Restaurants
STLA,Stellantis N.V. Common Shares,$8.62,0.47,5.767%,24976305150.00,United Kingdom,2014,22051831,Industrials,Auto Manufacturing
STLD,Steel Dynamics Inc.,$200.32,4.57,2.335%,28990756112.00,United States,1996,1207509,Industrials,Steel/Iron Ore
STM,STMicroelectronics N.V. Common Stock,$44.22,2.65,6.375%,39301327681.00,Switzerland,,19648471,Technology,Semiconductors
STN,Stantec Inc Common Stock,$91.20,1.93,2.162%,10402909944.00,Canada,,297600,Consumer Discretionary,Military/Government/Technical
STNE,StoneCo Ltd. Class A Common Shares,$15.10,-0.19,-1.243%,4100285574.00,Brazil,2018,6431174,Technology,EDP Services
STNG,Scorpio Tankers Inc. Common Shares,$75.21,1.19,1.608%,3893079436.00,Monaco,2010,1141510,Consumer Discretionary,Marine Transportation
STOK,Stoke Therapeutics Inc. Common Stock,$37.27,1.93,5.461%,2204549943.00,United States,2019,894324,Health Care,Biotechnology: Pharmaceutical Preparations
STRA,Strategic Education Inc. Common Stock,$83.21,1.31,1.60%,1881620158.00,United States,1996,141755,Real Estate,Other Consumer Services
STRC,Strategy Inc Variable Rate Series A Perpetual Stretch Preferred Stock,$99.21,0.15,0.151%,34286420126.00,United States,,3363897,Technology,Computer Software: Prepackaged Software
STRD,Strategy Inc 10.00% Series A Perpetual Stride Preferred Stock,$77.14,1.025,1.347%,26659151785.00,United States,,153025,Technology,Computer Software: Prepackaged Software
STRF,Strategy Inc 10.00% Series A Perpetual Strife Preferred Stock,$99.90,1.07,1.083%,34524880260.00,United States,,119273,Technology,Computer Software: Prepackaged Software
STRK,Strategy Inc 8.00% Series A Perpetual Strike Preferred Stock,$76.88,2.13,2.849%,26569297241.00,United States,,187517,Technology,Computer Software: Prepackaged Software
STRL,Sterling Infrastructure Inc. Common Stock,$463.65,22.55,5.112%,14225122319.00,United States,,594094,Industrials,Military/Government/Technical
STRO,Sutro Biopharma Inc. Common Stock,$31.55,2.20,7.496%,522696359.00,United States,2018,297016,Health Care,Biotechnology: Biological Products (No Diagnostic Substances)
STRR,Star Equity Holdings Inc. Common Stock,$9.6527,-0.1173,-1.201%,35855408.00,United States,,3083,Consumer Discretionary,Professional Services
STRRP,Star Equity Holdings Inc. 10% Series A Cumulative Perpetual Preferred Stock,$10.05,0.075,0.752%,37331197.00,United States,,10468,,
STRS,Stratus Properties Inc. Common Stock,$29.90,-0.11,-0.367%,238677498.00,United States,,70737,Real Estate,Homebuilding
STRT,STRATTEC SECURITY CORPORATION Common Stock,$80.70,4.32,5.656%,337308085.00,United States,,185548,Consumer Discretionary,Auto Parts:O.E.M.
STRW,Strawberry Fields REIT Inc. Common Stock,$12.81,0.36,2.892%,171376113.00,United States,2023,15658,Real Estate,Real Estate Investment Trusts
STRZ,Starz Entertainment Corp. Common Shares,$20.09,2.89,16.802%,337292597.00,United States,,498557,Consumer Discretionary,Movies/Entertainment
STSS,Sharps Technology Inc. Common Stock,$1.91,-0.01,-0.521%,73849331.00,United States,2022,329078,Health Care,Medical/Dental Instruments
STSSW,Sharps Technology Inc. Warrant,$0.0304,-0.0063,-17.166%,1175403.00,United States,2022,91239,Finance,Finance: Consumer Services
STT,State Street Corporation Common Stock,$145.43,3.53,2.488%,40289227682.00,United States,,3179010,Finance,Major Banks
STT^G,State Street Corporation Depositary shares each representing a 1/4000th ownership interest in a share of Fixed-to-Floating Rate Non-Cumulative,$22.27,0.14,0.633%,,United States,,79310,,
STTK,Shattuck Labs Inc. Common Stock,$7.53,0.18,2.449%,569130856.00,United States,2020,312553,Health Care,Biotechnology: Pharmaceutical Preparations
STUB,StubHub Holdings Inc. Class A Common Stock,$6.92,0.10,1.466%,2468530903.00,United States,2025,2020093,Consumer Discretionary,Services-Misc. Amusement & Recreation
STVN,Stevanato Group S.p.A. Ordinary Shares,$15.53,0.50,3.327%,4703144584.00,,2021,311753,Health Care,Medical/Dental Instruments
STWD,STARWOOD PROPERTY TRUST INC. Starwood Property Trust Inc.,$18.14,0.19,1.058%,6724129450.00,United States,2009,3268177,Real Estate,Real Estate Investment Trusts
STX,Seagate Technology Holdings PLC Ordinary Shares (Ireland),$547.75,15.94,2.997%,119449522449.00,Ireland,2002,3446510,Technology,Electronic Components
STXS,Stereotaxis Inc. Common Stock,$2.03,0.02,0.995%,197879402.00,United States,,604305,Health Care,Biotechnology: Electromedical & Electrotherapeutic Apparatus
STZ,Constellation Brands Inc. Common Stock,$162.28,-1.97,-1.199%,28136856945.00,United States,,2316779,Consumer Staples,Beverages (Production/Distribution)
SU,Suncor Energy  Inc. Common Stock,$61.16,-2.66,-4.168%,72591473519.00,Canada,,7048824,Energy,Integrated oil Companies
SUGP,SU Group Holdings Limited Class A Ordinary Shares,$4.69,0.00,0.00%,6869781.00,Hong Kong,2024,1653,Consumer Discretionary,Diversified Commercial Services
SUI,Sun Communities Inc. Common Stock,$130.47,2.24,1.747%,16077672626.00,United States,1993,860488,Real Estate,Real Estate Investment Trusts
SUIG,Sui Group Holdings Limited Common Stock,$1.48,0.00,0.00%,113668251.00,United States,,550932,Finance,Finance Companies
SUIS,Canary Staked SUIS ETF Shares of Beneficial Interest,$26.3438,0.3297,1.267%,27924428.00,United States,,1423,,
SUMAU,SUMA Acquisition Corporation Units,$10.05,0.00,0.00%,0.00,Canada,2026,25019,Finance,Blank Checks
SUN,Sunoco LP Common Units representing limited partner interests,$63.05,-1.49,-2.309%,12914073253.00,United States,2012,297093,Energy,Integrated oil Companies
SUNB,Sunbelt Rentals Holdings Inc. Common Stock,$71.59,4.98,7.476%,29588132897.00,,2026,3193077,Consumer Discretionary,Diversified Commercial Services
SUNC,SunocoCorp LLC Common Units representing limited liability company interests,$60.16,-1.09,-1.78%,3099274632.00,,2025,456646,Energy,Integrated oil Companies
SUNE,SUNation Energy Inc. Common Stock,$1.44,-0.05,-3.356%,4905527.00,United States,,187651,Utilities,Telecommunications Equipment
SUNS,Sunrise Realty Trust Inc. Common Stock,$7.80,0.09,1.167%,105453309.00,United States,,172218,Real Estate,Real Estate Investment Trusts
SUPN,Supernus Pharmaceuticals Inc. Common Stock,$51.39,2.17,4.409%,2952738972.00,United States,2012,797794,Health Care,Biotechnology: Pharmaceutical Preparations
SUPV,Grupo Supervielle S.A. American Depositary Shares each Representing five Class B shares,$9.79,-0.11,-1.111%,894262303.00,,2016,682053,Finance,Commercial Banks
SUPX,SuperX AI Technology Limited Ordinary Shares,$8.63,0.55,6.807%,287432748.00,Hong Kong,2024,307620,,
SURG,SurgePays Inc. Common Stock,$0.662,0.0152,2.35%,16630694.00,United States,,1073600,Consumer Discretionary,Advertising
SUUN,PowerBank Corporation Common Stock,$0.6562,-0.0348,-5.036%,26535349.00,Canada,,756115,Utilities,Power Generation
SUZ,Suzano S.A. American Depositary Shares (each representing One Ordinary Share),$9.65,0.13,1.366%,12198734985.00,Brazil,2018,3865289,Basic Materials,Paper
SVAC,Spring Valley Acquisition Corp. III Class A Ordinary Shares,$10.46,-0.01,-0.096%,0.00,United States,2025,160549,Finance,Blank Checks
SVACU,Spring Valley Acquisition Corp. III Unit,$11.00,0.10,0.917%,0.00,United States,2025,500,Finance,Blank Checks
SVACW,Spring Valley Acquisition Corp. III Warrant,$1.70,0.10,6.25%,0.00,United States,2025,8677,Finance,Blank Checks
SVAQ,Silicon Valley Acquisition Corp. Class A Ordinary Shares,$9.91,0.00,0.00%,0.00,United States,2026,78,Finance,Blank Checks
SVAQU,Silicon Valley Acquisition Corp. Units,$10.03,0.00,0.00%,0.00,United States,2025,250,Finance,Blank Checks
SVAQW,Silicon Valley Acquisition Corp. Warrants,$0.28,-0.01,-3.448%,0.00,United States,2026,33461,Finance,Blank Checks
SVC,Service Properties Trust Common Stock,$1.44,0.06,4.348%,241998581.00,United States,,14361918,Real Estate,Real Estate Investment Trusts
SVCC,Stellar V Capital Corp. Class A Ordinary Shares,$10.47,-0.03,-0.286%,0.00,United States,2025,102,,
SVCCW,Stellar V Capital Corp. Warrant,$0.28,0.0599,27.215%,0.00,United States,2025,36488,Finance,Blank Checks
SVCO,Silvaco Group Inc. Common Stock,$8.53,0.09,1.066%,268190928.00,United States,2024,280780,Technology,Computer Software: Prepackaged Software
SVIV,Spring Valley Acquisition Corp. IV Class A Ordinary Shares,$9.945,0.015,0.151%,0.00,United States,2026,261728,Finance,Blank Checks
SVIVU,Spring Valley Acquisition Corp. IV Units,$10.18,0.02,0.197%,0.00,United States,2026,153,Finance,Blank Checks
SVIVW,Spring Valley Acquisition Corp. IV Warrants,$0.73,-0.0299,-3.935%,0.00,United States,2026,291402,Finance,Blank Checks
SVM,Silvercorp Metals Inc. Common Shares,$12.84,0.19,1.502%,2828352944.00,Canada,,4008923,Basic Materials,Precious Metals
SVRA,Savara Inc. Common Stock,$5.78,0.14,2.482%,1184449969.00,United States,,1719093,Health Care,Biotechnology: Pharmaceutical Preparations
SVRE,SaverOne 2014 Ltd. American Depositary Shares,$4.33,0.52,13.648%,2742968.00,Israel,2022,161728,Technology,EDP Services
SVREW,SaverOne 2014 Ltd. Warrant,$0.0171,0.0069,67.647%,467964346.00,Israel,2022,3409,Technology,EDP Services
SVRN,OceanPal Inc. Common Stock,$10.22,-0.36,-3.403%,17527545.00,Greece,,15993,Consumer Discretionary,Marine Transportation
SVV,Savers Value Village Inc. Common Stock,$8.64,0.27,3.226%,1339690018.00,United States,2023,952680,Consumer Discretionary,Other Specialty Stores
SW,Smurfit WestRock plc Ordinary Shares,$42.24,1.04,2.524%,22144477766.00,Ireland,2024,8233521,Consumer Discretionary,Containers/Packaging
SWAG,Stran & Company Inc. Common Stock,$1.75,0.06,3.55%,32707777.00,United States,2021,27178,Consumer Discretionary,Advertising
SWAGW,Stran & Company Inc. Warrant,$0.0203,-0.0047,-18.80%,379410.00,United States,2021,13226,Consumer Discretionary,Advertising
SWBI,Smith & Wesson Brands Inc. Common Stock,$14.85,0.01,0.067%,660732113.00,United States,,390734,Industrials,Ordnance And Accessories
SWIM,Latham Group Inc. Common Stock,$6.34,0.31,5.141%,741522976.00,United States,2021,432734,Industrials,Plastic Products
SWK,Stanley Black & Decker Inc. Common Stock,$71.34,2.87,4.192%,11063369247.00,United States,,3400102,Consumer Discretionary,Industrial Machinery/Components
SWKHL,SWK Holdings Corporation 9.00% Senior Notes due 2027,$25.3701,0.0616,0.243%,308180524.00,United States,,969,,
SWKS,Skyworks Solutions Inc. Common Stock,$58.99,0.29,0.494%,8872444218.00,United States,,3256583,Technology,Semiconductors
SWMR,Swarmer Inc Common Stock,$35.13,-5.01,-12.481%,433805580.00,United States,2026,1332411,Technology,Computer Software: Prepackaged Software
SWVL,Swvl Holdings Corp Class A Common Shares,$1.5799,0.0399,2.591%,15638665.00,United Arab Emirates,,23525,Real Estate,Real Estate
SWVLW,Swvl Holdings Corp Warrant,$0.0098,0.00,0.00%,97005.00,United Arab Emirates,,8075,Real Estate,Real Estate
SWX,Southwest Gas Holdings Inc. Common Stock (DE),$90.99,-0.37,-0.405%,6584457684.00,United States,,427237,Utilities,Oil & Gas Production
SWZ,Total Return Securities Fund Common Stock,$6.08,0.03,0.496%,0.00,United States,,78318,Finance,Finance Companies
SXC,SunCoke Energy Inc. Common Stock,$6.26,-0.01,-0.159%,531122025.00,United States,2011,1303863,Industrials,Steel/Iron Ore
SXI,Standex International Corporation Common Stock,$278.40,7.52,2.776%,3373855267.00,United States,,238558,Industrials,Industrial Machinery/Components
SXT,Sensient Technologies Corporation Common Stock,$100.26,4.93,5.172%,4261721742.00,United States,,434427,Industrials,Major Chemicals
SXTC,China SXT Pharmaceuticals Inc. Class A Ordinary Shares,$2.01,0.0826,4.286%,5945735.00,China,2019,31099,Health Care,Biotechnology: Pharmaceutical Preparations
SXTP,60 Degrees Pharmaceuticals Inc. Common Stock,$1.78,0.05,2.89%,4693483.00,United States,2023,93840,Health Care,Biotechnology: Pharmaceutical Preparations
SXTPW,60 Degrees Pharmaceuticals Inc. Warrant,$0.09,0.007,8.434%,237311.00,United States,2023,232,Health Care,Biotechnology: Pharmaceutical Preparations
SY,So-Young International Inc. American Depository Shares,$2.83,0.03,1.071%,284972360.00,China,2019,448282,Technology,EDP Services
SYBT,Stock Yards Bancorp Inc. Common Stock,$72.57,1.31,1.838%,2141641572.00,United States,,156628,Finance,Major Banks
SYF,Synchrony Financial Common Stock,$78.34,3.17,4.217%,27230692497.00,United States,2014,5255893,Finance,Finance: Consumer Services
SYF^A,Synchrony Financial Depositary Shares each Representing a 1/40th Interest in a Share of 5.625% Fixed Rate Non-Cumulative Perpetual Preferred Stock Series A,$19.92,-0.07,-0.35%,,United States,,36881,,
SYF^B,Synchrony Financial Depositary Shares Each Representing a 1/40th Interest in a Share of 8.250% Fixed Rate Reset Non-Cumulative Perpetual Preferred Stock Series B,$26.22,0.05,0.191%,,United States,,18215,,
SYK,Stryker Corporation Common Stock,$343.32,4.94,1.46%,131486153740.00,United States,,2477914,Health Care,Medical/Dental Instruments
SYM,Symbotic Inc. Class A Common Stock,$63.17,2.61,4.31%,38039192101.00,United States,2021,2371124,Industrials,Industrial Machinery/Components
SYNA,Synaptics Incorporated Common Stock $0.001 Par Value,$80.22,0.91,1.147%,3106899823.00,United States,2002,748707,Technology,Semiconductors
SYNX,Silynxcom Ltd. Ordinary Shares,$1.32,0.16,13.793%,6978816.00,,2024,530939,Consumer Staples,Consumer Electronics/Appliances
SYPR,Sypris Solutions Inc. Common Stock,$3.97,-0.16,-3.874%,91428981.00,United States,,240989,Industrials,Industrial Machinery/Components
SYRE,Spyre Therapeutics Inc. Common Stock,$73.01,3.31,4.749%,6767902226.00,United States,2016,2126691,Health Care,Biotechnology: Pharmaceutical Preparations
SYY,Sysco Corporation Common Stock,$76.27,2.22,2.998%,36528040599.00,United States,,5747552,Consumer Discretionary,Food Distributors
SZZL,Sizzle Acquisition Corp. II Class A ordinary shares,$10.28,-0.005,-0.049%,0.00,United States,2025,266870,Finance,Blank Checks
SZZLR,Sizzle Acquisition Corp. II Right,$0.22,0.00,0.00%,0.00,United States,2025,111450,Finance,Blank Checks
T,AT&T Inc.,$26.51,0.11,0.417%,185134076877.00,United States,,35008468,Telecommunications,Telecommunications Equipment
T^A,AT&T Inc. Depositary Shares each representing a 1/1000th interest in a share of 5.000% Perpetual Preferred Stock Series A,$20.07,0.07,0.35%,,United States,,58705,,
T^C,AT&T Inc. Depositary Shares each representing a 1/1000th interest in a share of 4.750% Perpetual Preferred Stock Series C,$18.70,0.02,0.107%,,United States,,84304,,
TAC,TransAlta Corporation Ordinary Shares,$12.66,-0.84,-6.222%,3763750079.00,Canada,,1829364,Utilities,Electric Utilities: Central
TACH,Titan Acquisition Corp. Class A Ordinary Shares,$10.31,-0.04,-0.386%,0.00,United States,2025,285,Finance,Blank Checks
TACHW,Titan Acquisition Corp. Warrants,$0.32,0.02,6.667%,0.00,United States,2025,137,Finance,Blank Checks
TACO,Berto Acquisition Corp. Ordinary Shares,$10.285,0.025,0.244%,374808356.00,United States,2025,729,Finance,Blank Checks
TACOU,Berto Acquisition Corp. Unit,$10.42,0.03,0.289%,0.00,United States,2025,1710,Finance,Blank Checks
TACOW,Berto Acquisition Corp. Warrant,$0.31,0.00,0.00%,0.00,United States,2025,224,Finance,Blank Checks
TACT,TransAct Technologies Incorporated Common Stock,$3.42,0.10,3.012%,35144874.00,United States,1996,48838,Technology,Computer peripheral equipment
TAK,Takeda Pharmaceutical Company Limited American Depositary Shares (each representing 1/2 of a share of Common Stock),$17.82,0.04,0.225%,56084873383.00,Japan,2018,2499550,Health Care,Biotechnology: Pharmaceutical Preparations
TAL,TAL Education Group American Depositary Shares,$12.64,0.18,1.445%,7710674149.00,China,,4685257,Real Estate,Other Consumer Services
TALK,Talkspace Inc. Common Stock,$5.18,0.01,0.193%,865453732.00,United States,2020,1493566,Health Care,Medical/Nursing Services
TALKW,Talkspace Inc. Warrant,$0.0019,-0.0001,-5.00%,317444.00,United States,2020,124100,Health Care,Medical/Nursing Services
TALO,Talos Energy Inc. Common Stock,$13.50,-1.26,-8.537%,2274948221.00,United States,2018,2806238,Energy,Oil & Gas Production
TANH,Tantech Holdings Ltd. Class A Common Shares,$0.3476,-0.0224,-6.054%,2264922.00,China,2015,228878,Industrials,Major Chemicals
TAOP,Taoping Inc. Ordinary Shares ,$1.33,0.01,0.758%,12287454.00,Hong Kong,,7998,Technology,Computer Software: Prepackaged Software
TAOX,Tao Synergies Inc. Common Stock,$4.97,0.49,10.938%,37135497.00,United States,,189213,Health Care,Biotechnology: Pharmaceutical Preparations
TAP,Molson Coors Beverage Company Class B Common Stock,$44.59,0.42,0.951%,8381818047.00,Canada,,3437899,Consumer Staples,Beverages (Production/Distribution)
TARA,Protara Therapeutics Inc.  Common Stock,$5.44,0.31,6.043%,294219016.00,United States,2014,719132,Health Care,Biotechnology: Biological Products (No Diagnostic Substances)
TARS,Tarsus Pharmaceuticals Inc. Common Stock,$67.24,-0.48,-0.709%,2861565762.00,United States,2020,852947,Health Care,Biotechnology: Biological Products (No Diagnostic Substances)
TASK,TaskUs Inc. Class A Common Stock,$7.42,0.07,0.952%,671964490.00,United States,2021,454230,Technology,EDP Services
TATT,TAT Technologies Ltd. Ordinary Shares,$40.62,0.01,0.025%,527375025.00,Israel,,294564,Industrials,Aerospace
TAVI,Tavia Acquisition Corp. Ordinary Shares,$10.59,0.00,0.00%,0.00,United States,2024,26,Finance,Blank Checks
TAVIR,Tavia Acquisition Corp. Right,$0.1025,0.0025,2.50%,0.00,United States,2024,40789,Finance,Blank Checks
TAVIU,Tavia Acquisition Corp. Unit,$10.64,0.00,0.00%,0.00,United States,2024,10,Finance,Blank Checks
TAYD,Taylor Devices Inc. Common Stock,$56.43,2.28,4.211%,181654490.00,United States,,52958,Industrials,Industrial Machinery/Components
TBB,AT&T Inc. 5.350% Global Notes due 2066,$21.66,0.10,0.464%,154877349497.00,United States,2017,82329,Telecommunications,Telecommunications Equipment
TBBB,BBB Foods Inc. Class A Common Shares,$38.18,0.82,2.195%,4499785529.00,Mexico,2024,337861,Consumer Staples,Food Chains
TBBK,The Bancorp Inc Common Stock,$61.70,1.34,2.22%,2582377054.00,United States,2004,387201,Finance,Major Banks
TBCH,Turtle Beach Corporation Common Stock,$11.81,0.61,5.446%,231476520.00,United States,,273662,Telecommunications,Telecommunications Equipment
TBH,Brag House Holdings Inc. Common Stock,$0.71,0.101,16.585%,16682249.00,United States,2025,3045329,Consumer Discretionary,Services-Misc. Amusement & Recreation
TBI,TrueBlue Inc. Common Stock,$4.17,0.13,3.218%,126600562.00,United States,,396100,Consumer Discretionary,Professional Services
TBLA,Taboola.com Ltd. Ordinary Shares,$3.75,0.09,2.459%,1040994165.00,Israel,,1529469,Technology,Computer Software: Programming Data Processing
TBLAW,Taboola.com Ltd. Warrant,$0.007,0.0017,32.075%,1943189.00,Israel,,6812,Technology,Computer Software: Programming Data Processing
TBLD,Thornburg Income Builder Opportunities Trust Common Stock,$22.53,0.31,1.395%,722804824.00,United States,2021,92179,Finance,Investment Managers
TBN,Tamboran Resources Corporation Common stock,$35.76,-1.75,-4.665%,916310342.00,,2024,244255,Energy,Oil & Gas Production
TBPH,Theravance Biopharma Inc. Ordinary Shares,$17.23,0.45,2.682%,887223081.00,Cayman Islands,,436188,Health Care,Biotechnology: Pharmaceutical Preparations
TBRG,TruBridge Inc. Common Stock,$23.25,1.12,5.061%,346583681.00,United States,2002,323721,Technology,EDP Services
TC,Token Cat Limited American Depositary Shares,$10.07,-0.15,-1.468%,20016935.00,China,2018,2269,Real Estate,Real Estate
TCBI,Texas Capital Bancshares Inc. Common Stock,$104.58,2.13,2.079%,4623812168.00,United States,2003,364512,Finance,Major Banks
TCBIO,Texas Capital Bancshares Inc. Depositary Shares 5.75% Fixed Rate Non-Cumulative Perpetual Preferred Stock Series B,$22.01,-0.02,-0.091%,973131630.00,United States,,21237,Finance,Major Banks
TCBK,TriCo Bancshares Common Stock,$50.30,0.82,1.657%,1605102677.00,United States,,301033,Finance,Major Banks
TCBS,Texas Community Bancshares Inc. Common Stock,$17.25,0.15,0.877%,49773012.00,United States,2021,433,Finance,Banks
TCBX,Third Coast Bancshares Inc. Common Stock,$42.12,1.05,2.557%,694381138.00,United States,,116732,Finance,Banks
TCI,Transcontinental Realty Investors Inc. Common Stock,$38.76,-1.55,-3.845%,334859888.00,United States,,4522,Real Estate,Real Estate Investment Trusts
TCMD,Tactile Systems Technology Inc. Common Stock,$25.73,0.60,2.388%,585368049.00,United States,2016,168717,Health Care,Medical/Dental Instruments
TCOM,Trip.com Group Limited American Depositary Shares,$55.19,0.50,0.914%,36054010871.00,China,2003,2567689,Real Estate,Real Estate
TCPA,TransCanada PipeLines Limited 6.250% Junior Subordinated Notes due 2085,$24.06,0.21,0.881%,0.00,Canada,2025,23507,Utilities,Natural Gas Distribution
TCPC,BlackRock TCP Capital Corp. Common Stock,$4.33,0.09,2.123%,364712055.00,United States,2012,929100,Finance,Finance/Investors Services
TCRT,Alaunos Therapeutics Inc. Common Stock,$2.92,0.09,3.18%,6944499.00,United States,,11275,Health Care,Biotechnology: Pharmaceutical Preparations
TCRX,TScan Therapeutics Inc. Common Stock,$1.19,0.11,10.185%,67712931.00,United States,2021,1251086,Health Care,Biotechnology: Biological Products (No Diagnostic Substances)
TCX,Tucows Inc. Class A Common Stock,$17.63,0.67,3.95%,196203776.00,Canada,,21776,Technology,EDP Services
TD,Toronto Dominion Bank (The) Common Stock,$105.35,1.31,1.259%,175811206683.00,Canada,,3340350,Finance,Commercial Banks
TDAC,Translational Development Acquisition Corp. Ordinary Shares,$10.61,0.01,0.094%,0.00,United States,2025,270,,
TDAY,USA TODAY Co. Inc. Common Stock,$7.31,-0.02,-0.273%,1075355474.00,United States,2014,1688755,Consumer Discretionary,Newspapers/Magazines
TDC,Teradata Corporation Common Stock,$27.10,0.33,1.233%,2561774138.00,United States,,1259119,Technology,Computer Software: Prepackaged Software
TDF,Templeton Dragon Fund Inc. Common Stock,$11.51,0.08,0.70%,0.00,United States,,80947,Finance,Finance/Investors Services
TDG,Transdigm Group Incorporated Common Stock,$1265.88,37.65,3.065%,71488753930.00,United States,2006,384835,Industrials,Military/Government/Technical
TDIC,Dreamland Limited Class A Ordinary Shares,$0.134,-0.0026,-1.903%,4958000.00,Hong Kong,2025,646628,Consumer Discretionary,Other Consumer Services
TDOC,Teladoc Health Inc. Common Stock,$5.69,-0.13,-2.234%,1026652970.00,United States,2015,4111892,Health Care,Medical/Nursing Services
TDOG,21Shares Dogecoin ETF Common Shares of Beneficial Interest,$20.1779,0.121,0.603%,2004069.00,United States,,3628,,
TDS,Telephone and Data Systems Inc. Common Shares,$45.82,0.25,0.549%,5216189717.00,United States,,549602,Telecommunications,Telecommunications Equipment
TDS^U,Telephone and Data Systems Inc. Depositary Shares Each Representing a 1/1000th Interest in a 6.625% Series UU Cumulative Redeemable Perpetual Preferred Stock,$21.51,-0.06,-0.278%,,United States,,5963,,
TDS^V,Telephone and Data Systems Inc. Depositary Shares Each Representing a 1/1000th Interest in a 6.000% Series VV Cumulative Redeemable Perpetual Preferred Stock,$19.54,-0.17,-0.863%,,United States,,25002,,
TDTH,Trident Digital Tech Holdings Ltd American Depository Shares,$0.0917,-0.0079,-7.932%,10554269.00,Singapore,2024,2711610,Real Estate,Real Estate
TDUP,ThredUp Inc. Class A Common Stock,$4.46,0.13,3.002%,575311527.00,United States,2021,4439848,Consumer Discretionary,Catalog/Specialty Distribution
TDW,Tidewater Inc. Common Stock,$85.25,0.88,1.043%,4226142580.00,United States,2017,922485,Consumer Discretionary,Marine Transportation
TDWD,Tailwind 2.0 Acquisition Corp. Class A Ordinary Shares,$9.95,0.00,0.00%,0.00,United States,2025,2,Finance,Blank Checks
TDWDR,Tailwind 2.0 Acquisition Corp. Rights,$0.135,0.00,0.00%,0.00,United States,2025,251,Finance,Blank Checks
TDY,Teledyne Technologies Incorporated Common Stock,$635.83,0.07,0.011%,29442305893.00,United States,,439395,Industrials,Industrial Machinery/Components
TE,T1 Energy Inc. Common Stock,$5.03,0.04,0.802%,1403554837.00,Luxembourg,2021,28658367,Miscellaneous,Industrial Machinery/Components
TEAD,Teads Holding Co. Common Stock,$0.726,-0.004,-0.548%,70415778.00,United States,2021,176500,Technology,Computer Software: Programming Data Processing
TEAM,Atlassian Corporation Class A Common Stock,$66.94,-1.79,-2.604%,17655028314.00,Australia,2015,23910758,Technology,Computer Software: Prepackaged Software
TECH,Bio-Techne Corp Common Stock,$59.23,1.87,3.26%,9266728485.00,United States,,1925499,Health Care,Biotechnology: Biological Products (No Diagnostic Substances)
TECK,Teck Resources Ltd Ordinary Shares,$59.38,1.52,2.627%,29069053245.00,Canada,,4243075,Industrials,Mining & Quarrying of Nonmetallic Minerals (No Fuels)
TECX,Tectonic Therapeutic Inc. Common Stock,$29.51,-0.17,-0.573%,554098233.00,United States,2018,175209,Health Care,Biotechnology: Biological Products (No Diagnostic Substances)
TEI,Templeton Emerging Markets Income Fund Inc. Common Stock,$6.67,0.04,0.603%,0.00,United States,1993,159243,Finance,Finance Companies
TEL,TE Connectivity plc Ordinary Shares,$246.14,9.66,4.085%,72225911956.00,Ireland,,2718574,Technology,Electronic Components
TELA,TELA Bio Inc. Common Stock,$0.6828,-0.05,-6.823%,30548725.00,United States,2019,67770,Health Care,Medical/Dental Instruments
TELO,Telomir Pharmaceuticals Inc. Common Stock,$1.45,0.11,8.209%,49852408.00,United States,2024,184543,Health Care,Biotechnology: Pharmaceutical Preparations
TEM,Tempus AI Inc. Class A Common Stock,$55.87,1.45,2.664%,10023336119.00,United States,2024,6561054,Technology,Computer Software: Programming Data Processing
TEN,Tsakos Energy Navigation Ltd Common Shares,$39.40,0.70,1.809%,1187027558.00,Greece,,352988,Consumer Discretionary,Marine Transportation
TEN^E,Tsakos Energy Navigation Ltd Series E Fixed-to-Floating Rate Cumulative Redeemable Perpetual Preferred Shares par value $1.00,$26.2502,-0.0998,-0.379%,,Greece,,2498,,
TEN^F,Tsakos Energy Navigation Ltd Series F Fixed-to-Floating Rate Cumulative Redeemable Perpetual Preferred Shares par value $1.00,$27.50,-0.04,-0.145%,,Greece,,2129,,
TENB,Tenable Holdings Inc. Common Stock,$19.35,0.32,1.682%,2216161827.00,United States,2018,3183216,Technology,Computer Software: Prepackaged Software
TENX,Tenax Therapeutics Inc. Common Stock,$14.45,0.97,7.196%,248505508.00,United States,,764365,Health Care,Biotechnology: Pharmaceutical Preparations
TEO,Telecom Argentina SA,$11.94,-0.01,-0.084%,5143006968.00,Argentina,,232868,Telecommunications,Telecommunications Equipment
TER,Teradyne Inc. Common Stock,$380.38,14.46,3.952%,59552075223.00,United States,,2422243,Industrials,Electrical Products
TERN,Terns Pharmaceuticals Inc. Common Stock,$52.65,-0.04,-0.076%,6076515089.00,United States,2021,6389362,Health Care,Biotechnology: Pharmaceutical Preparations
TEVA,Teva Pharmaceutical Industries Limited American Depositary Shares,$32.40,1.14,3.647%,37726663842.00,Israel,,4512288,Health Care,Biotechnology: Pharmaceutical Preparations
TEX,Terex Corporation Common Stock,$60.82,2.88,4.971%,6915234000.00,United States,,1418016,Industrials,Construction/Ag Equipment/Trucks
TFC,Truist Financial Corporation Common Stock,$50.57,1.14,2.306%,62757863159.00,United States,,13512579,Finance,Major Banks
TFC^I,Truist Financial Corporation Depositary Shares,$19.25,-0.15,-0.773%,,United States,,38678,,
TFC^O,Truist Financial Corporation Depositary Shares Each Representing a 1/1000th Interest in a Share of Series O Non-Cumulative Perpetual Preferred Stock,$21.70,0.04,0.185%,,United States,,53353,,
TFC^R,Truist Financial Corporation Depositary Shares each representing 1/1000th interest in a share of Series R Non-Cumulative Perpetual Preferred Stock,$18.97,0.04,0.211%,,United States,,106756,,
TFII,TFI International Inc. Common Shares,$131.61,3.80,2.973%,10811897322.00,Canada,,537755,Industrials,Trucking Freight/Courier Services
TFIN,Triumph Financial Inc. Common Stock,$66.38,2.80,4.404%,1579443397.00,United States,,273775,Finance,Major Banks
TFIN^,Triumph Financial Inc. Depositary Shares Each Representing a 1/40th Interest in a Share of 7.125% Series C Fixed-Rate Non-Cumulative Perpetual Preferred Stock,$22.44,0.275,1.241%,,United States,,1746,,
TFPM,Triple Flag Precious Metals Corp. Common Shares,$36.36,0.98,2.77%,7512118240.00,Canada,2022,395987,Industrials,Precious Metals
TFSL,TFS Financial Corporation Common Stock,$14.99,0.49,3.379%,4205756277.00,United States,2007,807608,Finance,Savings Institutions
TFX,Teleflex Incorporated Common Stock,$131.58,1.36,1.044%,5815909948.00,United States,,1258911,Health Care,Medical/Dental Instruments
TG,Tredegar Corporation Common Stock,$8.98,0.29,3.337%,312117680.00,United States,,249850,Industrials,Metal Fabrications
TGB,Taseko Mines Ltd. Common Stock,$7.73,0.11,1.444%,2818026770.00,Canada,,4590392,Basic Materials,Precious Metals
TGE,The Generation Essentials Group Class A Ordinary Shares,$1.06,-0.06,-5.357%,51368734.00,,2025,78761,Consumer Discretionary,Newspapers/Magazines
TGEN,Tecogen Inc. Common Stock,$4.30,0.43,11.111%,128377485.00,United States,2025,1200142,Industrials,Industrial Machinery/Components
TGHL,The GrowHub Limited Class A Ordinary Shares,$0.399,0.024,6.40%,10094624.00,Singapore,2025,37639,Technology,EDP Services
TGL,Treasure Global Inc. Common Stock,$4.17,0.11,2.709%,6987773.00,United States,2022,29669,Real Estate,Real Estate
TGLS,Tecnoglass Inc. Ordinary Shares,$44.12,0.02,0.045%,1973828471.00,Colombia,2022,305548,Consumer Discretionary,Electronic Components
TGS,Transportadora de Gas del Sur SA TGS Common Stock,$30.59,-0.74,-2.362%,4605392165.00,Argentina,,618185,Utilities,Natural Gas Distribution
TGT,Target Corporation Common Stock,$127.84,3.93,3.172%,57893058498.00,United States,,5843296,Consumer Discretionary,Department/Specialty Retail Stores
TGTX,TG Therapeutics Inc. Common Stock,$35.33,1.03,3.003%,5641786084.00,United States,,2607502,Health Care,Biotechnology: Pharmaceutical Preparations
TH,Target Hospitality Corp. Common Stock,$14.84,0.17,1.159%,1477467165.00,United States,2018,584631,Consumer Discretionary,Hotels/Resorts
THC,Tenet Healthcare Corporation Common Stock,$196.64,4.64,2.417%,17100404320.00,United States,,992434,Health Care,Hospital/Nursing Management
THCH,TH International Limited Ordinary shares,$2.10,-0.07,-3.226%,69811522.00,China,,6949,Consumer Discretionary,Restaurants
THFF,First Financial Corporation Common Stock,$67.51,1.63,2.474%,802821899.00,United States,,106446,Finance,Major Banks
THG,Hanover Insurance Group Inc,$181.85,3.50,1.962%,6399083280.00,United States,,210557,Finance,Property-Casualty Insurers
THH,TryHard Holdings Limited Ordinary Shares,$0.405,0.007,1.759%,21726731.00,Japan,2025,67421,Consumer Discretionary,Services-Misc. Amusement & Recreation
THM,International Tower Hill Mines Ltd. Ordinary Shares (Canada),$2.62,0.06,2.344%,685490179.00,Canada,,1054959,Basic Materials,Metal Mining
THO,Thor Industries Inc. Common Stock,$80.55,2.32,2.966%,4236602403.00,United States,,871763,Industrials,Homebuilding
THQ,abrdn Healthcare Opportunities Fund Shares of Beneficial Interest,$18.28,0.28,1.556%,0.00,United States,2014,121229,Finance,Finance Companies
THR,Thermon Group Holdings Inc. Common Stock,$54.27,0.66,1.231%,1782681148.00,United States,2011,269295,Energy,Industrial Machinery/Components
THRM,Gentherm Inc Common Stock,$29.77,1.31,4.603%,912421653.00,United States,,254246,Consumer Discretionary,Auto Parts:O.E.M.
THRY,Thryv Holdings Inc. Common Stock,$3.24,-0.05,-1.52%,143094675.00,United States,,579399,Consumer Discretionary,Advertising
THW,abrdn World Healthcare Fund Shares of Beneficial Interest,$12.84,0.17,1.342%,0.00,United States,2015,94597,Finance,Finance Companies
TIC,TIC Solutions Inc. Common Stock,$8.50,0.51,6.383%,1879803832.00,United States,2025,4181160,Real Estate,Real Estate
TIGO,Millicom International Cellular S.A. Common Stock,$81.38,-0.48,-0.586%,13634472664.00,Luxembourg,,2136231,Telecommunications,Telecommunications Equipment
TIGR,UP Fintech Holding Ltd American Depositary Share representing fifteen Class A Ordinary Shares,$7.30,0.20,2.817%,1298409251.00,China,2019,2555498,Finance,Investment Bankers/Brokers/Service
TII,Titan Mining Corporation Common Shares,$2.84,0.04,1.429%,279138215.00,,2025,205977,,
TIL,Instil Bio Inc. Common Stock,$8.88,-0.02,-0.225%,60223947.00,United States,2021,19427,Health Care,Biotechnology: Biological Products (No Diagnostic Substances)
TILE,Interface Inc. Common Stock,$28.20,1.35,5.028%,1647698618.00,United States,,344573,Consumer Discretionary,Home Furnishings
TIMB,TIM S.A. American Depositary Shares (Each representing 5 Common Shares) ,$26.83,0.20,0.751%,12836147526.00,Brazil,2020,372096,Telecommunications,Telecommunications Equipment
TIPT,Tiptree Inc. Common Stock,$17.40,0.19,1.104%,659060792.00,United States,,228409,Finance,Property-Casualty Insurers
TISI,Team Inc. Common Stock,$17.19,-0.06,-0.348%,78582057.00,United States,,2591,Consumer Discretionary,Other Consumer Services
TITN,Titan Machinery Inc. Common Stock,$20.35,0.94,4.843%,475264055.00,United States,2007,110116,Consumer Discretionary,Other Specialty Stores
TIVC,Tivic Health Systems Inc. Common Stock,$1.26,0.13,11.504%,3626187.00,United States,2021,122508,Health Care,Biotechnology: Electromedical & Electrotherapeutic Apparatus
TJGC,TJGC Group Limited Ordinary Shares,$1.15,0.03,2.679%,17595000.00,Hong Kong,2025,130550,Consumer Discretionary,Advertising
TJX,TJX Companies Inc. (The) Common Stock,$160.68,3.20,2.032%,177842335885.00,United States,,5189880,Consumer Discretionary,Clothing/Shoe/Accessory Stores
TK,Teekay Corporation Ltd. Common Stock,$12.97,0.34,2.692%,1125517560.00,Bermuda,,670924,Consumer Discretionary,Marine Transportation
TKC,Turkcell Iletisim Hizmetleri AS Common Stock,$6.62,0.14,2.16%,5825600000.00,Turkey,,1047300,Telecommunications,Telecommunications Equipment
TKLF,Tokyo Lifestyle Co. Ltd. American Depositary Shares,$2.3212,0.0012,0.052%,9825131.00,Japan,2022,5128,Consumer Discretionary,Other Specialty Stores
TKNO,Alpha Teknova Inc. Common Stock,$2.93,0.25,9.328%,157011850.00,United States,2021,101275,Health Care,Biotechnology: In Vitro & In Vivo Diagnostic Substances
TKO,TKO Group Holdings Inc. Class A Common Stock,$186.31,1.87,1.014%,36167419993.00,United States,2023,1365403,Consumer Discretionary,Services-Misc. Amusement & Recreation
TKR,Timken Company (The) Common Stock,$107.66,3.74,3.599%,7512304755.00,United States,,844638,Industrials,Metal Fabrications
TLF,Tandy Leather Factory Inc. Common Stock,$2.38,0.05,2.146%,19213443.00,United States,,3583,Consumer Discretionary,Apparel
TLIH,Ten-League International Holdings Limited Ordinary Shares,$0.2573,0.0031,1.22%,7565737.00,Singapore,2025,88927,,
TLK,PT Telekomunikasi Indonesia Tbk,$18.51,0.03,0.162%,18336416293.00,Indonesia,,839697,Telecommunications,Telecommunications Equipment
TLN,Talen Energy Corporation Common Stock,$365.35,2.95,0.814%,16585065807.00,United States,,937528,Utilities,Electric Utilities: Central
TLNC,Talon Capital Corp. Class A Ordinary Shares,$10.19,-0.09,-0.875%,0.00,United States,2025,760,,
TLNCU,Talon Capital Corp. Units,$10.35,0.00,0.00%,0.00,United States,2025,98,Finance,Blank Checks
TLPH,Talphera Inc. Common Stock,$0.8026,-0.0064,-0.791%,40169989.00,United States,2011,105261,Health Care,Biotechnology: Pharmaceutical Preparations
TLRY,Tilray Brands Inc. Common Stock ,$6.86,0.07,1.031%,799345036.00,United States,2018,3537497,Health Care, Medicinal Chemicals and Botanical Products 
TLS,Telos Corporation Common Stock,$4.36,-0.08,-1.802%,336836204.00,United States,2020,701949,Technology,EDP Services
TLSA,Tiziana Life Sciences Ltd. Common Shares,$1.24,-0.10,-7.463%,157801322.00,United Kingdom,2018,326805,Health Care,Biotechnology: Pharmaceutical Preparations
TLSI,TriSalus Life Sciences Inc. Common Stock,$4.65,0.16,3.563%,285576751.00,United States,2021,224347,Health Care,Medical Specialities
TLSIW,TriSalus Life Sciences Inc. Warrant,$0.935,-0.0435,-4.446%,57422422.00,United States,2021,685,Health Care,Medical Specialities
TLX,Telix Pharmaceuticals Limited American Depositary Shares,$10.74,0.00,0.00%,3638465506.00,Australia,,301056,Health Care,Biotechnology: Pharmaceutical Preparations
TLYS,Tilly's Inc. Common Stock,$5.15,0.05,0.98%,156944551.00,United States,2012,303162,Consumer Discretionary,Clothing/Shoe/Accessory Stores
TM,Toyota Motor Corporation Common Stock,$217.20,4.34,2.039%,283422754604.00,Japan,,442634,Industrials,Auto Manufacturing
TMC,TMC the metals company Inc. Common Stock,$5.32,0.16,3.101%,2304561155.00,Canada,,6952626,Basic Materials,Metal Mining
TMCI,Treace Medical Concepts Inc. Common Stock,$1.94,0.07,3.743%,125681806.00,United States,2021,552257,Health Care,Medical/Dental Instruments
TMCR,The Metals Royalty Company Inc. Common Stock,$15.22,0.37,2.492%,838030140.00,Canada,,146575,Basic Materials,Precious Metals
TMCWW,TMC the metals company Inc. Warrants,$0.41,0.00,0.00%,177607157.00,Canada,,240260,Basic Materials,Metal Mining
TMDE,TMD Energy Limited Ordinary Shares,$1.11,-0.20,-15.267%,26157150.00,,2025,722756,Energy,Oil Refining/Marketing
TMDX,TransMedics Group Inc. Common Stock,$115.87,6.75,6.186%,4002631587.00,United States,2019,978715,Health Care,Biotechnology: Electromedical & Electrotherapeutic Apparatus
TME,Tencent Music Entertainment Group American Depositary Shares each representing two Class A Ordinary Shares,$10.08,-0.07,-0.69%,15612957400.00,United States,2018,11210820,Consumer Discretionary,Broadcasting
TMHC,Taylor Morrison Home Corporation Common Stock,$60.64,3.25,5.663%,5745336072.00,United States,2013,1566260,Consumer Discretionary,Homebuilding
TMO,Thermo Fisher Scientific Inc Common Stock,$526.60,10.60,2.054%,195623602890.00,United States,,1988149,Industrials,Industrial Machinery/Components
TMP,Tompkins Financial Corporation Common Stock,$85.68,2.16,2.586%,1235032818.00,United States,1997,82220,Finance,Major Banks
TMQ,Trilogy Metals Inc. Common Stock,$4.48,0.06,1.357%,773004463.00,Canada,,2899415,Basic Materials,Precious Metals
TMTS,Spartacus Acquisition Corp. II Class A Ordinary Shares,$9.98,0.02,0.201%,0.00,United States,2026,14379,,
TMTSU,Spartacus Acquisition Corp. II Unit,$10.10,0.01,0.099%,0.00,United States,2026,1400,Finance,Blank Checks
TMTSW,Spartacus Acquisition Corp. II Warrants,$0.45,0.03,7.143%,0.00,United States,2026,113880,,
TMUS,T-Mobile US Inc. Common Stock,$197.67,0.55,0.279%,217805207618.00,United States,,4800117,Telecommunications,Telecommunications Equipment
TMUSI,T-Mobile US Inc. 5.500% Senior Notes due June 2070,$22.25,0.18,0.816%,0.00,United States,,15251,Telecommunications,Telecommunications Equipment
TMUSL,T-Mobile US Inc. 6.250% Senior Notes due 2069,$24.96,0.15,0.605%,0.00,United States,,21573,Telecommunications,Telecommunications Equipment
TMUSZ,T-Mobile US Inc. 5.500% Senior Notes due March 2070,$22.20,0.30,1.37%,0.00,United States,,20789,Telecommunications,Telecommunications Equipment
TNC,Tennant Company Common Stock,$78.70,0.44,0.562%,1417184348.00,United States,,156474,Industrials,Industrial Machinery/Components
TNDM,Tandem Diabetes Care Inc. Common Stock,$20.61,0.52,2.588%,1411237269.00,United States,2013,1982866,Health Care,Medical/Dental Instruments
TNET,TriNet Group Inc. Common Stock,$38.77,-0.08,-0.206%,1788120048.00,United States,2014,441038,Real Estate,Real Estate
TNGX,Tango Therapeutics Inc.,$26.64,1.60,6.39%,3801230991.00,United States,2020,2808180,Health Care,Biotechnology: Pharmaceutical Preparations
TNK,Teekay Tankers Ltd.,$75.29,0.88,1.183%,2608336069.00,Bermuda,2007,817736,Consumer Discretionary,Marine Transportation
TNL,Travel   Leisure Co. Common  Stock,$78.33,2.15,2.822%,4889485181.00,United States,,961413,Consumer Discretionary,Hotels/Resorts
TNMG,TNL Mediagene Ordinary Shares,$1.29,0.06,4.878%,3297762.00,Taiwan,,109512,Consumer Discretionary,Advertising
TNON,Tenon Medical Inc. Common Stock,$0.8017,-0.0169,-2.065%,9056306.00,United States,2022,66320,Health Care,Medical/Dental Instruments
TNONW,Tenon Medical Inc. Warrant,$0.008,-0.0001,-1.235%,90371.00,United States,,11696,Health Care,Medical/Dental Instruments
TNXP,Tonix Pharmaceuticals Holding Corp. Common Stock,$13.98,-0.15,-1.062%,187407506.00,United States,,373085,Health Care,Biotechnology: Pharmaceutical Preparations
TNYA,Tenaya Therapeutics Inc. Common Stock,$0.7821,0.035,4.685%,169714821.00,United States,2021,3303416,Health Care,Biotechnology: Biological Products (No Diagnostic Substances)
TOI,The Oncology Institute Inc. Common Stock,$3.54,0.00,0.00%,349890570.00,United States,2020,1745164,Health Care,Medical/Nursing Services
TOIIW,The Oncology Institute Inc. Warrant,$0.0438,0.0038,9.50%,4329155.00,United States,2020,3700,Health Care,Medical/Nursing Services
TOL,Toll Brothers Inc. Common Stock,$146.68,7.78,5.601%,13891622760.00,United States,,1649939,Consumer Discretionary,Homebuilding
TOMZ,TOMI Environmental Solutions Inc. Common Stock,$0.585,-0.0017,-0.29%,12016215.00,United States,,13615,Industrials,Major Chemicals
TONX,TON Strategy Company Common Stock,$2.41,-0.19,-7.308%,136238787.00,United States,,277599,Consumer Discretionary,Other Consumer Services
TOON,Kartoon Studios Inc. Common Stock,$0.6829,0.024,3.642%,38471878.00,United States,,465723,Consumer Discretionary,Movies/Entertainment
TOP,TOP Financial Group Limited Class A Ordinary Shares,$0.876,0.0698,8.658%,32471748.00,Hong Kong,2022,77409,Finance,Investment Bankers/Brokers/Service
TOPP,Toppoint Holdings Inc. Common Stock,$0.81,-0.01,-1.22%,15957000.00,,2025,29115,Industrials,Trucking Freight/Courier Services
TOPS,TOP Ships Inc. Common Stock,$3.05,0.05,1.667%,16563083.00,Greece,,101894,Consumer Discretionary,Marine Transportation
TORO,Toro Corp. Common Stock,$3.91,0.05,1.295%,112811648.00,Cyprus,,305111,Consumer Discretionary,Marine Transportation
TOST,Toast Inc. Class A Common Stock,$29.08,0.58,2.035%,17128120000.00,United States,2021,8638308,Technology,EDP Services
TOUR,Tuniu Corporation American Depositary Shares,$0.722,0.0084,1.177%,83771050.00,China,2014,114557,Consumer Discretionary,Transportation Services
TOVX,Theriva Biologics Inc. Common Stock,$0.2572,0.0049,1.942%,11803594.00,United States,,93007070,Health Care,Biotechnology: Pharmaceutical Preparations
TOWN,TowneBank Common Stock,$36.31,0.97,2.745%,2709355252.00,United States,,503977,Finance,Major Banks
TOYO,TOYO Co. Ltd Ordinary Shares,$12.82,0.27,2.151%,484070342.00,Japan,,301496,Consumer Discretionary,Miscellaneous manufacturing industries
TPB,Turning Point Brands Inc. Common Stock,$81.43,2.08,2.621%,1574914992.00,United States,2016,392267,Consumer Discretionary,Tobacco
TPC,Tutor Perini Corporation Common Stock,$84.22,-0.17,-0.201%,4431210287.00,United States,1970,573293,Consumer Discretionary,General Bldg Contractors - Nonresidential Bldgs
TPCS,TechPrecision Corporation Common stock,$3.66,0.00,0.00%,36641475.00,United States,,56358,Industrials,Metal Fabrications
TPET,Trio Petroleum Corp. Common Stock,$0.458,-0.0508,-9.984%,17056916.00,,2023,6238574,Energy,Oil & Gas Production
TPG,TPG Inc. Class A Common Stock,$44.98,1.70,3.928%,16982987499.00,United States,2022,4016076,Finance,Investment Managers
TPGXL,TPG Operating Group II L.P. 6.950% Fixed-Rate Junior Subordinated Notes due 2064,$25.14,0.05,0.199%,9171719984.00,United States,,5430,,
TPH,Tri Pointe Homes Inc. Common Stock,$46.86,0.10,0.214%,3989443063.00,United States,2013,2821764,Consumer Discretionary,Homebuilding
TPL,Texas Pacific Land Corporation Common Stock,$422.58,-3.69,-0.866%,29133321889.00,United States,,468019,Energy,Oil & Gas Production
TPR,Tapestry Inc. Common Stock,$155.85,5.16,3.424%,31554049155.00,United States,,2368226,Consumer Discretionary,Apparel
TPST,Tempest Therapeutics Inc. Common Stock,$1.96,-0.28,-12.50%,28114307.00,United States,,497127,Health Care,Biotechnology: Pharmaceutical Preparations
TPTA,Terra Property Trust Inc. 6.00% Notes due 2026,$22.90,0.00,0.00%,557387580.00,,2021,87,Real Estate,Real Estate Investment Trusts
TPVG,TriplePoint Venture Growth BDC Corp. Common Stock,$5.65,0.25,4.63%,228774969.00,United States,2014,484025,Consumer Discretionary,Other Consumer Services
TR,Tootsie Roll Industries Inc. Common Stock,$42.84,0.77,1.83%,3126747229.00,United States,,121626,Consumer Staples,Specialty Foods
TRAK,ReposiTrak Inc. Common Stock,$8.14,0.29,3.694%,148175757.00,United States,,94319,Technology,EDP Services
TRAW,Traws Pharma Inc. Common Stock,$1.25,0.04,3.306%,12696571.00,United States,2013,377510,Health Care,Biotechnology: Pharmaceutical Preparations
TRAXV,First Tracks Biotherapeutics Inc. Ordinary Shares When-Issued,$22.51,-2.89,-11.378%,782196411.00,United States,,30827,Health Care,Biotechnology: Pharmaceutical Preparations
TRC,Tejon Ranch Co Common Stock,$19.83,0.26,1.329%,535493960.00,United States,2000,73320,Finance,Real Estate
TRDA,Entrada Therapeutics Inc. Common Stock,$13.99,0.43,3.171%,535597539.00,United States,2021,113334,Health Care,Biotechnology: Pharmaceutical Preparations
TREE,LendingTree Inc. Common Stock,$47.96,1.06,2.26%,664523784.00,United States,,196729,Finance,Finance: Consumer Services
TREX,Trex Company Inc. Common Stock,$42.77,1.63,3.962%,4443333856.00,United States,,1655515,Basic Materials,Forest Products
TRGP,Targa Resources Inc. Common Stock,$235.50,-4.31,-1.797%,50585863700.00,United States,2010,2107137,Utilities,Natural Gas Distribution
TRI,Thomson Reuters Corporation Common Shares,$93.01,-0.06,-0.064%,41282790969.00,United States,,2223602,Consumer Discretionary,Publishing
TRIB,Trinity Biotech plc American Depositary Shares,$0.7454,0.0463,6.623%,14084981.00,Ireland,1992,58689,Health Care,Biotechnology: In Vitro & In Vivo Diagnostic Substances
TRIN,Trinity Capital Inc. Common Stock,$16.17,0.44,2.797%,1344938343.00,United States,2021,1444716,Finance,Finance: Consumer Services
TRINI,Trinity Capital Inc. 7.875% Notes Due 2029,$25.22,0.0399,0.158%,1773323115.00,United States,,10339,Finance,Finance: Consumer Services
TRINZ,Trinity Capital Inc. 7.875% Notes due 2029,$25.34,0.00,0.00%,1781760814.00,United States,,1549,Finance,Finance: Consumer Services
TRIP,TripAdvisor Inc. Common Stock,$11.39,0.16,1.425%,1307061967.00,United States,,2256502,Technology,Computer Software: Programming Data Processing
TRMB,Trimble Inc. Common Stock,$69.29,1.62,2.394%,16081428171.00,United States,1990,1520213,Industrials,Industrial Machinery/Components
TRMD,TORM plc Class A Common Stock,$30.30,0.53,1.78%,3070381022.00,United Kingdom,,759663,Consumer Discretionary,Marine Transportation
TRMK,Trustmark Corporation Common Stock,$45.29,1.13,2.559%,2666307400.00,United States,,268324,Finance,Major Banks
TRN,Trinity Industries Inc. Common Stock,$32.95,0.48,1.478%,2624550369.00,United States,,507274,Industrials,Railroads
TRNO,Terreno Realty Corporation Common Stock,$66.94,1.18,1.794%,7112806428.00,United States,2010,908076,Finance,Real Estate
TRNR,Interactive Strength Inc. Common Stock,$1.09,-0.04,-3.54%,2448554.00,United States,2023,127229,Technology,Consumer Electronics/Appliances
TRNS,Transcat Inc. Common Stock,$80.11,3.64,4.76%,747601581.00,United States,,120885,Industrials,Electrical Products
TRON,Tron Inc. Common Stock,$2.51,0.03,1.21%,688698981.00,United States,2023,1001870,Consumer Discretionary,Recreational Games/Products/Toys
TROO,TROOPS Inc. Ordinary Shares ,$2.70,0.34,14.407%,303777448.00,China,,172383,Finance,Diversified Financial Services
TROW,T. Rowe Price Group Inc. Common Stock,$96.98,1.23,1.285%,21103419309.00,United States,1986,2109754,Finance,Investment Bankers/Brokers/Service
TROX,Tronox Holdings plc Ordinary Shares (UK),$9.12,-0.46,-4.802%,1454758542.00,United States,,2821911,Industrials,Major Chemicals
TRP,TC Energy Corporation Common Stock,$60.62,0.23,0.381%,63150055537.00,Canada,,2814613,Utilities,Natural Gas Distribution
TRS,TriMas Corporation Common Stock,$38.24,1.01,2.713%,1402848128.00,United States,2007,399486,Industrials,Industrial Specialties
TRSG,Tungray Technologies Inc Class A Ordinary Shares,$1.23,0.00,0.00%,20114787.00,Singapore,2024,49,Industrials,Industrial Machinery/Components
TRST,TrustCo Bank Corp NY Common Stock,$46.38,0.65,1.421%,811969141.00,United States,,91752,Finance,Major Banks
TRT,Trio-Tech International Common Stock,$7.05,0.02,0.284%,61684793.00,United States,1998,86126,Technology,Industrial Machinery/Components
TRTN^A,Triton International Limited 8.50% Series A Cumulative Redeemable Perpetual  Preference Shares,$25.81,-0.12,-0.463%,,United States,,5460,,
TRTN^B,Triton International Limited 8.00% Series B Cumulative Redeemable Perpetual Preference Shares,$25.25,0.07,0.278%,,United States,,3079,,
TRTN^C,Triton International Limited 7.375% Series C Cumulative Redeemable Perpetual Preference Shares,$25.15,-0.11,-0.435%,,United States,,9103,,
TRTN^D,Triton International Limited 6.875% Series D Cumulative Redeemable Perpetual Preference Shares,$23.595,0.325,1.397%,,United States,,1224,,
TRTN^E,Triton International Limited 5.75% Series E Cumulative Redeemable Perpetual Preference Shares,$19.30,-0.20,-1.026%,,United States,,5356,,
TRTN^F,Triton International Limited 7.625% Series F Cumulative Redeemable Perpetual Preference Shares,$25.00,0.04,0.16%,,United States,,5028,,
TRTN^G,Triton International Limited 7.500% Series G Cumulative Redeemable Perpetual Preference Shares,$24.51,-0.22,-0.89%,,United States,,15290,,
TRTX,TPG RE Finance Trust Inc. Common Stock,$8.36,0.08,0.966%,648065060.00,United States,2017,653364,Real Estate,Real Estate Investment Trusts
TRTX^C,TPG RE Finance Trust Inc. 6.25% Series C Cumulative Redeemable Preferred Stock $0.001 par value per share,$18.40,-0.27,-1.446%,,United States,,6007,,
TRU,TransUnion Common Stock,$78.25,2.61,3.451%,15097593577.00,United States,2015,1803155,Finance,Finance: Consumer Services
TRUG,TruGolf Holdings Inc. Class A Common Stock,$2.24,-0.45,-16.729%,3124287.00,United States,2021,299252,Consumer Discretionary,Recreational Games/Products/Toys
TRUP,Trupanion Inc. Common Stock,$28.20,0.45,1.622%,1224730766.00,United States,,281191,Health Care,Medical Specialities
TRV,The Travelers Companies Inc. Common Stock,$300.81,1.97,0.659%,63965077359.00,United States,,2374784,Finance,Property-Casualty Insurers
TRVG,trivago N.V. American Depositary Shares,$2.79,0.02,0.722%,197028890.00,Germany,2016,36074,Technology,EDP Services
TRVI,Trevi Therapeutics Inc. Common Stock,$15.23,0.69,4.746%,1958376842.00,United States,2019,7258648,Health Care,Biotechnology: Pharmaceutical Preparations
TRX,TRX Gold Corporation Common Stock,$1.45,0.05,3.571%,418082238.00,Canada,,4611866,Basic Materials,Precious Metals
TS,Tenaris S.A. American Depositary Shares,$58.61,-0.19,-0.323%,31414811424.00,Luxembourg,,2694950,Industrials,Steel/Iron Ore
TSAT,Telesat Corporation Class A Common Shares and Class B Variable Voting Shares ,$51.80,1.10,2.17%,1873069663.00,Canada,,239853,Industrials,Metal Fabrications
TSBK,Timberland Bancorp Inc. Common Stock,$41.56,0.87,2.138%,327672589.00,United States,,25106,Finance,Banks
TSCO,Tractor Supply Company Common Stock,$45.01,0.38,0.851%,23675544193.00,United States,1994,8807894,Consumer Discretionary,RETAIL: Building Materials
TSEM,Tower Semiconductor Ltd. Ordinary Shares,$226.45,11.70,5.448%,25307287278.00,Israel,1994,2251927,Technology,Semiconductors
TSHA,Taysha Gene Therapies Inc. Common Stock,$6.43,0.48,8.067%,1847145361.00,United States,2020,6163259,Health Care,Biotechnology: Biological Products (No Diagnostic Substances)
TSI,TCW Strategic Income Fund Inc. Common Stock,$4.56,-0.01,-0.219%,0.00,United States,,52012,Finance,Investment Managers
TSLA,Tesla Inc. Common Stock,$400.62,11.72,3.014%,1503299301430.00,United States,2010,90384764,Industrials,Auto Manufacturing
TSLX,Sixth Street Specialty Lending Inc. Common Stock,$19.42,0.20,1.041%,1845280632.00,,2014,700924,Finance,Investment Managers
TSM,Taiwan Semiconductor Manufacturing Company Ltd.,$370.50,7.15,1.968%,1921615533084.00,Taiwan,1997,18388518,Technology,Semiconductors
TSN,Tyson Foods Inc. Common Stock,$64.82,0.83,1.297%,22821758576.00,United States,,2417154,Consumer Staples,Meat/Poultry/Fish
TSOL,21Shares Solana ETF Shares of Beneficial Interest,$8.6465,-0.0723,-0.829%,,,2025,5217,,
TSQ,Townsquare Media Inc. Class A Common Stock,$6.95,0.19,2.811%,118880535.00,United States,2014,151156,Consumer Discretionary,Broadcasting
TSSI,TSS Inc. Common Stock,$14.91,-0.06,-0.401%,414104287.00,United States,,1890778,Consumer Discretionary,Professional Services
TSUI,21shares Sui ETF Common Shares of Beneficial Interest Shares,$20.3377,0.223,1.109%,0.00,United States,,10742,,
TT,Trane Technologies plc,$476.11,15.84,3.441%,105378333290.00,Ireland,,1416587,Industrials,Auto Parts:O.E.M.
TTAM,Titan America SA Common Shares,$16.65,0.70,4.389%,3069635042.00,,2025,231083,Industrials,Mining & Quarrying of Nonmetallic Minerals (No Fuels)
TTAN,ServiceTitan Inc. Class A Common Stock,$64.31,1.42,2.258%,6126249251.00,United States,2024,1305847,Technology,Computer Software: Prepackaged Software
TTC,Toro Company (The) Common Stock,$92.90,0.15,0.162%,9005070219.00,United States,,982308,Consumer Discretionary,Tools/Hardware
TTD,The Trade Desk Inc. Class A Common Stock,$22.47,-0.29,-1.274%,10563096869.00,United States,2016,19562375,Technology,Computer Software: Programming Data Processing
TTE,TotalEnergies SE Ordinary Shares,$87.07,-3.67,-4.045%,189974707274.00,France,,2670191,Energy,Oil & Gas Production
TTEC,TTEC Holdings Inc. Common Stock,$3.39,0.17,5.28%,164791856.00,United States,1996,1969563,Consumer Discretionary,Professional Services
TTEK,Tetra Tech Inc. Common Stock,$31.61,-0.02,-0.063%,8244127003.00,United States,1991,1831752,Consumer Discretionary,Military/Government/Technical
TTGT,TechTarget Inc. Common Stock,$4.58,0.36,8.531%,331100355.00,United States,,548261,Telecommunications,Telecommunications Equipment
TTI,Tetra Technologies Inc. Common Stock,$8.81,0.26,3.041%,1191942924.00,United States,,3542687,Energy,Oil & Gas Production
TTMI,TTM Technologies Inc. Common Stock,$126.24,9.31,7.962%,13109163422.00,United States,2000,1671824,Technology,Electrical Products
TTRX,Turn Therapeutics Inc. Common Stock,$3.46,0.04,1.17%,103066618.00,United States,,63224,Health Care,Biotechnology: Pharmaceutical Preparations
TTWO,Take-Two Interactive Software Inc. Common Stock,$212.04,-1.89,-0.883%,39264603690.00,United States,1997,1791893,Consumer Discretionary,Services-Misc. Amusement & Recreation
TU,Telus Corporation Ordinary Shares,$12.42,0.04,0.323%,19015020000.00,Canada,,9852129,Telecommunications,Telecommunications Equipment
TULP,Bloomia Holdings Inc. Common Stock,$3.88,-0.045,-1.146%,6879702.00,United States,,2144,Consumer Staples,Farming/Seeds/Milling
TURB,Turbo Energy S.A. American Depositary Shares,$1.62,-0.25,-13.369%,19467767.00,Spain,2023,685581,Miscellaneous,Industrial Machinery/Components
TUSK,Mammoth Energy Services Inc. Common Stock,$2.71,-0.02,-0.733%,131051034.00,United States,2016,178085,Energy,Oilfield Services/Equipment
TUYA,Tuya Inc. American Depositary Shares each representing one Class A Ordinary Share,$2.49,0.02,0.81%,1518207653.00,China,2021,1141315,Technology,Computer Software: Prepackaged Software
TV,Grupo Televisa S.A.B. Common Stock,$3.28,0.10,3.145%,6264800000.00,Mexico,1993,2262929,Industrials,Broadcasting
TVA,Texas Ventures Acquisition III Corp Class A Ordinary Share,$10.4585,0.0185,0.177%,0.00,United States,2025,22597,,
TVACU,Texas Ventures Acquisition III Corp Unit,$10.95,0.00,0.00%,0.00,United States,2025,1,Finance,Blank Checks
TVACW,Texas Ventures Acquisition III Corp Warrants,$0.48,-0.01,-2.041%,0.00,United States,2025,12781,,
TVAI,Thayer Ventures Acquisition Corporation II Class A Ordinary Shares,$10.24,0.01,0.098%,0.00,United States,2025,9800,,
TVAIR,Thayer Ventures Acquisition Corporation II Rights,$0.19,0.04,26.667%,0.00,United States,2025,200,,
TVC,Tennessee Valley Authority Common Stock,$24.3101,-0.0899,-0.368%,0.00,United States,,4768,Utilities,Electric Utilities: Central
TVE,Tennessee Valley Authority,$24.18,-0.05,-0.206%,0.00,United States,,9438,Utilities,Electric Utilities: Central
TVGN,Tevogen Bio Holdings Inc. Common Stock,$7.38,1.02,16.038%,30731833.00,United States,2022,28111,Health Care,Biotechnology: Biological Products (No Diagnostic Substances)
TVGNW,Tevogen Bio Holdings Inc. Warrant,$0.0377,0.0018,5.014%,156991.00,United States,2022,49337,Health Care,Biotechnology: Biological Products (No Diagnostic Substances)
TVRD,Tvardi Therapeutics Inc. Common Stock,$3.39,0.17,5.28%,31802756.00,United States,2014,35949,Health Care,Biotechnology: Pharmaceutical Preparations
TVTX,Travere Therapeutics Inc. Common Stock,$40.77,1.23,3.111%,3765917235.00,United States,,2057428,Health Care,Biotechnology: Pharmaceutical Preparations
TW,Tradeweb Markets Inc. Class A Common Stock,$118.34,-3.62,-2.968%,27901018013.00,United States,2019,1425195,Finance,Investment Bankers/Brokers/Service
TWAV,TaoWeave Inc. Common Stock,$1.71,0.09,5.556%,5689529.00,United States,,45704,Technology,Computer Software: Programming Data Processing
TWFG,TWFG Inc. Class A Common Stock,$18.78,-0.09,-0.477%,1039994051.00,United States,2024,230307,Finance,Specialty Insurers
TWG,Top Wealth Group Holding Limited Class A Ordinary Shares,$3.78,0.08,2.162%,97951960.00,Hong Kong,2024,62220,Consumer Staples,Packaged Foods
TWI,Titan International Inc. (DE) Common Stock,$8.14,0.41,5.304%,521155808.00,United States,,672040,Industrials,Steel/Iron Ore
TWIN,Twin Disc Incorporated Common Stock,$17.64,0.83,4.938%,254398047.00,United States,,70081,Industrials,Industrial Machinery/Components
TWLO,Twilio Inc. Class A Common Stock,$140.11,3.15,2.30%,21228626400.00,United States,2016,1814626,Technology,Computer Software: Prepackaged Software
TWLV,Twelve Seas Investment Company III Class A Ordinary Shares,$9.97,0.05,0.504%,0.00,United States,2026,405,Finance,Blank Checks
TWLVR,Twelve Seas Investment Company III Rights,$0.1403,-0.0028,-1.957%,0.00,United States,2026,453,Finance,Blank Checks
TWN,Taiwan Fund Inc. (The) Common Stock,$79.39,0.94,1.198%,0.00,United States,1986,37791,Finance,Trusts Except Educational Religious and Charitable
TWO,Two Harbors Investment Corp,$11.12,-0.01,-0.09%,1168080251.00,United States,,2657358,Real Estate,Real Estate Investment Trusts
TWO^A,Two Harbors Investments Corp 8.125% Series A Fixed-to-Floating Rate Cumulative Redeemable Preferred Stock ($25.00 liquidation preference per share),$24.81,0.005,0.02%,,United States,,21718,,
TWO^B,Two Harbors Investments Corp 7.625% Series B Fixed-to-Floating Rate Cumulative Redeemable Preferred Stock,$24.77,-0.04,-0.161%,,United States,,13221,,
TWO^C,Two Harbors Investments Corp 7.25% Series C Fixed-to-Floating Rate Cumulative Redeemable Preferred Stock,$24.88,-0.03,-0.12%,,United States,,22263,,
TWOD,Two Harbors Investments Corp 9.375% Senior Notes due 2030,$25.75,0.07,0.273%,0.00,United States,2025,13389,Real Estate,Real Estate Investment Trusts
TWST,Twist Bioscience Corporation Common Stock,$59.81,3.58,6.367%,3667053016.00,United States,2018,1520672,Health Care,Biotechnology: Biological Products (No Diagnostic Substances)
TX,Ternium S.A. Ternium S.A. American Depositary Shares (each representing ten shares USD1.00 par value),$42.30,0.12,0.284%,8303814779.00,Luxembourg,,160075,Industrials,Steel/Iron Ore
TXG,10x Genomics Inc. Class A Common Stock,$26.08,0.84,3.328%,3331778784.00,United States,2019,2036913,Industrials,Biotechnology: Laboratory Analytical Instruments
TXMD,TherapeuticsMD Inc. Common Stock,$2.07,-0.01,-0.481%,23958929.00,United States,,20931,Health Care,Biotechnology: Pharmaceutical Preparations
TXN,Texas Instruments Incorporated Common Stock,$229.82,6.72,3.012%,209242693302.00,United States,,7083970,Technology,Semiconductors
TXNM,TXNM Energy Inc. Common Stock,$58.97,-0.02,-0.034%,6423092363.00,United States,,899799,Utilities,Electric Utilities: Central
TXO,TXO Partners L.P. Common Units Representing Limited Partner Interests,$11.50,-0.32,-2.707%,635288831.00,United States,2023,205739,Energy,Oil & Gas Production
TXRH,Texas Roadhouse Inc. Common Stock,$165.08,5.13,3.207%,10871105685.00,United States,2004,1212570,Consumer Discretionary,Restaurants
TXT,Textron Inc. Common Stock,$91.61,1.34,1.484%,15955020854.00,United States,,983123,Industrials,Aerospace
TY,Tri Continental Corporation Common Stock,$34.05,0.39,1.159%,1850649337.00,United States,,19853,Finance,Finance Companies
TY^,Tri Continental Corporation Preferred Stock,$44.14,0.15,0.341%,,United States,,2643,,
TYG,Tortoise Energy Infrastructure Corporation Common Stock,$47.22,-0.65,-1.358%,563235580.00,United States,2004,130811,Finance,Investment Managers
TYGO,Tigo Energy Inc. Common Stock,$3.97,-0.05,-1.244%,301163517.00,United States,2021,601667,Technology,Semiconductors
TYL,Tyler Technologies Inc. Common Stock,$342.61,2.77,0.815%,14545062157.00,United States,,317197,Technology,Computer Software: Prepackaged Software
TYRA,Tyra Biosciences Inc. Common Stock,$35.56,0.44,1.253%,1915514609.00,United States,2021,1345777,Health Care,Biotechnology: Pharmaceutical Preparations
TZOO,Travelzoo Common Stock,$7.24,0.48,7.101%,79150120.00,United States,,130906,Consumer Discretionary,Advertising
U,Unity Software Inc. Common Stock,$25.92,-0.01,-0.039%,11309674326.00,United States,2020,12681762,Technology,Computer Software: Prepackaged Software
UA,Under Armour Inc. Class C Common Stock,$6.30,0.22,3.618%,2683107006.00,United States,2016,4001184,Consumer Discretionary,Apparel
UAA,Under Armour Inc. Class A Common Stock,$6.49,0.23,3.674%,2764026106.00,United States,,9082940,Consumer Discretionary,Apparel
UAC,United Acquisition Corp. I Class A Ordinary Shares,$9.8418,0.0418,0.427%,0.00,,2026,2041,Finance,Blank Checks
UAL,United Airlines Holdings Inc. Common Stock,$101.80,6.77,7.124%,33049307088.00,United States,,13091485,Consumer Discretionary,Air Freight/Delivery Services
UAMY,United States Antimony Corporation Common Stock,$10.57,0.15,1.44%,1511926088.00,United States,,10957075,Industrials,Metal Fabrications
UAN,CVR Partners LP Common Units representing Limited Partner Interests,$122.99,-3.55,-2.805%,1299959655.00,United States,2011,150537,Industrials,Agricultural Chemicals
UAVS,AgEagle Aerial Systems Inc. Common Stock,$1.15,0.03,2.679%,65833800.00,United States,,3758343,Industrials,Aerospace
UBCP,United Bancorp Inc. Common Stock,$15.76,-0.14,-0.881%,90727988.00,United States,,3156,Finance,Major Banks
UBER,Uber Technologies Inc. Common Stock,$77.12,0.64,0.837%,157552021972.00,United States,2019,16954180,Real Estate,Real Estate
UBS,UBS Group AG Registered Ordinary Shares,$43.74,1.02,2.388%,135230922614.00,Switzerland,2014,3133837,Finance,Major Banks
UBSI,United Bankshares Inc. Common Stock,$44.29,1.07,2.476%,6186008349.00,United States,,737616,Finance,Major Banks
UBXG,U-BX Technology Ltd. Class A Ordinary Shares,$1.07,0.02,1.905%,32404032.00,China,2024,42278,Technology,Computer Software: Programming Data Processing
UCAR,U Power Limited Class A Ordinary Shares,$1.49,0.34,29.565%,1187751.00,China,2023,60256224,Consumer Discretionary,Auto Parts:O.E.M.
UCB,United Community Banks Inc. Common Stock,$34.15,0.72,2.154%,4087208361.00,United States,2024,1163413,Finance,Major Banks
UCL,uCloudlink Group Inc. American Depositary Shares,$1.30,-0.04,-2.985%,49519925.00,Hong Kong,2020,3179,Consumer Discretionary,Telecommunications Equipment
UCTT,Ultra Clean Holdings Inc. Common Stock,$79.51,3.07,4.016%,3616912921.00,United States,2004,484082,Technology,Semiconductors
UDMY,Udemy Inc. Common Stock,$5.07,-0.07,-1.362%,737287056.00,United States,2021,1186128,Real Estate,Other Consumer Services
UDR,UDR Inc. Common Stock,$35.28,1.03,3.007%,11497541061.00,United States,,3712775,Real Estate,Real Estate Investment Trusts
UE,Urban Edge Properties Common Shares of Beneficial Interest,$22.02,0.26,1.195%,2773920682.00,United States,2015,1052678,Finance,Real Estate
UEC,Uranium Energy Corp. Common Stock,$14.97,-0.19,-1.253%,7338605122.00,Canada,,10632987,Basic Materials,Other Metals and Minerals
UEIC,Universal Electronics Inc. Common Stock,$4.14,-0.05,-1.193%,52224469.00,United States,1993,26842,Consumer Staples,Consumer Electronics/Appliances
UFCS,United Fire Group Inc. Common Stock,$40.38,1.04,2.644%,1034304667.00,United States,,96050,Finance,Property-Casualty Insurers
UFG,Uni-Fuels Holdings Limited Class A Ordinary Shares,$0.8899,-0.0096,-1.067%,28890604.00,Singapore,2025,39423,Energy,Oil Refining/Marketing
UFI,Unifi Inc. New Common Stock,$3.72,-0.01,-0.268%,69121510.00,United States,,15070,Consumer Discretionary,Textiles
UFPI,UFP Industries Inc. Common Stock,$95.76,3.60,3.906%,5439157945.00,United States,1993,424428,Basic Materials,Forest Products
UFPT,UFP Technologies Inc. Common Stock,$202.38,8.34,4.298%,1561017654.00,United States,1993,229296,Health Care,Medical/Dental Instruments
UG,United-Guardian Inc. Common Stock,$6.89,0.24,3.609%,31654858.00,United States,,5961,Consumer Discretionary,Package Goods/Cosmetics
UGI,UGI Corporation Common Stock,$36.78,-0.37,-0.996%,7894324475.00,United States,,1887320,Utilities,Natural Gas Distribution
UGP,Ultrapar Participacoes S.A. (New) American Depositary Shares (Each representing one Common Share),$5.93,-0.10,-1.658%,6416690476.00,Brazil,,3502829,Utilities,Oil/Gas Transmission
UGRO,urban-gro Inc. Common Stock,$11.32,-0.19,-1.651%,12770545.00,United States,,286003,Consumer Discretionary,Industrial Specialties
UHAL,U-Haul Holding Company Common Stock,$52.63,0.96,1.858%,10319578824.00,United States,2022,142237,Consumer Discretionary,Rental/Leasing Companies
UHG,United Homes Group Inc Class A Common Stock,$1.18,-0.01,-0.84%,69416116.00,United States,2021,83658,Consumer Discretionary,Homebuilding
UHGWW,United Homes Group Inc. Warrant,$0.1811,-0.0039,-2.108%,10653609.00,United States,2021,412098,Consumer Discretionary,Homebuilding
UHS,Universal Health Services Inc. Common Stock,$182.41,3.68,2.059%,11132432684.00,United States,,535693,Health Care,Hospital/Nursing Management
UHT,Universal Health Realty Income Trust Common Stock,$42.99,0.64,1.511%,596470903.00,United States,,44230,Real Estate,Real Estate Investment Trusts
UI,Ubiquiti Inc. Common Stock,$1084.50,45.37,4.366%,65634801093.00,United States,,86487,Technology,Radio And Television Broadcasting And Communications Equipment
UIS,Unisys Corporation New Common Stock,$2.58,0.12,4.878%,186602022.00,United States,,715490,Technology,EDP Services
UK,Ucommune International Ltd Ordinary Shares,$0.372,0.006,1.639%,1694806.00,United States,2019,574829,Real Estate,Real Estate
UL,Unilever PLC American Depositary Shares (each representing One Ordinary Share),$58.53,1.25,2.182%,130675857312.00,United Kingdom,2025,5080317,Consumer Discretionary,Package Goods/Cosmetics
ULBI,Ultralife Corporation Common Stock,$7.735,0.255,3.409%,128838051.00,United States,1992,23238,Miscellaneous,Industrial Machinery/Components
ULCC,Frontier Group Holdings Inc. Common Stock,$4.55,0.32,7.565%,1045281164.00,United States,2021,8431500,Consumer Discretionary,Air Freight/Delivery Services
ULH,Universal Logistics Holdings Inc. Common Stock,$23.34,0.80,3.549%,615010354.00,United States,2005,57664,Industrials,Trucking Freight/Courier Services
ULS,UL Solutions Inc. Class A Common Stock,$91.72,2.11,2.355%,18454215797.00,United States,2024,450101,Health Care,Precision Instruments
ULTA,Ulta Beauty Inc. Common Stock,$553.36,13.92,2.58%,24202101577.00,United States,2007,992347,Consumer Discretionary,Other Specialty Stores
UMAC,Unusual Machines Inc. Common Stock,$14.09,-1.82,-11.439%,673284281.00,United States,2024,7607756,Technology,Radio And Television Broadcasting And Communications Equipment
UMBF,UMB Financial Corporation Common Stock,$123.59,3.04,2.522%,9409720911.00,United States,,577077,Finance,Major Banks
UMBFO,UMB Financial Corporation Depositary Shares Each Representing a 1/400th Interest in a Share of 7.750% Fixed-Rate Reset Non-Cumulative Perpetual Preferred Stock Series B,$26.02,0.05,0.193%,1981074020.00,United States,,19034,Finance,Major Banks
UMC,United Microelectronics Corporation (NEW) Common Stock,$11.66,1.04,9.793%,29291590656.00,Taiwan,,20916677,Technology,Semiconductors
UMH,UMH Properties Inc. Common Stock,$15.59,0.44,2.904%,1325401326.00,United States,1994,566957,Real Estate,Real Estate Investment Trusts
UMH^D,UMH Properties Inc. 6.375% Series D Cumulative Redeemable Preferred Stock Liquidation Preference $25 per share,$21.78,0.06,0.276%,,United States,,8214,,
UNB,Union Bankshares Inc. Common Stock,$24.68,0.64,2.662%,113874754.00,United States,,7230,Finance,Major Banks
UNCY,Unicycive Therapeutics Inc. Common Stock,$7.02,0.12,1.739%,177169230.00,United States,2021,390713,Health Care,Biotechnology: Pharmaceutical Preparations
UNF,Unifirst Corporation Common Stock,$263.13,0.99,0.378%,4758168739.00,United States,,228720,Consumer Discretionary,Other Consumer Services
UNFI,United Natural Foods Inc. Common Stock,$48.90,1.90,4.043%,2970771089.00,United States,2019,596313,Consumer Discretionary,Food Distributors
UNH,UnitedHealth Group Incorporated Common Stock (DE),$324.63,8.23,2.601%,294658807615.00,United States,,9396453,Health Care,Medical Specialities
UNIT,Uniti Group Inc. Common Stock,$11.63,0.57,5.154%,2780421583.00,United States,,2452391,Real Estate,Real Estate Investment Trusts
UNM,Unum Group Common Stock,$79.63,0.65,0.823%,13039716527.00,United States,,1125709,Finance,Accident &Health Insurance
UNMA,Unum Group 6.250% Junior Subordinated Notes due 2058,$23.70,0.04,0.169%,4036423788.00,United States,2018,5941,Finance,Accident &Health Insurance
UNP,Union Pacific Corporation Common Stock,$251.14,0.07,0.028%,149096368262.00,United States,,4455379,Industrials,Railroads
UNTY,Unity Bancorp Inc. Common Stock,$55.11,1.45,2.702%,552005292.00,United States,,44608,Finance,Major Banks
UONE,Urban One Inc. Class A Common Stock,$6.08,-0.07,-1.138%,27450288.00,United States,,7748,Consumer Discretionary,Broadcasting
UONEK,Urban One Inc. Class D Common Stock,$5.1665,0.2965,6.088%,23325973.00,United States,,1862,Consumer Discretionary,Broadcasting
UP,Wheels Up Experience Inc. Class A Common Stock,$0.406,0.009,2.267%,294133013.00,Singapore,2020,2832414,Consumer Discretionary,Transportation Services
UPB,Upstream Bio Inc. Common Stock,$9.99,-0.11,-1.089%,543655660.00,United States,2024,661423,Health Care,Biotechnology: Pharmaceutical Preparations
UPBD,Upbound Group Inc. Common Stock,$19.91,1.03,5.456%,1157121516.00,United States,,1181155,Consumer Discretionary,Diversified Commercial Services
UPC,Universe Pharmaceuticals Inc. Class A Ordinary Shares,$3.38,0.13,4.00%,1904082.00,China,2021,12102,Health Care,Biotechnology: Pharmaceutical Preparations
UPLD,Upland Software Inc. Common Stock,$0.681,0.0454,7.143%,19996340.00,United States,2014,233170,Technology,Computer Software: Prepackaged Software
UPS,United Parcel Service Inc. Common Stock,$106.44,1.38,1.314%,90393946157.00,United States,1999,5462482,Industrials,Trucking Freight/Courier Services
UPST,Upstart Holdings Inc. Common stock,$34.57,1.48,4.473%,3389978311.00,United States,2020,6552831,Finance,Finance: Consumer Services
UPWK,Upwork Inc. Common Stock,$11.27,0.21,1.899%,1469385001.00,United States,2018,2241618,Technology,EDP Services
UPXI,Upexi Inc. Common Stock,$1.46,0.16,12.308%,101850448.00,United States,2021,6237194,Health Care, Medicinal Chemicals and Botanical Products 
URBN,Urban Outfitters Inc. Common Stock,$74.18,4.70,6.765%,6559264577.00,United States,1993,1740979,Consumer Discretionary,Clothing/Shoe/Accessory Stores
URG,Ur Energy Inc Common Shares (Canada),$1.63,-0.02,-1.212%,647650920.00,Canada,,8759759,Basic Materials,Precious Metals
URGN,UroGen Pharma Ltd. Ordinary Shares,$22.54,1.15,5.376%,1097298591.00,Israel,2017,602798,Health Care,Biotechnology: Pharmaceutical Preparations
URI,United Rentals Inc. Common Stock,$796.15,18.66,2.40%,50066939687.00,United States,1997,598363,Consumer Discretionary,Diversified Commercial Services
UROY,Uranium Royalty Corp. Common Stock,$3.63,-0.13,-3.457%,531713350.00,Canada,,4835685,Finance,Investment Bankers/Brokers/Service
USA,Liberty All-Star Equity Fund Common Stock,$5.81,0.05,0.868%,0.00,United States,1986,1231078,Finance,Finance Companies
USAC,USA Compression Partners LP Common Units Representing Limited Partner Interests,$26.53,-0.19,-0.711%,3846116658.00,United States,2013,161349,Utilities,Natural Gas Distribution
USAR,USA Rare Earth Inc. Class A Common Stock,$19.95,1.52,8.247%,4348624691.00,United States,2023,19839667,Basic Materials,Metal Mining
USAS,Americas Gold and Silver Corporation Common Shares no par value,$6.55,0.11,1.708%,2134599838.00,Canada,2017,6611305,Basic Materials,Metal Mining
USAU,U.S. Gold Corp. Common Stock,$17.68,0.91,5.426%,291740562.00,United States,,304985,Basic Materials,Metal Mining
USB,U.S. Bancorp Common Stock,$56.93,1.45,2.614%,88451901837.00,United States,,11266173,Finance,Major Banks
USB^A,U.S. Bancorp Depositary Shares Each representing a 1/100th interest in a share of Series A Non-CumulativePerpetual Pfd Stock,$786.97,8.07,1.036%,,United States,,2236,,
USB^H,U.S. Bancorp Depositary Shares repstg 1/1000th Pfd Ser B,$18.83,-0.06,-0.318%,,United States,,87756,,
USB^P,U.S. Bancorp Depositary Shares each representing a 1/1000th interest in a share of Series K Non-Cumulative Perpetual Preferred Stock,$22.20,0.06,0.271%,,United States,,27616,,
USB^Q,U.S. Bancorp Depositary Shares Each Representing a 1/1000th Interest in a Share of Series L Non-Cumulative Perpetual Preferred Stock,$15.18,0.06,0.397%,,United States,,17446,,
USB^R,U.S. Bancorp Depositary Shares Each Representing a 1/1000th Interest in a Share of Series M Non-Cumulative Perpetual Preferred Stock,$16.02,0.03,0.188%,,United States,,57485,,
USB^S,U.S. Bancorp Depositary Shares each representing a 1/1000th interest in a share of Series O Non-Cumulative Perpetual Preferred Stock,$18.00,0.08,0.446%,,United States,,54335,,
USBC,USBC Inc. Common Stock,$0.3294,-0.0151,-4.383%,127854775.00,,,181420,Industrials,Industrial Machinery/Components
USCB,USCB Financial Holdings Inc. Class A Common Stock,$19.95,0.25,1.269%,364226871.00,United States,2021,65413,Finance,Major Banks
USEA,United Maritime Corporation Common Stock,$2.11,0.01,0.476%,19250891.00,Greece,,76595,Consumer Discretionary,Marine Transportation
USEG,U.S. Energy Corp. Common Stock (DE),$0.712,-0.0546,-7.122%,37785265.00,United States,,2317585,Energy,Oil & Gas Production
USFD,US Foods Holding Corp. Common Stock,$93.69,3.89,4.332%,20634500619.00,United States,2016,3142312,Consumer Discretionary,Food Distributors
USGO,U.S. GoldMining Inc. Common stock,$13.27,0.43,3.349%,176786828.00,United States,2023,69426,Basic Materials,Precious Metals
USGOW,U.S. GoldMining Inc. Warrant,$0.2339,0.0039,1.696%,3116084.00,United States,2023,82467,Basic Materials,Precious Metals
USIO,Usio Inc. Common Stock,$1.22,-0.02,-1.613%,33850374.00,United States,,13260,Finance,Investment Bankers/Brokers/Service
USLM,United States Lime & Minerals Inc. Common Stock,$139.46,5.84,4.371%,3998326010.00,United States,,154401,Industrials,Mining & Quarrying of Nonmetallic Minerals (No Fuels)
USNA,USANA Health Sciences Inc. Common Stock,$20.06,1.00,5.247%,370246116.00,United States,,127136,Health Care, Medicinal Chemicals and Botanical Products 
USPH,U.S. Physical Therapy Inc. Common Stock,$76.57,-1.61,-2.059%,1157934572.00,United States,1992,220504,Health Care,Medical/Nursing Services
UTF,Cohen & Steers Infrastructure Fund Inc Common Stock,$26.56,0.06,0.226%,0.00,United States,2004,292397,Finance,Finance Companies
UTG,Reaves Utility Income Fund Common Shares of Beneficial Interest,$42.25,0.00,0.00%,0.00,United States,2004,232441,Finance,Investment Managers
UTHR,United Therapeutics Corporation Common Stock,$588.38,7.87,1.356%,25787333889.00,United States,1999,682855,Health Care,Biotechnology: Pharmaceutical Preparations
UTI,Universal Technical Institute Inc Common Stock,$38.25,0.67,1.783%,2104534355.00,United States,2003,557791,Real Estate,Other Consumer Services
UTL,UNITIL Corporation Common Stock,$53.81,0.15,0.28%,967830373.00,United States,1985,90608,Utilities,Power Generation
UTMD,Utah Medical Products Inc. Common Stock,$70.65,1.10,1.582%,225022016.00,United States,,21894,Health Care,Medical/Dental Instruments
UTSI,UTStarcom Holdings Corp. Ordinary Shares,$2.49,-0.11,-4.231%,23580935.00,China,2000,4393,Telecommunications,Telecommunications Equipment
UTZ,Utz Brands Inc Class A Common Stock ,$7.57,-0.28,-3.567%,1088412011.00,United States,2018,1443743,Consumer Staples,Packaged Foods
UUU,Universal Safety Products Inc. Common Stock,$5.71,-0.11,-1.89%,15518564.00,United States,2003,39063,Technology,Electronic Components
UUUU,Energy Fuels Inc Ordinary Shares (Canada),$20.49,-0.44,-2.102%,4950506940.00,Canada,,12695101,Industrials,Mining & Quarrying of Nonmetallic Minerals (No Fuels)
UVE,UNIVERSAL INSURANCE HOLDINGS INC Common Stock,$35.58,0.73,2.095%,996531365.00,United States,,328160,Finance,Property-Casualty Insurers
UVSP,Univest Financial Corporation Common Stock,$37.58,0.96,2.622%,1055379170.00,United States,,180788,Finance,Major Banks
UVV,Universal Corporation Common Stock,$52.46,0.66,1.274%,1307486600.00,United States,,228126,Industrials,Farming/Seeds/Milling
UWMC,UWM Holdings Corporation Class A Common Stock,$3.92,0.17,4.533%,6271791264.00,United States,,14066457,Finance,Finance: Consumer Services
UXIN,Uxin Limited ADS,$2.96,-0.06,-1.987%,610260942.00,China,2018,240087,Real Estate,Real Estate
UYSC,UY Scuti Acquisition Corp. Ordinary Shares,$10.48,-0.02,-0.19%,0.00,United States,2025,3349,Finance,Blank Checks
UZD,Array Digital Infrastructure Inc. 6.250% Senior Notes due 2069,$20.23,-0.01,-0.049%,1739780000.00,United States,2020,9296,Telecommunications,Telecommunications Equipment
UZE,Array Digital Infrastructure Inc. 5.500% Senior Notes due 2070,$18.22,0.09,0.496%,1566920000.00,United States,2020,2459,Telecommunications,Telecommunications Equipment
UZF,Array Digital Infrastructure Inc. 5.500% Senior Notes due 2070,$18.07,0.01,0.055%,1554020000.00,United States,2021,4805,Telecommunications,Telecommunications Equipment
V,Visa Inc.,$317.02,1.92,0.609%,607413270188.00,United States,,8077544,Real Estate,Real Estate
VABK,Virginia National Bankshares Corporation Common Stock,$41.72,0.70,1.706%,226209261.00,United States,,7807,Finance,Major Banks
VAC,Marriott Vacations Worldwide Corporation Common Stock,$74.98,4.16,5.874%,2572323639.00,United States,,561207,Finance,Real Estate
VACH,Voyager Acquisition Corp Class A Ordinary Shares,$12.88,-0.17,-1.303%,0.00,United States,2024,8843,,
VACHU,Voyager Acquisition Corp Unit,$12.80,0.32,2.564%,0.00,United States,2024,741,Finance,Blank Checks
VACHW,Voyager Acquisition Corp Warrants,$0.1407,0.0303,27.446%,0.00,United States,2024,200401,Finance,Blank Checks
VACI,Viking Acquisition Corp. I Class A Ordinary Shares,$10.13,0.10,0.997%,0.00,,2025,1997844,Telecommunications,Telecommunications Equipment
VAL,Valaris Limited Common Shares,$88.56,-5.98,-6.325%,6131090807.00,United States,2021,1364147,Energy,Oil & Gas Production
VALE,VALE S.A.  American Depositary Shares Each Representing one common share,$17.78,0.35,2.008%,75911965196.00,Brazil,,35753281,Basic Materials,Metal Mining
VALN,Valneva SE American Depositary Shares,$5.96,-0.01,-0.168%,516777964.00,France,2021,19809,Health Care,Biotechnology: Biological Products (No Diagnostic Substances)
VALU,Value Line Inc. Common Stock,$35.29,-0.60,-1.672%,331275629.00,United States,1983,808,Finance,Investment Managers
VANI,Vivani Medical Inc. Common Stock (DE),$1.34,0.03,2.29%,113428056.00,United States,2014,462870,Health Care,Biotechnology: Electromedical & Electrotherapeutic Apparatus
VATE,INNOVATE Corp. Common Stock,$10.69,-0.07,-0.651%,145866408.00,United States,,44899,Industrials,Metal Fabrications
VAVX,VanEck Avalanche ETF Common Shares of Beneficial Interest,$20.3763,-0.1225,-0.598%,12229122.00,United States,,8679,,
VBF,Invesco Bond Fund Common Stock,$15.28,0.12,0.792%,0.00,United States,,28812,Finance,Trusts Except Educational Religious and Charitable
VBIX,Viewbix Inc. Common Stock,$2.30,0.04,1.77%,30673702.00,Israel,,35601,Technology,Computer Software: Prepackaged Software
VBNK,VersaBank Common Shares,$16.07,-0.02,-0.124%,515356013.00,Canada,,159470,Finance,Commercial Banks
VC,Visteon Corporation Common Stock,$98.65,5.95,6.419%,2645742294.00,United States,,1051837,Consumer Discretionary,Auto Parts:O.E.M.
VCEL,Vericel Corporation Common Stock,$35.68,1.91,5.656%,1817239417.00,United States,,441139,Health Care,Biotechnology: Biological Products (No Diagnostic Substances)
VCIG,VCI Global Limited Ordinary Share,$1.18,0.05,4.425%,4349420.00,Malaysia,2023,648818,Consumer Discretionary,Diversified Commercial Services
VCTR,Victory Capital Holdings Inc. Class A Common Stock,$73.87,1.82,2.526%,4712131104.00,United States,2018,464977,Finance,Investment Managers
VCV,Invesco California Value Municipal Income Trust Common Stock,$10.64,0.05,0.472%,509555186.00,United States,,70153,Finance,Trusts Except Educational Religious and Charitable
VCX,Fundrise Innovation Fund LLC Common Shares of Limited Liability Company Interests,$84.47,7.59,9.873%,0.00,,2026,369179,,
VCYT,Veracyte Inc. Common Stock,$33.80,0.77,2.331%,2685694833.00,United States,2013,1666095,Health Care,Medical Specialities
VECO,Veeco Instruments Inc. Common Stock,$42.97,0.08,0.187%,2595043853.00,United States,1994,908551,Technology,Industrial Machinery/Components
VEEA,Veea Inc. Common Stock,$0.712,0.0314,4.614%,35890188.00,United States,2021,271013,Finance,Blank Checks
VEEAW,Veea Inc. Warrant,$0.0872,-0.0128,-12.80%,4395540.00,United States,2021,698,Finance,Blank Checks
VEEE,Twin Vee PowerCats Co. Common Stock,$0.215,-0.0017,-0.784%,2815059.00,United States,2021,1769065,Industrials,Marine Transportation
VEEV,Veeva Systems Inc. Class A Common Stock,$167.95,0.26,0.155%,27431430197.00,United States,2013,2172637,Technology,Computer Software: Prepackaged Software
VEL,Velocity Financial Inc. Common Stock,$19.90,0.76,3.971%,780782092.00,United States,2020,87776,Finance,Finance: Consumer Services
VELO,Velo3D Inc. Common stock,$11.26,-0.24,-2.087%,295201416.00,United States,,2170981,Technology,Industrial Machinery/Components
VENU,Venu Holding Corporation Common Stock,$4.45,0.26,6.205%,268545565.00,United States,2024,626673,Consumer Discretionary,Services-Misc. Amusement & Recreation
VEON,VEON Ltd. ADS,$54.64,0.21,0.386%,4041591139.00,Netherlands,,64655,Telecommunications,Telecommunications Equipment
VERA,Vera Therapeutics Inc. Class A Common Stock,$42.30,0.06,0.142%,3033498182.00,United States,2021,1168338,Health Care,Biotechnology: Pharmaceutical Preparations
VERI,Veritone Inc. Common Stock,$2.15,0.04,1.896%,199834180.00,United States,2017,3753138,Technology,EDP Services
VERU,Veru Inc. Common Stock,$2.44,-0.03,-1.215%,39162781.00,United States,,65691,Health Care,Biotechnology: Pharmaceutical Preparations
VERX,Vertex Inc. Class A Common Stock,$12.35,0.11,0.899%,1975467641.00,United States,2020,998958,Technology,Computer Software: Prepackaged Software
VET,Vermilion Energy Inc. Common (Canada),$11.48,-0.98,-7.865%,1751842306.00,Canada,,2354482,Energy,Oil & Gas Production
VFC,V.F. Corporation Common Stock,$21.00,0.88,4.374%,8216530203.00,United States,,11600318,Industrials,Garments and Clothing
VFF,Village Farms International Inc. Common Shares,$2.98,0.17,6.05%,343011172.00,Canada,,1211213,,
VFL,abrdn National Municipal Income Fund Common Stock,$10.28,0.02,0.195%,0.00,United States,1993,33755,Finance,Finance/Investors Services
VFS,VinFast Auto Ltd. Ordinary Shares,$4.21,-0.01,-0.237%,9849348366.00,Singapore,,481613,Industrials,Auto Manufacturing
VFSWW,VinFast Auto Ltd. Warrant,$0.425,0.00,0.00%,994292887.00,Singapore,,39,Industrials,Auto Manufacturing
VG,Venture Global Inc. Class A common stock,$11.46,-1.22,-9.621%,28450235938.00,United States,2025,39010976,Utilities,Oil/Gas Transmission
VGAS,Verde Clean Fuels Inc. Class A Common Stock,$1.96,0.09,4.813%,87317257.00,United States,2021,14085,Industrials,Major Chemicals
VGASW,Verde Clean Fuels Inc. Warrant,$0.0259,0.0019,7.917%,1153835.00,United States,2021,14225,Industrials,Major Chemicals
VGI,Virtus Global Multi-Sector Income Fund Common Shares of Beneficial Interest,$7.66,0.07,0.922%,0.00,United States,2012,34528,Finance,Investment Managers
VGM,Invesco Trust for Investment Grade Municipals Common Stock (DE),$10.31,0.04,0.389%,559131590.00,United States,,58527,Finance,Trusts Except Educational Religious and Charitable
VGNT,Versigent PLC Ordinary Shares,$34.70,2.09,6.409%,2465334648.00,United Kingdom,2026,3056157,,
VGZ,Vista Gold Corp Common Stock,$2.24,0.08,3.704%,324682445.00,United States,1986,1212450,Basic Materials,Precious Metals
VHC,VirnetX Holding Corp Common Stock,$15.07,0.64,4.435%,63081483.00,United States,,32510,Miscellaneous,Multi-Sector Companies
VHCP,Vine Hill Capital Investment Corp. II Class A Ordinary Shares,$9.92,0.01,0.101%,0.00,United States,2026,10400,,
VHCPU,Vine Hill Capital Investment Corp. II Units,$10.01,0.00,0.00%,0.00,United States,2025,335,Finance,Blank Checks
VHCPW,Vine Hill Capital Investment Corp. II Warrants,$0.35,-0.05,-12.50%,0.00,United States,2026,183957,,
VHI,Valhi Inc. Common Stock,$14.19,-0.06,-0.421%,401609538.00,United States,,13795,Basic Materials,Major Chemicals
VHUB,VenHub Global Inc. Common Stock,$0.7775,0.0348,4.686%,66132484.00,United States,,320025,Technology,Industrial Machinery/Components
VIA,Via Transportation Inc. Class A Common Stock,$17.45,-0.07,-0.40%,1417581410.00,United States,2025,294437,Technology,Computer Software: Prepackaged Software
VIASP,Via Renewables Inc. 8.75% Series A Fixed-to-Floating Rate Cumulative Redeemable Perpetual Preferred Stock,$25.44,0.01,0.039%,186305490.00,United States,,918,Utilities,Power Generation
VIAV,Viavi Solutions Inc. Common Stock,$44.135,2.975,7.228%,10212368742.00,United States,,6066019,Technology,Semiconductors
VICI,VICI Properties Inc. Common Stock,$29.01,0.61,2.148%,31011370861.00,United States,2018,8703909,Real Estate,Real Estate Investment Trusts
VICR,Vicor Corporation Common Stock,$218.05,14.95,7.361%,9893614049.00,United States,,1166755,Technology,Industrial Machinery/Components
VIK,Viking Holdings Ltd Ordinary Shares,$85.80,5.49,6.836%,38248442146.00,United States,2024,6238665,Consumer Discretionary,Marine Transportation
VINP,Vinci Compass Investments Ltd. Class A Common Shares,$11.18,0.09,0.812%,707075288.00,Brazil,2021,88781,Finance,Investment Managers
VIOT,Viomi Technology Co. Ltd American Depositary Shares,$1.11,0.05,4.717%,75439454.00,China,2018,311216,Consumer Discretionary,Consumer Electronics/Appliances
VIPS,Vipshop Holdings Limited American Depositary Shares each representing two ordinary shares,$15.59,0.29,1.895%,9239960787.00,China,2012,1439128,Consumer Discretionary,Catalog/Specialty Distribution
VIR,Vir Biotechnology Inc. Common Stock,$10.75,0.42,4.066%,1499810739.00,United States,2019,2354826,Health Care,Biotechnology: Biological Products (No Diagnostic Substances)
VIRC,Virco Manufacturing Corporation Common Stock,$6.37,0.25,4.085%,100398468.00,United States,,73682,Consumer Discretionary,Industrial Specialties
VIRT,Virtu Financial Inc. Class A Common Stock,$50.65,0.11,0.218%,7833760622.00,United States,,814750,Finance,Investment Bankers/Brokers/Service
VISN,Vistance Networks Inc. Common Stock,$19.09,0.11,0.58%,4304085997.00,United States,2013,3859818,Technology,Radio And Television Broadcasting And Communications Equipment
VIST,Vista Energy S.A.B. de C.V. American Depositary Shares each representing one series A share with no par value,$64.98,-2.08,-3.102%,6777482554.00,Mexico,2019,2222458,Energy,Oil & Gas Production
VITL,Vital Farms Inc. Common Stock,$12.29,-0.18,-1.443%,550556666.00,United States,2020,2338968,Consumer Staples,Packaged Foods
VIV,Telefonica Brasil S.A. American Depositary Shares (Each representing One Common Share),$16.39,-0.07,-0.425%,52375988109.00,Brazil,2020,811569,Telecommunications,Telecommunications Equipment
VIVO,VivoPower PLC Ordinary Shares,$3.20,0.38,13.475%,53600784.00,United Kingdom,,1309612,Utilities,Power Generation
VIVS,VivoSim Labs Inc. Common Stock,$1.61,0.11,7.333%,4198819.00,United States,,71524,Health Care,Biotechnology: Biological Products (No Diagnostic Substances)
VKI,Invesco Advantage Municipal Income Trust II Common Shares of Beneficial Interest (DE),$8.96,0.04,0.448%,397877939.00,United States,1993,95358,Finance,Finance Companies
VKQ,Invesco Municipal Trust Common Stock,$9.79,0.08,0.824%,541734692.00,United States,,252266,Finance,Trusts Except Educational Religious and Charitable
VKTX,Viking Therapeutics Inc. Common Stock,$35.20,-0.31,-0.873%,4079466794.00,United States,2015,2473553,Health Care,Biotechnology: Pharmaceutical Preparations
VLGEA,Village Super Market Inc. Class A Common Stock,$42.71,1.30,3.139%,630056639.00,United States,,56514,Consumer Staples,Food Chains
VLN,Valens Semiconductor Ltd. Ordinary Shares,$1.52,-0.03,-1.935%,160044904.00,,,661716,Technology,Semiconductors
VLO,Valero Energy Corporation Common Stock,$223.65,-18.09,-7.483%,66860988519.00,United States,,6986664,Energy,Integrated oil Companies
VLRS,Controladora Vuela Compania de Aviacion S.A.B. de C.V. American Depositary Shares each representing ten (10) Ordinary Participation Certificates,$8.12,0.42,5.455%,946773064.00,,2013,861827,Consumer Discretionary,Air Freight/Delivery Services
VLT,Invesco High Income Trust II,$10.425,0.005,0.048%,0.00,United States,1989,12805,Finance,Trusts Except Educational Religious and Charitable
VLTO,Veralto Corp Common Stock ,$90.98,0.44,0.486%,22341514345.00,United States,2023,2059840,Industrials,Electrical Products
VLY,Valley National Bancorp Common Stock,$13.52,0.43,3.285%,7509362494.00,United States,,6005549,Finance,Major Banks
VLYPN,Valley National Bancorp 8.250% Fixed-Rate Reset Non-Cumulative Perpetual Preferred Stock Series C,$26.17,-0.02,-0.076%,14535504177.00,United States,,6915,Finance,Major Banks
VLYPO,Valley National Bancorp 5.50% Fixed-to-Floating Rate Non-Cumulative Perpetual Preferred Stock Series B,$24.90,0.08,0.322%,13830112878.00,United States,,10120,Finance,Major Banks
VLYPP,Valley National Bancorp 6.25% Fixed-to-Floating Rate Non-Cumulative Perpetual Preferred Stock Series A,$25.39,0.286,1.139%,14102271726.00,United States,,601,Finance,Major Banks
VMAR,Vision Marine Technologies Inc. Common Shares,$1.50,0.06,4.167%,1494057.00,Canada,2020,186123,Industrials,Marine Transportation
VMC,Vulcan Materials Company (Holding Company) Common Stock,$291.71,5.93,2.075%,38057143239.00,United States,,960060,Industrials,Mining & Quarrying of Nonmetallic Minerals (No Fuels)
VMD,Viemed Healthcare Inc. Common Shares,$9.74,0.17,1.776%,375989626.00,United States,,308537,Health Care,Misc Health and Biotechnology Services
VMET,Versamet Royalties Corporation Common Stock,$11.03,-0.05,-0.451%,1165267924.00,Canada,,81662,,
VMI,Valmont Industries Inc. Common Stock,$412.62,10.87,2.706%,8065571028.00,United States,,370603,Industrials,Metal Fabrications
VMO,Invesco Municipal Opportunity Trust Common Stock,$9.80,0.10,1.031%,660918713.00,United States,,330894,Finance,Trusts Except Educational Religious and Charitable
VNCE,Vince Holding Corp. Common Stock,$3.40,0.35,11.475%,45354048.00,United States,,182898,Consumer Discretionary,Clothing/Shoe/Accessory Stores
VNDA,Vanda Pharmaceuticals Inc. Common Stock,$7.27,0.11,1.536%,429715378.00,United States,2006,1062340,Health Care,Biotechnology: Pharmaceutical Preparations
VNET,VNET Group Inc. American Depositary Shares,$9.39,0.12,1.294%,2526153210.00,China,2011,4387026,Technology,Computer Software: Programming Data Processing
VNME,Vendome Acquisition Corporation I Class A Ordinary Shares,$10.1125,-0.0375,-0.369%,0.00,United States,2025,3401,Finance,Blank Checks
VNMEU,Vendome Acquisition Corporation I Unit,$10.20,0.00,0.00%,0.00,United States,2025,806,Finance,Blank Checks
VNMEW,Vendome Acquisition Corporation I Warrant,$0.25,0.00,0.00%,0.00,United States,2025,5100,Finance,Blank Checks
VNO,Vornado Realty Trust Common Stock,$29.28,0.89,3.135%,5582711226.00,United States,,1388626,Real Estate,Real Estate Investment Trusts
VNO^L,Vornado Realty Trust Pfd Ser L %,$17.98,-0.02,-0.111%,,United States,,3994,,
VNO^M,Vornado Realty Trust 5.25% Series M Cumulative Redeemable Preferred Shares of Beneficial Interest liquidation preference $25.00 per share no par value per share,$17.84,0.03,0.168%,,United States,,18303,,
VNO^N,Vornado Realty Trust 5.25% Series N Cumulative Redeemable Preferred Shares of Beneficial Interest liquidation preference $25.00 per share,$17.91,-0.02,-0.112%,,United States,,4619,,
VNO^O,Vornado Realty Trust 4.45% Series O Cumulative Redeemable Preferred Shares Liquidation Preference $25.00 Per Share,$15.65,0.00,0.00%,,United States,,19242,,
VNOM,Viper Energy Inc. Class A Common Stock,$45.40,-1.85,-3.915%,16304161727.00,United States,2014,3190978,Energy,Oil & Gas Production
VNRX,VolitionRX Limited Common Stock,$0.1788,0.0026,1.476%,28336446.00,Singapore,2015,4732289,Health Care,Biotechnology: In Vitro & In Vivo Diagnostic Substances
VNT,Vontier Corporation Common Stock ,$37.30,0.83,2.276%,5281680000.00,United States,2020,750469,Industrials,Industrial Machinery/Components
VNTG,Vantage Corp Class A Ordinary Shares,$0.7713,-0.0204,-2.577%,24479134.00,,2025,16485,Industrials,Integrated Freight & Logistics
VOC,VOC Energy Trust Units of Beneficial Interest,$3.29,-0.08,-2.374%,55930000.00,United States,2011,112508,Energy,Oil & Gas Production
VOD,Vodafone Group Plc American Depositary Shares,$15.48,-0.22,-1.401%,36778944972.00,United Kingdom,,5460665,Telecommunications,Telecommunications Equipment
VOR,Vor Biopharma Inc. Common Stock,$16.59,1.62,10.822%,810380091.00,United States,2021,2148101,Health Care,Biotechnology: Biological Products (No Diagnostic Substances)
VOXR,Vox Royalty Corp. Common Stock,$5.65,0.10,1.802%,385719421.00,Canada,,338057,Basic Materials,Precious Metals
VOYA,Voya Financial Inc. Common Stock,$74.45,1.64,2.252%,6876379191.00,United States,2013,1452228,Finance,Life Insurance
VOYA^B,Voya Financial Inc. Depositary Shares each representing a 1/40th interest in a share of 5.35% Fixed-Rate Reset Non-Cumulative Preferred Stock Series B,$23.85,0.02,0.084%,,United States,,18200,,
VOYG,Voyager Technologies Inc. Class A Common Stock,$31.31,-1.23,-3.78%,1850033633.00,United States,2025,1581421,Industrials,Military/Government/Technical
VPG,Vishay Precision Group Inc. Common Stock,$53.22,1.84,3.581%,707688107.00,United States,,157004,Technology,Electrical Products
VPV,Invesco Pennsylvania Value Municipal Income Trust Common Stock (DE),$10.62,-0.09,-0.84%,253069757.00,United States,,61373,Finance,Trusts Except Educational Religious and Charitable
VRA,Vera Bradley Inc. Common Stock,$3.86,0.08,2.116%,107946205.00,United States,2010,160122,Consumer Discretionary,Apparel
VRAX,Virax Biolabs Group Limited Ordinary Shares,$0.1499,-0.0016,-1.056%,1112772.00,United Kingdom,2022,3191240,Health Care,Biotechnology: In Vitro & In Vivo Diagnostic Substances
VRCA,Verrica Pharmaceuticals Inc. Common Stock,$6.32,0.11,1.771%,108569928.00,United States,2018,91833,Health Care,Biotechnology: Pharmaceutical Preparations
VRDN,Viridian Therapeutics Inc. Common Stock,$14.80,0.14,0.955%,1512657251.00,United States,2014,1582067,Health Care,Medical Specialities
VRE,Veris Residential Inc. Common Stock,$18.90,0.01,0.053%,1766363533.00,United States,,690381,Real Estate,Real Estate Investment Trusts
VREX,Varex Imaging Corporation Common Stock,$12.01,0.41,3.534%,503219000.00,United States,,151859,Technology,Industrial Machinery/Components
VRM,Vroom Inc. Common Stock,$15.43,-0.07,-0.452%,80329706.00,United States,,10656,Consumer Discretionary,Retail-Auto Dealers and Gas Stations
VRME,VerifyMe Inc. Common Stock,$0.8749,0.0027,0.31%,11477870.00,United States,,48189,Technology,EDP Services
VRNS,Varonis Systems Inc. Common Stock,$24.22,0.32,1.339%,2844583924.00,United States,2014,1802653,Technology,Computer Software: Prepackaged Software
VRRM,Verra Mobility Corporation Class A Common Stock,$15.22,0.38,2.561%,2312016686.00,United States,2017,1355466,Consumer Discretionary,Transportation Services
VRSK,Verisk Analytics Inc. Common Stock,$178.07,-0.24,-0.135%,23327265446.00,United States,2009,1617189,Industrials,Diversified Commercial Services
VRSN,VeriSign Inc. Common Stock,$274.05,0.20,0.073%,24970259229.00,United States,1998,805446,Technology,EDP Services
VRT,Vertiv Holdings LLC Class A Common Stock,$307.34,13.21,4.491%,117587811926.00,United States,2018,5798917,Technology,Industrial Machinery/Components
VRTS,Virtus Investment Partners Inc. Common Stock,$139.78,-1.01,-0.717%,934017648.00,United States,,106170,Finance,Investment Managers
VRTX,Vertex Pharmaceuticals Incorporated Common Stock,$441.20,5.55,1.274%,112266411193.00,United States,1991,1025188,Health Care,Biotechnology: Pharmaceutical Preparations
VS,Versus Systems Inc. Common Stock,$1.21,0.05,4.31%,5931029.00,Canada,,18872,Technology,EDP Services
VSA,VisionSys AI Inc. American Depositary Shares,$0.8249,-0.0148,-1.763%,1871632.00,China,2014,1812204,Real Estate,Other Consumer Services
VSAT,ViaSat Inc. Common Stock,$62.85,1.62,2.646%,8537003553.00,United States,1996,1849568,Technology,Radio And Television Broadcasting And Communications Equipment
VSCO,Victorias Secret & Co. Common Stock ,$54.72,3.11,6.026%,4403154897.00,United States,2021,2305550,Consumer Discretionary,Clothing/Shoe/Accessory Stores
VSEC,VSE Corporation Common Stock,$226.50,9.86,4.551%,6354546515.00,United States,,706611,Consumer Discretionary,Military/Government/Technical
VSECU,VSE Corporation Tangible Equity Units,$58.7177,2.6893,4.80%,0.00,United States,,15538,,
VSEE,VSee Health Inc. Common Stock,$0.251,0.009,3.719%,11872155.00,United States,2021,631950,Health Care,Medical/Nursing Services
VSH,Vishay Intertechnology Inc. Common Stock,$25.92,-0.33,-1.257%,3527847691.00,United States,,4095621,Technology,Electrical Products
VSME,VS Media Holdings Limited Class A Ordinary Shares,$0.9166,-0.0182,-1.947%,2521277.00,Singapore,2023,88083,Consumer Discretionary,Publishing
VSNT,Versant Media Group Inc. Class A Common Stock ,$40.86,-0.22,-0.536%,5890729650.00,United States,,2708590,Industrials,Broadcasting
VST,Vistra Corp. Common Stock,$163.46,-2.07,-1.251%,55339267270.00,United States,,4102169,Utilities,Electric Utilities: Central
VSTD,Vestand Inc. Class A Common Stock,$0.37,-0.003,-0.804%,5263243.00,United States,2022,30825,Consumer Discretionary,Restaurants
VSTM,Verastem Inc. Common Stock,$6.58,0.24,3.785%,578006275.00,United States,2012,2524402,Health Care,Biotechnology: Pharmaceutical Preparations
VSTS,Vestis Corporation Common Stock,$9.89,0.41,4.325%,1304974997.00,United States,2023,1663694,Consumer Discretionary,Consumer Specialties
VTAK,Catheter Precision Inc. Common Stock,$0.8801,-0.0141,-1.577%,2369645.00,,2018,90811,Health Care,Medical/Dental Instruments
VTEX,VTEX Class A Common Shares,$4.21,0.10,2.433%,801430992.00,United Kingdom,2021,1082495,Technology,Computer Software: Prepackaged Software
VTGN,Vistagen Therapeutics Inc. Common Stock,$0.6277,0.0246,4.079%,24869673.00,United States,,1191406,Health Care,Biotechnology: Pharmaceutical Preparations
VTIX,Virtuix Holdings Inc. Class A Common Stock,$6.17,0.08,1.314%,196511088.00,United States,,226382,Technology,Computer peripheral equipment
VTMX,Corporacion Inmobiliaria Vesta S.A.B de C.V. American Depositary Shares each representing ten (10) Common Shares,$35.85,-0.51,-1.403%,3170883887.00,,2023,49691,Finance,Real Estate
VTN,Invesco Trust for Investment Grade New York Municipals Common Stock,$11.31,0.11,0.982%,220386422.00,United States,,40608,Finance,Finance Companies
VTOL,Bristow Group Inc. Common Stock,$48.49,-0.13,-0.267%,1415471590.00,United States,,188726,Consumer Discretionary,Transportation Services
VTR,Ventas Inc. Common Stock,$85.10,-0.41,-0.479%,40461916022.00,United States,,6482305,Real Estate,Real Estate Investment Trusts
VTRS,Viatris Inc. Common Stock,$14.68,0.67,4.782%,17093698944.00,United States,,11768144,Health Care,Biotechnology: Pharmaceutical Preparations
VTS,Vitesse Energy Inc. Common Stock,$17.75,-0.50,-2.74%,740395526.00,United States,2023,963709,Energy,Oil & Gas Production
VTSI,VirTra Inc. Common Stock,$4.70,0.08,1.732%,53128260.00,United States,,56952,Consumer Discretionary,Miscellaneous manufacturing industries
VTVT,vTv Therapeutics Inc. Class A Common Stock,$38.12,1.37,3.728%,150150677.00,United States,2015,30447,Health Care,Biotechnology: Pharmaceutical Preparations
VUZI,Vuzix Corporation Common Stock,$2.61,-0.01,-0.382%,217043053.00,United States,,1242062,Technology,Radio And Television Broadcasting And Communications Equipment
VVOS,Vivos Therapeutics Inc. Common Stock,$0.9741,-0.1159,-10.633%,13136718.00,United States,2020,668663,Health Care,Medical/Dental Instruments
VVR,Invesco Senior Income Trust Common Stock (DE),$3.16,0.07,2.265%,0.00,United States,1998,542290,Finance,Trusts Except Educational Religious and Charitable
VVV,Valvoline Inc. Common Stock,$34.56,1.58,4.791%,4400034947.00,United States,2016,1979478,Industrials,Major Chemicals
VVX,V2X Inc. Common Stock,$66.70,-1.75,-2.557%,2085717871.00,United States,2014,491945,Consumer Discretionary,Diversified Commercial Services
VWAV,VisionWave Holdings Inc. Common Stock,$7.09,-0.96,-11.925%,117102715.00,United States,,851902,Technology,Computer Software: Prepackaged Software
VWAVW,VisionWave Holdings Inc. Warrant,$1.275,-0.085,-6.25%,21058669.00,United States,,85058,Technology,Computer Software: Prepackaged Software
VYGR,Voyager Therapeutics Inc. Common Stock,$4.13,0.17,4.293%,249082472.00,United States,2015,861009,Health Care,Biotechnology: Biological Products (No Diagnostic Substances)
VYNE,VYNE Therapeutics Inc. Common Stock,$0.6101,-0.0075,-1.214%,20330467.00,United States,2018,182946,Health Care,Biotechnology: Pharmaceutical Preparations
VYX,NCR Voyix Corporation Common Stock,$6.86,0.13,1.932%,953617957.00,United States,,1923120,Miscellaneous,Office Equipment/Supplies/Services
VZ,Verizon Communications Inc. Common Stock,$46.55,-0.23,-0.492%,196333198020.00,United States,,19998674,Telecommunications,Telecommunications Equipment
VZLA,Vizsla Silver Corp. Common Shares,$3.51,0.08,2.332%,1226740911.00,Canada,2024,5857712,Basic Materials,Precious Metals
W,Wayfair Inc. Class A Common Stock,$81.33,4.02,5.20%,10634346767.00,United States,2014,6287290,Consumer Discretionary,Catalog/Specialty Distribution
WAB,Westinghouse Air Brake Technologies Corporation Common Stock,$263.37,7.87,3.08%,44818172776.00,United States,,973576,Industrials,Railroads
WABC,Westamerica Bancorporation Common Stock,$54.07,0.36,0.67%,1307921074.00,United States,,224020,Finance,Major Banks
WAFD,WaFd Inc. Common Stock,$35.24,2.73,8.397%,2673423890.00,United States,,1943633,Finance,Major Banks
WAFDP,WaFd Inc. Depositary Shares,$16.68,0.12,0.725%,1265400411.00,United States,,7546,Finance,Major Banks
WAFU,Wah Fu Education Group Limited Ordinary Shares,$1.62,-0.0086,-0.528%,7145106.00,China,2019,5213,Real Estate,Other Consumer Services
WAI,Top KingWin Ltd Class A Ordinary Shares,$2.25,0.0601,2.744%,5303759.00,China,2023,19443,Real Estate,Real Estate
WAL,Western Alliance Bancorporation Common Stock (DE),$79.39,2.10,2.717%,8723304686.00,United States,2005,1161817,Finance,Major Banks
WAL^A,Western Alliance Bancorporation Depositary Shares Each Representing a 1/400th Interest in a Share of 4.250% Fixed-Rate Non-Cumulative Perpetual Preferred Stock Series A,$23.35,-0.06,-0.256%,,United States,,8287,,
WALD,Waldencast plc Class A Ordinary Share,$1.04,-0.02,-1.887%,133390267.00,United States,2021,98711,Consumer Discretionary,Package Goods/Cosmetics
WALDW,Waldencast plc Warrant ,$0.0491,0.0003,0.615%,6297560.00,United States,2021,2386,Consumer Discretionary,Package Goods/Cosmetics
WASH,Washington Trust Bancorp Inc. Common Stock,$35.97,0.73,2.072%,684866930.00,United States,,130779,Finance,Major Banks
WAT,Waters Corporation Common Stock,$327.77,8.73,2.736%,32175702985.00,United States,1995,439471,Industrials,Biotechnology: Laboratory Analytical Instruments
WATT,Energous Corporation Common Stock,$24.73,0.85,3.559%,136042178.00,United States,2014,381345,Technology,Radio And Television Broadcasting And Communications Equipment
WAVE,Eco Wave Power Global AB (publ) American Depositary Shares,$6.2601,-0.4699,-6.982%,292455020.00,Israel,2021,3943,Utilities,Electric Utilities: Central
WAY,Waystar Holding Corp. Common Stock,$25.80,0.48,1.896%,4945385074.00,United States,2024,3013248,Technology,EDP Services
WB,Weibo Corporation American Depositary Share,$8.84,0.18,2.079%,2164255475.00,China,2014,1496293,Technology,Computer Software: Programming Data Processing
WBD,Warner Bros. Discovery Inc. Series A Common Stock ,$27.47,0.08,0.292%,68123663777.00,United States,,27561859,Consumer Discretionary,Services-Misc. Amusement & Recreation
WBI,WaterBridge Infrastructure LLC Class A Shares Representing Limited Liability Company Interests,$25.14,-1.36,-5.132%,3103689094.00,,2025,594021,Energy,Oilfield Services/Equipment
WBS,Webster Financial Corporation Common Stock,$73.37,1.21,1.677%,11829194541.00,United States,,2005589,Finance,Major Banks
WBS^F,Webster Financial Corporation Depositary Shares Each Representing 1/1000th Interest in a Share of 5.25% Series F Non-Cumulative Perpetual Preferred Stock,$20.73,0.01,0.048%,,United States,,1745,,
WBS^G,Webster Financial Corporation Depositary Shares each representing a 1/40th interest in a share of 6.50% Series G non-cumulative perpetual preferred stock,$23.95,0.02,0.084%,,United States,,2695,,
WBTN,WEBTOON Entertainment Inc. Common stock,$12.20,0.41,3.478%,1628490392.00,United States,2024,312403,Consumer Discretionary,Publishing
WBUY,WEBUY GLOBAL LTD. Class A Ordinary Shares,$1.24,0.01,0.813%,2536482.00,Singapore,2023,99650,Consumer Discretionary,Other Specialty Stores
WBX,Wallbox N.V. Class A Ordinary Shares,$2.84,-0.07,-2.405%,48716233.00,Spain,,20281,Consumer Discretionary,Industrial Specialties
WCC,WESCO International Inc. Common Stock,$319.06,11.19,3.635%,15526070600.00,United States,1999,490103,Consumer Discretionary,Telecommunications Equipment
WCN,Waste Connections Inc. Common Shares,$159.63,-0.36,-0.225%,40681230441.00,Canada,,1333403,Utilities,Environmental Services
WCT,Wellchange Holdings Company Limited Class A Ordinary shares,$2.3801,-0.2199,-8.458%,7295721.00,Hong Kong,2024,6986,Technology,Computer Software: Prepackaged Software
WD,Walker & Dunlop Inc Common Stock,$50.20,0.93,1.888%,1722415664.00,United States,2010,246619,Finance,Finance: Consumer Services
WDAY,Workday Inc. Class A Common Stock,$123.83,-1.04,-0.833%,31824310000.00,United States,,5051773,Technology,EDP Services
WDC,Western Digital Corporation Common Stock,$372.52,10.83,2.994%,126298406703.00,United States,,5615369,Technology,Electronic Components
WDFC,WD-40 Company Common Stock,$213.38,10.76,5.31%,2871113679.00,United States,1973,251917,Industrials,Major Chemicals
WDH,Waterdrop Inc. American Depositary Shares (each representing the right to receive 10 Class A Ordinary Shares),$1.73,0.02,1.17%,625676142.00,Cayman Islands,2021,167505,Finance,Specialty Insurers
WDI,Western Asset Diversified Income Fund Common Shares of Beneficial Interest,$13.93,0.09,0.65%,0.00,United States,2021,161548,Finance,Trusts Except Educational Religious and Charitable
WDS,Woodside Energy Group Limited American Depositary Shares each representing one Ordinary Share,$22.40,-1.45,-6.08%,42584643203.00,Australia,2022,1843981,Energy,Oil & Gas Production
WEA,Western Asset Bond Fund Share of Beneficial Interest,$10.81,-0.05,-0.46%,0.00,United States,2002,184997,Finance,Trusts Except Educational Religious and Charitable
WEAV,Weave Communications Inc. Common Stock,$5.33,-0.01,-0.187%,419197097.00,United States,2021,924548,Technology,Computer Software: Prepackaged Software
WEC,WEC Energy Group Inc. Common Stock,$115.87,-0.56,-0.481%,37738813579.00,United States,,1247174,Utilities,Power Generation
WELL,Welltower Inc. Common Stock,$210.52,-3.99,-1.86%,148317758544.00,United States,,3276132,Real Estate,Real Estate Investment Trusts
WEN,Wendy's Company (The) Common Stock,$6.95,0.10,1.46%,1323740410.00,United States,,6226958,Consumer Discretionary,Restaurants
WENN,Wen Acquisition Corp Class A Ordinary Shares,$10.24,0.02,0.196%,0.00,United States,2025,10378,,
WENNU,Wen Acquisition Corp Unit,$10.32,0.00,0.00%,0.00,United States,2025,25,Finance,Blank Checks
WENNW,Wen Acquisition Corp Warrant,$0.392,0.002,0.513%,0.00,United States,2025,207,Finance,Blank Checks
WERN,Werner Enterprises Inc. Common Stock,$32.58,0.09,0.277%,1953174747.00,United States,1986,1528065,Industrials,Trucking Freight/Courier Services
WES,Western Midstream Partners LP Common Units Representing Limited Partner Interests,$40.54,-0.31,-0.759%,15959277774.00,United States,2012,3667887,Utilities,Natural Gas Distribution
WEST,Westrock Coffee Company Common Stock,$5.50,0.29,5.566%,532835116.00,United States,,493664,Consumer Staples,Beverages (Production/Distribution)
WETH,Wetouch Technology Inc. Common Stock,$1.83,0.24,15.094%,21834707.00,China,,224165,Technology,Computer peripheral equipment
WETO,Wetour Robotics Limited Ordinary Shares,$0.5483,0.0002,0.036%,12062600.00,China,2025,48067,Industrials,Other Transportation
WEX,WEX Inc. common stock,$173.50,-2.00,-1.14%,5952892223.00,United States,,564813,Real Estate,Real Estate
WEYS,Weyco Group Inc. Common Stock,$35.13,0.89,2.599%,334831548.00,United States,,13520,Consumer Staples,Apparel
WF,Woori Financial Group Inc. American Depositary Shares (each representing three (3) shares of Common Stock),$74.32,2.04,2.822%,18364163721.00,South Korea,,125241,Finance,Commercial Banks
WFC,Wells Fargo & Company Common Stock,$81.41,0.16,0.197%,251180060355.00,United States,,23996317,Finance,Major Banks
WFC^A,Wells Fargo & Company Depositary Shares each representing a 1/1000th interest in a share of Non-Cumulative Perpetual Class A Preferred Stock Series AA,$19.16,0.10,0.525%,,United States,,43555,,
WFC^C,Wells Fargo & Company Depositary Shares each representing a 1/1000th interest in a share of Non-Cumulative Perpetual Class A Preferred Stock Series CC,$17.74,0.01,0.056%,,United States,,54615,,
WFC^D,Wells Fargo & Company Depositary Shares each representing a 1/1000th interest in  a share of Non-Cumulative Perpetual Class A Preferred Stock Series DD,$17.58,0.10,0.572%,,United States,,37670,,
WFC^L,Wells Fargo & Company 7.50% Non-Cumulative Perpetual Convertible Class A Preferred Stock Series L,$1204.50,4.50,0.375%,,United States,,3515,,
WFC^Y,Wells Fargo & Company Depositary Shares each representing a 1/1000th interest in a share of Non-Cumulative Perpetual Class A Preferred Stock Series Y,$24.02,0.01,0.042%,,United States,,35345,,
WFC^Z,Wells Fargo & Company Depositary Shares each representing a 1/1000th interest in a share of Non-Cumulative Perpetual Class A Preferred Stock Series Z,$19.29,0.08,0.416%,,United States,,101967,,
WFCF,Where Food Comes From Inc. Common Stock,$13.24,1.06,8.703%,66868024.00,United States,,6009,Technology,Computer Software: Prepackaged Software
WFF,WF Holding Limited Ordinary Shares,$1.41,-0.10,-6.623%,7103580.00,Malaysia,2025,14433,Consumer Discretionary,Miscellaneous manufacturing industries
WFG,West Fraser Timber Co. Ltd Common stock,$66.79,1.87,2.88%,5229645111.00,Canada,2021,250709,Basic Materials,Forest Products
WFRD,Weatherford International plc Ordinary Shares,$102.36,3.10,3.123%,7341012819.00,United States,,1442886,Consumer Discretionary,Oil and Gas Field Machinery
WGO,Winnebago Industries Inc. Common Stock,$33.74,1.34,4.136%,953687653.00,United States,,830382,Industrials,Homebuilding
WGRX,Wellgistics Health Inc. Common Stock,$0.144,-0.0033,-2.24%,18238086.00,United States,2025,4610768,Health Care,Other Pharmaceuticals
WGS,GeneDx Holdings Corp. Class A Common Stock,$65.96,0.54,0.825%,1931885224.00,United States,2020,678812,Technology,Retail: Computer Software & Peripheral Equipment
WGSWW,GeneDx Holdings Corp. Warrant,$0.007,-0.0004,-5.405%,205021.00,United States,2020,115157,Technology,Retail: Computer Software & Peripheral Equipment
WH,Wyndham Hotels & Resorts Inc. Common Stock ,$89.28,1.97,2.256%,6700621490.00,United States,2018,1246140,Consumer Discretionary,Hotels/Resorts
WHD,Cactus Inc. Class A Common Stock,$52.68,-1.02,-1.899%,4223559156.00,United States,2018,1086814,Consumer Discretionary,Oil and Gas Field Machinery
WHF,WhiteHorse Finance Inc. Common Stock,$7.57,-0.02,-0.264%,168311721.00,United States,,48504,Finance,Finance Companies
WHFCL,WhiteHorse Finance Inc. 7.875% Notes due 2028,$25.27,0.00,0.00%,587352834.00,United States,,8050,,
WHG,Westwood Holdings Group Inc Common Stock,$16.80,0.50,3.067%,159397946.00,United States,,7491,Finance,Investment Managers
WHLR,Wheeler Real Estate Investment Trust Inc. Common Stock,$0.6713,-0.0788,-10.505%,1217150.00,United States,2012,579668,Real Estate,Real Estate Investment Trusts
WHLRD,Wheeler Real Estate Investment Trust Inc. Series D Cumulative Preferred Stock,$36.60,-0.15,-0.408%,66360338.00,United States,,201,Real Estate,Real Estate Investment Trusts
WHLRP,Wheeler Real Estate Investment Trust Inc. Class B Preferred Stock,$7.35,-0.11,-1.475%,13326461.00,United States,,7421,Real Estate,Real Estate Investment Trusts
WHR,Whirlpool Corporation Common Stock,$56.83,0.84,1.50%,3213176725.00,United States,,2945713,Consumer Discretionary,Consumer Electronics/Appliances
WHR^A,Whirlpool Corporation Depositary Shares each representing a 1/20th interest in a share of 8.50% Series A Mandatory Convertible Preferred Stock,$42.31,0.06,0.142%,,United States,,740424,,
WHWK,Whitehawk Therapeutics Inc. Common Stock,$4.11,-0.12,-2.837%,193977878.00,United States,,571389,Health Care,Biotechnology: Pharmaceutical Preparations
WIA,Western Asset Inflation-Linked Income Fund,$8.20,0.02,0.244%,0.00,United States,2003,16954,Finance,Trusts Except Educational Religious and Charitable
WILC,G. Willi-Food International  Ltd. Ordinary Shares,$29.55,1.33,4.713%,411640661.00,Israel,,3227,Consumer Discretionary,Food Distributors
WIMI,WiMi Hologram Cloud Inc. Class B Ordinary Shares,$1.98,0.03,1.538%,9722598.00,China,2020,152284,Technology,Computer Software: Prepackaged Software
WINA,Winmark Corporation Common Stock,$389.45,7.77,2.036%,1393323971.00,United States,,54304,Consumer Discretionary,Other Specialty Stores
WING,Wingstop Inc. Common Stock,$196.34,10.29,5.531%,5396320474.00,United States,2015,1132134,Consumer Discretionary,Restaurants
WIT,Wipro Limited Common Stock,$2.19,0.03,1.389%,22933977947.00,India,,7558487,Technology,EDP Services
WIW,Western Asset Inflation-Linked Opportunities & Income Fund,$8.59,0.01,0.117%,0.00,United States,2004,205932,Finance,Finance Companies
WIX,Wix.com Ltd. Ordinary Shares,$68.24,-0.46,-0.67%,3756438193.00,Israel,2013,2126185,Technology,Computer Software: Programming Data Processing
WK,Workiva Inc. Class A Common Stock,$57.34,-0.15,-0.261%,3258898258.00,United States,2014,539970,Technology,Computer Software: Prepackaged Software
WKC,World Kinect Corporation Common Stock,$23.43,0.03,0.128%,1201466736.00,United States,,634045,Energy,Oil Refining/Marketing
WKEY,WISeKey International Holding Ltd American Depositary Shares,$7.45,-0.28,-3.622%,67869157.00,Switzerland,,114406,Technology,EDP Services
WKHS,Workhorse Group Inc. Common Stock,$2.80,0.05,1.818%,29259602.00,United States,,202507,Industrials,Auto Manufacturing
WKSP,Worksport Ltd. Common Stock,$1.07,0.07,7.00%,10501906.00,Canada,,271236,Consumer Discretionary,Auto Parts:O.E.M.
WLAC,Willow Lane Acquisition Corp. Class A Ordinary Shares,$14.20,0.55,4.029%,0.00,United States,2024,1058445,Finance,Blank Checks
WLACU,Willow Lane Acquisition Corp. Unit,$16.01,0.63,4.096%,0.00,United States,2024,201,Finance,Blank Checks
WLACW,Willow Lane Acquisition Corp. Warrants,$5.15,-0.05,-0.962%,0.00,United States,2024,218125,Finance,Blank Checks
WLDN,Willdan Group Inc. Common Stock,$77.78,0.03,0.039%,1150841436.00,United States,2006,517581,Consumer Discretionary,Military/Government/Technical
WLDS,Wearable Devices Ltd. Ordinary Share,$1.51,-0.13,-7.927%,5331925.00,Israel,2022,75315,Telecommunications,Computer Communications Equipment
WLFC,Willis Lease Finance Corporation Common Stock,$209.77,6.19,3.041%,1622847427.00,United States,1996,134985,Consumer Discretionary,Industrial Specialties
WLII,Willow Lane Acquisition Corp. II Class A Ordinary Shares,$9.95,0.00,0.00%,0.00,United States,2026,21402,Finance,Blank Checks
WLIIU,Willow Lane Acquisition Corp. II Unit,$10.11,0.00,0.00%,0.00,United States,2026,11,,
WLIIW,Willow Lane Acquisition Corp. II Warrants,$0.5499,-0.0029,-0.525%,0.00,United States,2026,166002,Finance,Blank Checks
WLK,Westlake Corporation Common Stock,$112.61,-6.39,-5.37%,14423481809.00,United States,2004,1491810,Industrials,Major Chemicals
WLKP,Westlake Chemical Partners LP Common Units representing limited partner interests,$22.39,0.06,0.269%,789155231.00,United States,2014,24959,Industrials,Major Chemicals
WLTH,Wealthfront Corporation Common Stock,$11.06,0.13,1.189%,1660331436.00,United States,2025,1492092,Finance,Finance: Consumer Services
WLY,John Wiley & Sons Inc. Common Stock,$41.52,0.94,2.316%,2130930794.00,United States,,380898,Consumer Discretionary,Books
WLYB,John Wiley & Sons Inc. Common Stock,$39.21,0.00,0.00%,2012374673.00,United States,,56,Consumer Discretionary,Books
WM,Waste Management Inc. Common Stock,$223.95,-0.13,-0.058%,90232480341.00,United States,,2388156,Utilities,Environmental Services
WMB,Williams Companies Inc. (The) Common Stock,$71.15,0.29,0.409%,87004416970.00,United States,,7861277,Utilities,Natural Gas Distribution
WMG,Warner Music Group Corp. Class A Common Stock,$30.25,0.60,2.024%,15800971582.00,United States,2020,1294989,Consumer Discretionary,Services-Misc. Amusement & Recreation
WMK,Weis Markets Inc. Common Stock,$71.07,2.16,3.135%,1758598509.00,United States,,130540,Consumer Staples,Food Chains
WMS,Advanced Drainage Systems Inc. Common Stock,$153.37,9.05,6.271%,11946845871.00,United States,2014,2663885,Consumer Discretionary,Containers/Packaging
WMT,Walmart Inc. Common Stock,$127.50,2.68,2.147%,1016481318878.00,United States,,24736458,Consumer Discretionary,Department/Specialty Retail Stores
WNC,Wabash National Corporation Common Stock,$9.60,0.51,5.611%,390470083.00,United States,1991,335170,Industrials,Construction/Ag Equipment/Trucks
WNEB,Western New England Bancorp Inc. Common Stock,$14.07,0.26,1.883%,285042329.00,United States,,56572,Finance,Savings Institutions
WNW,Meiwu Technology Company Limited Ordinary Shares,$5.87,0.31,5.576%,3559762.00,China,2020,849188,Consumer Discretionary,Catalog/Specialty Distribution
WOK,WORK Medical Technology Group LTD Class A Ordinary Shares,$1.21,0.04,3.419%,2086771.00,China,2024,97784,Health Care,Medical/Dental Instruments
WOLF,Wolfspeed Inc. Common Stock New,$25.56,-0.98,-3.693%,1152464897.00,United States,2025,2007518,Technology,Semiconductors
WOOF,Petco Health and Wellness Company Inc. Class A Common Stock,$3.03,-0.01,-0.329%,976103671.00,United States,2021,1555463,Consumer Discretionary,Other Specialty Stores
WOR,Worthington Enterprises Inc. Common Shares,$55.15,2.12,3.998%,2716302619.00,United States,,205521,Industrials,Steel/Iron Ore
WPAC,White Pearl Acquisition Corp. Class A Ordinary Shares,$9.95,-0.155,-1.534%,0.00,,2026,2019,Finance,Blank Checks
WPC,W. P. Carey Inc. REIT,$73.98,1.09,1.495%,16222953465.00,United States,,1165027,Real Estate,Real Estate Investment Trusts
WPM,Wheaton Precious Metals Corp Common Shares (Canada),$152.38,7.66,5.293%,69186151660.00,Canada,,2694741,Basic Materials,Precious Metals
WPP,WPP plc American Depositary Shares,$18.28,0.18,0.994%,3944101428.00,Ireland,,426633,Consumer Discretionary,Advertising
WPRT,Westport Fuel Systems Inc Common Shares,$2.13,0.08,3.902%,36957641.00,Canada,2008,13830,Industrials,Industrial Machinery/Components
WRAP,Wrap Technologies Inc. Common Stock,$1.46,0.00,0.00%,81030079.00,United States,,184006,Industrials,Ordnance And Accessories
WRB,W.R. Berkley Corporation Common Stock,$66.83,0.56,0.845%,25027223906.00,United States,,1839952,Finance,Property-Casualty Insurers
WRB^E,W.R. Berkley Corporation 5.70% Subordinated Debentures due 2058,$21.81,0.08,0.368%,,United States,,5991,,
WRB^F,W.R. Berkley Corporation 5.10% Subordinated Debentures due 2059,$19.55,0.13,0.669%,,United States,,19834,,
WRB^G,W.R. Berkley Corporation 4.25% Subordinated Debentures due 2060,$16.64,0.07,0.422%,,United States,,5793,,
WRB^H,W.R. Berkley Corporation 4.125% Subordinated Debentures due 2061,$16.15,0.20,1.254%,,United States,,7313,,
WRBY,Warby Parker Inc. Class A Common Stock,$24.86,1.69,7.294%,3044051736.00,United States,2021,1963710,Health Care,Ophthalmic Goods
WRD,WeRide Inc. American Depositary Shares,$8.21,0.17,2.114%,2335982310.00,China,2024,4084885,Technology,EDP Services
WRLD,World Acceptance Corporation Common Stock,$141.38,10.52,8.039%,697975953.00,United States,1991,164012,Finance,Finance: Consumer Services
WRN,Western Copper and Gold Corporation Common Stock,$2.88,0.04,1.408%,649810610.00,Canada,2011,1757360,Basic Materials,Metal Mining
WS,Worthington Steel Inc. Common Shares,$34.40,2.16,6.70%,1747738027.00,United States,2023,218328,Industrials,Steel/Iron Ore
WSBC,WesBanco Inc. Common Stock,$36.36,0.76,2.135%,3494670825.00,United States,,1163465,Finance,Major Banks
WSBCO,WesBanco Inc. Depositary Shares each representing 1/40th interest in a share of 7.375% Fixed-Rate Reset Non-Cumulative Perpetual Preferred Stock Series B,$25.46,0.00,0.00%,2447038482.00,United States,,8269,Finance,Major Banks
WSBF,Waterstone Financial Inc. Common Stock (MD),$18.54,0.26,1.422%,336718530.00,United States,2005,72367,Finance,Savings Institutions
WSBK,Winchester Bancorp Inc. Common Stock,$12.97,-0.03,-0.231%,0.00,United States,2025,10998,,
WSC,WillScot Holdings Corporation Class A Common Stock,$20.23,1.27,6.698%,3658685281.00,United States,2015,2426166,Industrials,Misc Corporate Leasing Services
WSFS,WSFS Financial Corporation Common Stock,$70.41,1.12,1.616%,3679421073.00,United States,,452412,Finance,Major Banks
WSHP,WeShop Holdings Limited Class A Ordinary Shares,$15.87,1.605,11.251%,372051249.00,Jersey,,8786918,Consumer Discretionary,Other Specialty Stores
WSM,Williams-Sonoma Inc. Common Stock (DE),$198.69,7.19,3.755%,23647298776.00,United States,,1516732,Consumer Discretionary,Home Furnishings
WSO,Watsco Inc. Common Stock,$430.26,8.36,1.982%,17469797730.00,United States,,480379,Consumer Discretionary,Industrial Machinery/Components
WSO/B,Watsco Inc.,$368.33,0.00,0.00%,,United States,,65,,
WSR,Whitestone REIT Common Shares,$18.95,0.02,0.106%,973873359.00,United States,2010,397686,Real Estate,Real Estate Investment Trusts
WST,West Pharmaceutical Services Inc. Common Stock,$273.73,3.92,1.453%,19730899105.00,United States,,833116,Health Care,Medical/Dental Instruments
WSTN,Westin Acquisition Corp Class A Ordinary Share,$10.01,-0.006,-0.06%,80630550.00,Singapore,2025,9608,,
WSTNR,Westin Acquisition Corp Right,$0.20,0.00,0.00%,1611000.00,Singapore,2025,1200,,
WSTNU,Westin Acquisition Corp Units,$10.14,0.00,0.00%,0.00,Singapore,2026,108,,
WT,WisdomTree Inc. Common Stock,$17.46,1.00,6.075%,2472627547.00,United States,2022,4426395,Finance,Investment Bankers/Brokers/Service
WTBA,West Bancorporation Common Stock,$24.49,0.89,3.771%,414879825.00,United States,,126348,Finance,Major Banks
WTF,Waton Financial Limited Ordinary Shares,$3.98,0.11,2.842%,191985139.00,Hong Kong,2025,8143,Finance,Investment Bankers/Brokers/Service
WTFC,Wintrust Financial Corporation Common Stock,$148.17,2.93,2.017%,9992184741.00,United States,,804987,Finance,Major Banks
WTFCN,Wintrust Financial Corporation Depositary Shares Each Representing a 1/1000th Interest in a Share of 7.875% Fixed-Rate Reset Non-Cumulative Perpetual Preferred StocK,$26.11,-0.01,-0.038%,1760787903.00,United States,,14169,Finance,Major Banks
WTG,Wintergreen Acquisition Corp. Ordinary Shares,$10.29,-0.01,-0.097%,0.00,China,2025,28702,Finance,Blank Checks
WTI,W&T Offshore Inc. Common Stock,$2.87,-0.19,-6.209%,426991993.00,United States,2005,9360453,Energy,Oil & Gas Production
WTM,White Mountains Insurance Group Ltd. Common Stock,$2319.41,24.69,1.076%,5744413165.00,United States,,14244,Finance,Property-Casualty Insurers
WTO,UTime Limited Class A Ordinary Shares,$2.4099,-0.0801,-3.217%,4078633.00,China,2021,4185,Technology,Consumer Electronics/Appliances
WTRG,Essential Utilities Inc. Common Stock,$39.00,0.28,0.723%,11048844183.00,United States,,5730046,Utilities,Water Supply
WTS,Watts Water Technologies Inc. Class A Common Stock,$302.45,2.70,0.901%,10096623928.00,United States,1986,612105,Industrials,Metal Fabrications
WTTR,Select Water Solutions Inc. Class A common stock,$14.87,-0.56,-3.629%,2053020528.00,United States,2017,4318879,Energy,Oilfield Services/Equipment
WTW,Willis Towers Watson Public Limited Company Ordinary Shares,$297.64,1.81,0.612%,28038610982.00,United Kingdom,,631505,Finance,Specialty Insurers
WU,Western Union Company (The) Common Stock,$9.48,0.18,1.935%,2971195890.00,United States,,5796572,Real Estate,Real Estate
WULF,TeraWulf Inc. Common Stock,$20.64,1.33,6.888%,8986283654.00,United States,,42980894,Technology,EDP Services
WVE,Wave Life Sciences Ltd. Ordinary Shares,$7.49,0.17,2.322%,1440727251.00,Singapore,2015,5954306,Health Care,Biotechnology: Pharmaceutical Preparations
WVVI,Willamette Valley Vineyards Inc. Common Stock,$2.78,0.10,3.731%,13843091.00,United States,,7000,Consumer Staples,Beverages (Production/Distribution)
WVVIP,Willamette Valley Vineyards Inc. Series A Redeemable Preferred Stock,$2.93,0.0324,1.118%,14590020.00,United States,,897,Consumer Staples,Beverages (Production/Distribution)
WW,WW International Inc.  Common Stock,$10.98,0.31,2.905%,109761219.00,United States,,331024,Consumer Discretionary,Other Consumer Services
WWD,Woodward Inc. Common Stock,$394.83,19.92,5.313%,23538133557.00,United States,,817258,Energy,Industrial Machinery/Components
WWR,Westwater Resources Inc. Common Stock,$0.693,0.0267,4.007%,86419146.00,United States,,2037044,Basic Materials,Metal Mining
WWW,Wolverine World Wide Inc. Common Stock,$18.05,0.37,2.093%,1479757032.00,United States,,966697,Consumer Discretionary,Shoe Manufacturing
WXM,WF International Limited Ordinary Shares,$0.5071,0.0035,0.695%,4371551.00,China,2025,11727,Consumer Discretionary,Engineering & Construction
WY,Weyerhaeuser Company Common Stock,$25.17,0.81,3.325%,18148642469.00,United States,,6861053,Real Estate,Real Estate Investment Trusts
WYFI,WhiteFiber Inc. Ordinary Shares,$16.41,0.40,2.498%,629575590.00,United States,2025,815102,Finance,Finance: Consumer Services
WYHG,Wing Yip Food Holdings Group Limited American Depositary Shares,$0.53,-0.0068,-1.267%,26675392.00,China,2024,16061,Consumer Staples,Specialty Foods
WYNN,Wynn Resorts Limited Common stock,$109.19,2.37,2.219%,11360498409.00,United States,2002,1573730,Consumer Discretionary,Hotels/Resorts
WYY,WidePoint Corporation Common Stock,$5.25,0.07,1.351%,51328757.00,United States,,13146,Technology,EDP Services
XAIR,Beyond Air Inc. Common Stock,$0.544,0.0988,22.192%,5727963.00,United States,,1737473,Health Care,Medical/Dental Instruments
XBIO,Xenetic Biosciences Inc. Common Stock,$3.53,-0.03,-0.843%,8087428.00,United States,,45172,Health Care,Biotechnology: Pharmaceutical Preparations
XBIT,XBiotech Inc. Common Stock,$2.46,0.03,1.235%,74999818.00,United States,2015,54115,Health Care,Biotechnology: Pharmaceutical Preparations
XBP,XBP Global Holdings Inc. Common Stock,$2.905,-0.165,-5.375%,34186185.00,United States,2021,30436,Technology,EDP Services
XCBE,X3 Acquisition Corp. Ltd. Class A Ordinary Shares,$9.90,0.03,0.304%,0.00,United States,2026,85916,,
XCBEU,X3 Acquisition Corp. Ltd. Unit,$10.01,0.03,0.301%,0.00,United States,2026,1467,Finance,Blank Checks
XCBEW,X3 Acquisition Corp. Ltd. Warrant,$0.26,0.02,8.333%,0.00,United States,2026,4513,Finance,Blank Checks
XCH,XCHG Limited American Depositary Share,$1.0749,0.0149,1.406%,63904458.00,Germany,2024,14234,Industrials,Electrical Products
XCUR,Exicure Inc. Common Stock,$3.788,-0.07,-1.814%,24144390.00,United States,,5760,Health Care,Biotechnology: Pharmaceutical Preparations
XEL,Xcel Energy Inc. Common Stock,$81.08,0.03,0.037%,50607070608.00,United States,,4096692,Utilities,Power Generation
XELB,Xcel Brands Inc. Common Stock,$2.14,0.27,14.439%,12654873.00,United States,,73691,Miscellaneous,Multi-Sector Companies
XELLL,Xcel Energy Inc. 6.25% Junior Subordinated Notes Series due 2085,$24.68,0.03,0.122%,0.00,United States,,60957,Utilities,Power Generation
XENE,Xenon Pharmaceuticals Inc. Common Shares,$59.70,1.27,2.174%,4966461865.00,Canada,2014,870233,Health Care,Biotechnology: Pharmaceutical Preparations
XERS,Xeris Biopharma Holdings Inc. Common Stock,$6.37,0.25,4.085%,1098387317.00,United States,2018,1246155,Health Care,Biotechnology: Pharmaceutical Preparations
XFLH,XFLH Capital Corporation Ordinary Shares,$9.9001,0.00,0.00%,0.00,,2026,100,Finance,Blank Checks
XFLT,XAI Octagon Floating Rate & Alternative Income Trust Common Shares of Beneficial Interest,$17.77,0.27,1.543%,630275814.00,United States,2017,52918,Finance,Investment Managers
XFOR,X4 Pharmaceuticals Inc. Common Stock,$4.29,0.15,3.623%,390045496.00,United States,2017,301247,Health Care,Biotechnology: Biological Products (No Diagnostic Substances)
XGN,Exagen Inc. Common Stock,$3.08,0.03,0.984%,74083419.00,United States,2019,223493,Health Care,Medical Specialities
XHG,XChange TEC.INC American Depositary Shares ,$1.08,0.02,1.887%,55671760.00,China,2019,40792,Finance,Real Estate
XHLD,TEN Holdings Inc. Common Stock,$1.55,0.11,7.639%,6165037.00,United States,2025,59127,Real Estate,Real Estate
XHR,Xenia Hotels & Resorts Inc. Common Stock,$16.25,0.43,2.718%,1498994819.00,United States,2015,853310,Consumer Discretionary,Hotels/Resorts
XIFR,XPLR Infrastructure LP Common Units representing limited partner interests,$10.19,0.05,0.493%,960862687.00,United States,2014,960893,Utilities,Electric Utilities: Central
XLO,Xilio Therapeutics Inc. Common Stock,$8.57,0.22,2.635%,49556119.00,United States,2021,40364,Health Care,Biotechnology: Pharmaceutical Preparations
XMTR,Xometry Inc. Class A Common Stock,$49.40,2.47,5.263%,2560126546.00,United States,2021,943146,Real Estate,Real Estate
XNCR,Xencor Inc. Common Stock,$13.06,0.61,4.90%,957802665.00,United States,2013,877157,Health Care,Biotechnology: Pharmaceutical Preparations
XNDU,Xanadu Quantum Technologies Limited Class B Subordinate Voting Shares,$30.20,-2.47,-7.56%,9015043193.00,Canada,,8543193,Technology,Computer Manufacturing
XNET,Xunlei Limited American Depositary Shares,$6.56,0.10,1.548%,2045803771.00,China,2014,158363,Technology,Computer Software: Prepackaged Software
XOM,Exxon Mobil Corporation Common Stock,$146.44,-5.54,-3.645%,610180840057.00,United States,,28884314,Energy,Integrated oil Companies
XOMA,XOMA Royalty Corporation Common Stock,$39.71,0.10,0.252%,473173638.00,United States,1986,174166,Health Care,Biotechnology: Pharmaceutical Preparations
XOMAO,XOMA Royalty Corporation Depositary Shares Rep Series B 8.375% Cumulative Preferred Stock,$25.3701,-0.2199,-0.859%,302303262.00,United States,,3581,Health Care,Biotechnology: Pharmaceutical Preparations
XOMAP,XOMA Royalty Corporation 8.625% Series A Cumulative Perpetual Preferred Stock,$25.86,-0.29,-1.109%,308140778.00,United States,,6234,Health Care,Biotechnology: Pharmaceutical Preparations
XOS,Xos Inc. Common Stock,$1.70,0.00,0.00%,20370466.00,United States,2020,11361,Consumer Discretionary,Auto Parts:O.E.M.
XOSWW,Xos Inc. Warrants,$0.003,0.0005,20.00%,35948.00,United States,2020,6334,Consumer Discretionary,Auto Parts:O.E.M.
XP,XP Inc. Class A Common Stock,$21.10,-0.02,-0.095%,10941766316.00,Brazil,2019,6379825,Finance,Investment Bankers/Brokers/Service
XPEL,XPEL Inc. Common Stock,$47.33,0.27,0.574%,1306505981.00,United States,,207272,Industrials,Industrial Specialties
XPER,Xperi Inc. Common Stock ,$6.48,0.08,1.25%,304364310.00,United States,2022,361971,Technology,Computer Software: Prepackaged Software
XPEV,XPeng Inc. American depositary shares each representing two Class A ordinary shares,$18.10,-0.15,-0.822%,17199059160.00,China,2020,5599136,Industrials,Auto Manufacturing
XPL,Solitario Resources Corp. Common Stock,$0.8902,-0.0158,-1.744%,82089781.00,United States,,91729,Basic Materials,Precious Metals
XPO,XPO Inc. Common Stock,$225.02,2.90,1.306%,26419219716.00,United States,,1422482,Consumer Discretionary,Transportation Services
XPOF,Xponential Fitness Inc. Class A Common Stock,$7.19,0.39,5.735%,352669500.00,United States,2021,376018,Consumer Discretionary,Services-Misc. Amusement & Recreation
XPON,Expion360 Inc. Common Stock,$0.83,0.055,7.097%,9002292.00,United States,2022,376948,Miscellaneous,Industrial Machinery/Components
XPRO,Expro Group Holdings N.V. Common Stock,$16.27,0.17,1.056%,1850965677.00,United States,2013,2809700,Energy,Oilfield Services/Equipment
XRAY,DENTSPLY SIRONA Inc. Common Stock,$12.51,0.42,3.474%,2498864156.00,United States,1987,3349387,Health Care,Medical/Dental Instruments
XRN,Chiron Real Estate Inc. Common Stock,$36.31,0.50,1.396%,480556677.00,United States,2016,89364,Real Estate,Real Estate Investment Trusts
XRN^A,Chiron Real Estate Inc. Series A Cumulative Redeemable Preferred Stock,$24.20,0.19,0.791%,,United States,,4904,,
XRN^B,Chiron Real Estate Inc. 8.00% Series B Cumulative Redeemable Preferred Stock $0.001 par value per share,$24.90,-0.02,-0.08%,,United States,,2099,,
XRPN,Armada Acquisition Corp. II Class A Ordinary Shares,$10.35,0.015,0.145%,0.00,United States,2025,36684,Finance,Blank Checks
XRPNU,Armada Acquisition Corp. II Units,$10.70,0.00,0.00%,0.00,United States,2025,24,Finance,Blank Checks
XRPNW,Armada Acquisition Corp. II Warrant,$0.5488,0.0038,0.697%,0.00,United States,2025,229011,Finance,Blank Checks
XRTX,XORTX Therapeutics Inc. Common Shares,$2.27,-0.17,-6.967%,3160848.00,Canada,,17983,Health Care,Biotechnology: Pharmaceutical Preparations
XRX,Xerox Holdings Corporation Common Stock,$1.73,0.12,7.453%,226242918.00,United States,,6411985,Technology,Computer peripheral equipment
XRXDW,Xerox Holdings Corporation Warrants,$0.116,-0.0026,-2.192%,15170045.00,United States,,189218,Technology,Computer peripheral equipment
XSLL,Xsolla SPAC 1 Class A Ordinary Shares,$9.82,0.00,0.00%,0.00,United States,2026,25,Finance,Blank Checks
XSLLU,Xsolla SPAC 1 Units,$9.90,0.00,0.00%,0.00,United States,2026,12,Finance,Blank Checks
XSLLW,Xsolla SPAC 1 Warrants,$0.21,0.00,0.00%,0.00,United States,2026,41,Finance,Blank Checks
XTIA,XTI Aerospace Inc. Common Stock,$2.31,-0.20,-7.968%,88870791.00,United States,2014,2103935,Technology,EDP Services
XTLB,XTL Biopharmaceuticals Ltd. American Depositary Shares,$2.45,-0.03,-1.21%,5795740.00,Israel,,4830,Health Care,Biotechnology: Pharmaceutical Preparations
XTNT,Xtant Medical Holdings Inc. Common Stock,$0.4816,-0.0034,-0.701%,67456874.00,United States,,119340,Health Care,Biotechnology: Biological Products (No Diagnostic Substances)
XWEL,XWELL Inc. Common Stock,$1.17,0.13,12.50%,9274316.00,United States,,187827,Consumer Discretionary,Other Consumer Services
XWIN,XMAX Inc. Common Stock,$7.28,0.07,0.971%,343661333.00,United States,,582811,Consumer Discretionary,Home Furnishings
XXI,Twenty One Capital Inc. Class A Common Stock,$8.02,0.38,4.974%,5224155114.00,,2025,1649490,Finance,Finance: Consumer Services
XXII,22nd Century Group Inc. Common Stock,$1.98,-0.08,-3.883%,1428249.00,United States,,47413,Health Care, Medicinal Chemicals and Botanical Products 
XYF,X Financial American Depositary Shares each representing six Class A Ordinary Shares,$4.73,0.02,0.425%,199650434.00,Cayman Islands,2018,267173,Finance,Finance: Consumer Services
XYL,Xylem Inc. Common Stock New,$121.11,-4.10,-3.274%,29446855560.00,United States,2011,4648403,Industrials,Fluid Controls
XYZ,Block Inc. Class A Common Stock,$71.26,2.59,3.772%,42691580960.00,United States,2015,6764747,Technology,Computer Software: Prepackaged Software
XZO,Exzeo Group Inc. Common Stock,$17.50,1.08,6.577%,1590986950.00,,2025,160505,Finance,Property-Casualty Insurers
YAAS,Youxin Technology Ltd Class A Ordinary shares,$0.929,-0.0392,-4.049%,4308888.00,China,2024,60525,Technology,Computer Software: Prepackaged Software
YALA,Yalla Group Limited American Depositary Shares each representing one Class A Ordinary Share,$7.00,0.04,0.575%,1102750971.00,United Arab Emirates,2020,146613,Technology,Computer Software: Programming Data Processing
YB,Yuanbao Inc. American Depositary Shares,$17.71,-0.40,-2.209%,816080360.00,China,2025,36725,Finance,Specialty Insurers
YCBD,cbdMD Inc. Common Stock,$0.79,0.043,5.756%,8291493.00,United States,2017,221375,Consumer Discretionary,Package Goods/Cosmetics
YDDL,One and One Green Technologies. Inc Class A Ordinary Shares,$4.42,-0.09,-1.996%,240890000.00,Philippines,2025,318223,Consumer Discretionary,Industrial Specialties
YDES,YD Bio Limited Ordinary Shares,$5.44,0.14,2.642%,383636193.00,United States,,86379,Health Care,Medical Specialities
YDESW,YD Bio Limited Warrants,$0.4975,0.0375,8.152%,35084376.00,United States,,19391,Health Care,Medical Specialities
YDKG,Yueda Digital Holding Class A Ordinary Share,$0.9519,0.0072,0.762%,5275643.00,China,2007,21919,Consumer Discretionary,Advertising
YELP,Yelp Inc. Common Stock,$27.94,0.52,1.896%,1662905343.00,United States,2012,699787,Consumer Discretionary,Other Consumer Services
YETI,YETI Holdings Inc. Common Stock,$41.17,2.78,7.241%,3116307241.00,United States,2018,2788528,Consumer Discretionary,Recreational Games/Products/Toys
YEXT,Yext Inc. Common Stock,$3.71,0.09,2.486%,457610425.00,United States,2017,1482988,Technology,EDP Services
YHC,LQR House Inc. Common Stock,$0.8601,-0.049,-5.39%,18381761.00,United States,2023,23198,Consumer Staples,Beverages (Production/Distribution)
YHGJ,Yunhong Green CTI Ltd. Common Stock,$3.1386,0.2586,8.979%,8152084.00,United States,,9508,Industrials,Specialty Chemicals
YHNA,YHN Acquisition I Limited Ordinary Shares,$10.79,0.00,0.00%,0.00,Hong Kong,2024,5,,
YI,111 Inc. American Depositary Shares,$6.7268,0.0568,0.852%,58304108.00,China,2018,12597,Consumer Staples,Retail-Drug Stores and Proprietary Stores
YIBO,Planet Image International Limited Class A Ordinary Shares,$0.9603,-0.0397,-3.97%,56882622.00,China,2024,2885,Industrials,Industrial Machinery/Components
YJ,Yunji Inc. American Depository Shares,$1.73,-0.14,-7.487%,8521184.00,China,2019,1234,Consumer Discretionary,Other Specialty Stores
YMAT,J-Star Holding Co. Ltd. Class A Ordinary Shares,$0.2651,-0.0138,-4.948%,4510116.00,Taiwan,2025,43939,Consumer Discretionary,Recreational Games/Products/Toys
YMM,Full Truck Alliance Co. Ltd. American Depositary Shares (each representing 20 Class A Ordinary Shares),$8.88,0.07,0.795%,9213393642.00,China,2021,6045963,Technology,Computer Software: Prepackaged Software
YMT,Yimutian Inc. American Depositary Shares,$0.21,-0.0026,-1.223%,24019185.00,China,2025,577294,Technology,EDP Services
YOOV,Concorde International Group Ltd Class A Ordinary Shares,$1.68,-0.0708,-4.044%,45335586.00,Singapore,2025,30568,Consumer Discretionary,Diversified Commercial Services
YORW,York Water Company (The) Common Stock,$30.08,-0.08,-0.265%,434612324.00,United States,,258487,Utilities,Water Supply
YOU,Clear Secure Inc. Class A Common Stock,$53.03,0.98,1.883%,7070044448.00,United States,2021,1338163,Technology,Computer Software: Prepackaged Software
YOUL,Youlife Group Inc. American Depositary Shares,$1.03,-0.06,-5.505%,78330058.00,China,,82988,Real Estate,Other Consumer Services
YPF,YPF Sociedad Anonima Common Stock,$40.59,-1.28,-3.057%,15964566268.00,Argentina,1993,3030206,Energy,Integrated oil Companies
YQ,17 Education & Technology Group Inc. American Depositary Shares,$1.99,0.15,8.152%,17614903.00,China,2020,6913,Real Estate,Other Consumer Services
YRD,Yiren Digital Ltd. American Depositary Shares each representing two ordinary shares,$2.21,0.03,1.376%,190958330.00,China,2015,121812,Finance,Finance: Consumer Services
YSG,Yatsen Holding Limited American Depositary Shares each representing twenty (20) Class A Ordinary Shares,$3.29,0.07,2.174%,308760821.00,China,,111014,Consumer Discretionary,Package Goods/Cosmetics
YSS,York Space Systems Inc. Common Stock,$35.72,-2.59,-6.761%,4558201160.00,,2026,2129509,Industrials,Military/Government/Technical
YSXT,YSX Tech. Co. Ltd Class A Ordinary Shares,$1.27,0.01,0.794%,29765625.00,China,2024,157712,Consumer Discretionary,Automotive Aftermarket
YTRA,Yatra Online Inc. Ordinary Shares,$1.15,0.08,7.477%,71364113.00,India,,67639,Consumer Discretionary,Transportation Services
YUM,Yum! Brands Inc.,$162.79,3.27,2.05%,44958247437.00,United States,,1284196,Consumer Discretionary,Restaurants
YUMC,Yum China Holdings Inc. Common Stock,$48.55,0.01,0.021%,17050624691.00,United States,2016,1181221,Consumer Discretionary,Restaurants
YXT,YXT.COM GROUP HOLDING LIMITED American Depository Shares,$0.496,0.126,34.054%,29797464.00,China,2024,180292383,Technology,Computer Software: Prepackaged Software
YYAI,AiRWA Inc. Common Stock,$0.9064,-0.0436,-4.589%,38197900.00,United States,,540134,Consumer Discretionary,Recreational Games/Products/Toys
YYGH,YY Group Holding Limited Class A Ordinary Shares,$1.61,0.09,5.921%,2379136.00,Singapore,2024,350198,Consumer Discretionary,Professional Services
Z,Zillow Group Inc. Class C Capital Stock,$46.86,2.78,6.307%,10734832426.00,United States,,4523265,Real Estate,Real Estate
ZBAI,ATIF Holdings Limited Ordinary Shares,$7.09,0.10,1.431%,73121815.00,United States,2019,1879,Consumer Discretionary,Professional Services
ZBAO,Zhibao Technology Inc. Class A Ordinary Shares,$0.8799,-0.1401,-13.735%,42459218.00,China,2024,112296,Finance,Specialty Insurers
ZBH,Zimmer Biomet Holdings Inc. Common Stock,$94.78,0.00,0.00%,18346477592.00,United States,,1567116,Health Care,Industrial Specialties
ZBIO,Zenas BioPharma Inc. Common Stock,$21.82,0.06,0.276%,1251836180.00,United States,2024,317002,Health Care,Biotechnology: Pharmaceutical Preparations
ZBRA,Zebra Technologies Corporation Class A Common Stock,$234.43,1.39,0.596%,11337646193.00,United States,1991,1070128,Industrials,Industrial Machinery/Components
ZCMD,Zhongchao Inc. Class A Ordinary Shares,$2.06,-0.04,-1.905%,7940760.00,China,2020,8125,Real Estate,Other Consumer Services
ZD,Ziff Davis Inc. Common Stock,$47.55,0.92,1.973%,1799152203.00,United States,,583467,Telecommunications,Telecommunications Equipment
ZDAI,DirectBooking Technology Co. Ltd. Class A Ordinary Shares,$3.95,0.17,4.497%,31772813.00,Hong Kong,2024,2653317,Consumer Discretionary,General Bldg Contractors - Nonresidential Bldgs
ZDGE,Zedge Inc. Class B Common Stock ,$3.07,-0.07,-2.229%,40038621.00,,2016,99193,Technology,Computer Software: Prepackaged Software
ZENA,ZenaTech Inc. Common Stock,$2.11,0.00,0.00%,118815967.00,Canada,,1363434,Technology,Computer Software: Prepackaged Software
ZEO,Zeo Energy Corporation Class A Common Stock,$0.6693,0.0649,10.738%,38801822.00,United States,2021,546355,Miscellaneous,Industrial Machinery/Components
ZEOWW,Zeo Energy Corporation Warrants,$0.0409,-0.006,-12.793%,2371126.00,United States,2021,824,Miscellaneous,Industrial Machinery/Components
ZEPP,Zepp Health Corporation American depositary shares each representing sixteen Class A ordinary shares,$16.33,2.30,16.393%,234630452.00,China,,83348,Technology,Computer Manufacturing
ZETA,Zeta Global Holdings Corp. Class A Common Stock,$17.98,0.56,3.215%,4389342328.00,United States,2021,8455185,Technology,Computer Software: Prepackaged Software
ZG,Zillow Group Inc. Class A Common Stock,$47.01,2.91,6.599%,10769194886.00,United States,2011,1204284,Real Estate,Real Estate
ZGN,Ermenegildo Zegna N.V. Ordinary Shares,$12.15,0.60,5.195%,3259991408.00,,2021,636429,Consumer Discretionary,Apparel
ZH,Zhihu Inc. American Depositary Shares each representing three (3) Class A Ordinary Shares,$3.81,0.13,3.533%,333622120.00,China,,499331,Real Estate,Real Estate
ZIM,ZIM Integrated Shipping Services Ltd. Ordinary Shares,$27.01,0.06,0.223%,3253784175.00,,2021,1275735,Consumer Discretionary,Marine Transportation
ZION,Zions Bancorporation N.A. Common Stock,$62.73,1.19,1.934%,9225640628.00,United States,,1601712,Finance,Major Banks
ZIONP,Zions Bancorporation N.A. Depositary Shares (Each representing 1/40th Interest in a Share of Series A Floating-Rate Non-Cumulative Perpetual Preferred Stock),$19.3225,0.0227,0.118%,2841741448.00,United States,,7834,Finance,Major Banks
ZIP,ZipRecruiter Inc. Class A Common Stock,$2.78,0.06,2.206%,396894412.00,United States,2021,944845,Technology,Computer Software: Programming Data Processing
ZJK,ZJK Industrial Co. Ltd. Class A Ordinary Shares,$2.065,0.055,2.736%,126752279.00,China,2024,8387,Industrials,Metal Fabrications
ZJYL,JIN MEDICAL INTERNATIONAL LTD. Class A Ordinary Shares,$2.00,-0.01,-0.498%,15654710.00,China,2023,6533,Health Care,Industrial Specialties
ZKH,ZKH Group Limited American Depositary Shares each representing thirty-five (35) Class A Ordinary Shares,$3.06,-0.03,-0.971%,489029408.00,Cayman Islands,2023,283158,Consumer Discretionary,RETAIL: Building Materials
ZKIN,ZK International Group Co. Ltd Ordinary Share,$1.34,0.02,1.515%,23144893.00,China,2017,2462,Industrials,Metal Fabrications
ZKP,Lafayette Digital Acquisition Corp. I Class A Ordinary Shares,$9.9395,0.00,0.00%,0.00,United States,2026,59,Finance,Blank Checks
ZKPU,Lafayette Digital Acquisition Corp. I Unit,$9.9001,0.00,0.00%,0.00,United States,2026,49,Finance,Blank Checks
ZKPW,Lafayette Digital Acquisition Corp. I Warrant,$0.241,0.001,0.417%,0.00,United States,2026,1253,Finance,Blank Checks
ZLAB,Zai Lab Limited American Depositary Shares,$24.19,0.69,2.936%,2676399476.00,China,2017,1451715,Health Care,Biotechnology: Pharmaceutical Preparations
ZM,Zoom Communications Inc. Class A Common Stock,$88.02,1.34,1.546%,25936579306.00,United States,2019,3630164,Technology,Computer Software: Programming Data Processing
ZNB,Zeta Network Group Class A Ordinary Shares,$1.73,0.02,1.17%,2734779.00,United States,,87026,Consumer Discretionary,Engineering & Construction
ZNTL,Zentalis Pharmaceuticals Inc. Common Stock,$4.64,-0.38,-7.57%,329119914.00,United States,2020,2294439,Health Care,Biotechnology: Pharmaceutical Preparations
ZONE,CleanCore Solutions Inc. Class B Common Stock,$0.312,-0.0121,-3.733%,65693543.00,,2024,5561305,Industrials,Industrial Machinery/Components
ZOOZ,ZOOZ Strategy Ltd. Ordinary Shares,$0.336,0.019,5.994%,54439554.00,Israel,,278871,Technology,Industrial Machinery/Components
ZOOZW,ZOOZ Strategy Ltd. Warrant,$0.032,0.00,0.00%,5184719.00,Israel,,102,Technology,Industrial Machinery/Components
ZS,Zscaler Inc. Common Stock,$134.68,0.35,0.261%,21655291880.00,United States,2018,2454751,Technology,EDP Services
ZSPC,zSpace Inc. Common stock,$0.0536,-0.0335,-38.462%,2071900.00,United States,2024,130857359,Technology,Computer Software: Prepackaged Software
ZSTK,ZeroStack Corp. Common Stock,$7.51,0.60,8.683%,18255368.00,Canada,2021,21955,Health Care,Biotechnology: Pharmaceutical Preparations
ZTEK,Zentek Ltd. Common Stock,$0.491,-0.0075,-1.505%,52803886.00,Canada,,115498,Industrials,Major Chemicals
ZTG,Zenta Group Company Limited Class A Ordinary Shares,$1.85,-0.13,-6.566%,21846352.00,Macau,2025,13429,Consumer Discretionary,Professional Services
ZTO,ZTO Express (Cayman) Inc. American Depositary Shares each representing one Class A ordinary share.,$25.10,-0.20,-0.791%,20192159099.00,China,2016,1167133,Industrials,Trucking Freight/Courier Services
ZTR,Virtus Total Return Fund Inc.,$6.81,0.02,0.295%,0.00,United States,1988,160109,Finance,Investment Managers
ZTS,Zoetis Inc. Class A Common Stock,$122.38,3.34,2.806%,51477923690.00,United States,2013,6170614,Health Care,Biotechnology: Pharmaceutical Preparations
ZUMZ,Zumiez Inc. Common Stock,$24.97,0.64,2.63%,423732161.00,United States,2005,166167,Consumer Discretionary,Clothing/Shoe/Accessory Stores
ZURA,Zura Bio Limited Class A Ordinary Shares,$5.81,0.10,1.751%,551256925.00,Cayman Islands,,720548,Health Care,Biotechnology: Biological Products (No Diagnostic Substances)
ZVIA,Zevia PBC Class A Common Stock,$1.23,0.01,0.82%,92374801.00,United States,2021,459947,Consumer Staples,Beverages (Production/Distribution)
ZVRA,Zevra Therapeutics Inc. Common Stock,$10.67,0.27,2.596%,626452601.00,United States,,1215688,Health Care,Biotechnology: Pharmaceutical Preparations
ZWS,Zurn Elkay Water Solutions Corporation Common Stock,$47.75,1.24,2.666%,8000145016.00,United States,2012,3434997,Industrials,Industrial Machinery/Components
ZYBT,Zhengye Biotechnology Holding Limited Class A Ordinary Shares,$0.9905,-0.0395,-3.835%,46941158.00,China,2025,9004,Health Care,Biotechnology: Pharmaceutical Preparations
ZYME,Zymeworks Inc. Common Stock,$27.80,0.60,2.206%,2050239075.00,United States,,487253,Health Care,Biotechnology: Pharmaceutical Preparations
